A998,921.625,921.625,1642425104592850,-46.5,0.19634954084936207,30.0,30.0
A998,921.625,921.625,1642425104603204,-44.0,0.5154175447295755,30.0,30.0
A998,921.625,921.625,1642425104614240,-45.0,0.19634954084936207,30.0,30.0
A998,921.625,921.625,1642425104623052,-43.5,0.15339807878856412,30.0,30.0
A998,921.625,921.625,1642425104635174,-46.5,0.21475731030398976,30.0,30.0
A998,921.625,921.625,1642425104643695,-45.5,0.2638446955163303,30.0,30.0
A998,921.625,921.625,1642425104653533,-46.5,0.20248546400090464,30.0,30.0
A998,921.625,921.625,1642425104663702,-46.0,0.19634954084936207,30.0,30.0
A998,921.625,921.625,1642425104673645,-44.0,0.22089323345553233,30.0,30.0
A998,921.625,921.625,1642425104682080,-43.0,0.2270291566070749,30.0,30.0
A998,923.625,921.625,1642425104841140,-46.0,0.21475731030398976,30.0,30.0
A998,923.625,921.625,1642425104854151,-46.5,0.1902136176978195,30.0,30.0
A998,923.625,921.625,1642425104862598,-46.0,0.4970097752749477,30.0,30.0
A998,923.625,921.625,1642425104902485,-44.5,0.2270291566070749,30.0,30.0
A998,923.625,921.625,1642425104911206,-46.0,0.1902136176978195,30.0,30.0
A998,923.625,921.625,1642425104915552,-45.5,0.18407769454627693,30.0,30.0
A998,923.625,921.625,1642425104928663,-46.5,0.2086213871524472,30.0,30.0
A998,923.625,921.625,1642425104935596,-44.0,0.14112623248547898,30.0,30.0
A998,921.125,921.625,1642425105038889,-46.5,0.11044661672776616,25.0,25.0
A998,921.125,921.625,1642425105048357,-44.0,0.1349903093339364,25.0,25.0
A998,921.125,921.625,1642425105056221,-46.5,0.1227184630308513,25.0,25.0
A998,921.125,921.625,1642425105064622,-46.5,0.09203884727313846,25.0,25.0
A998,921.125,921.625,1642425105075613,-46.5,0.09817477042468103,25.0,25.0
A998,921.125,921.625,1642425105081822,-46.5,0.11044661672776616,25.0,25.0
A998,921.125,921.625,1642425105092565,-44.5,0.01227184630308513,25.0,25.0
A998,921.125,921.625,1642425105102091,-46.5,0.09203884727313846,25.0,25.0
A998,921.125,921.625,1642425105110230,-45.0,0.3374757733348411,25.0,25.0
A998,921.125,921.625,1642425105122704,-44.0,0.4049709280018093,25.0,25.0
A998,920.625,921.625,1642425105227621,-43.5,0.14726215563702155,27.5,27.5
A998,920.625,921.625,1642425105238352,-45.5,6.111379458936394,27.5,27.5
A998,920.625,921.625,1642425105247064,-46.0,6.277049384028044,27.5,27.5
A998,920.625,921.625,1642425105267745,-43.5,5.957981380147831,27.5,27.5
A998,920.625,921.625,1642425105275605,-46.0,0.1718058482431918,27.5,27.5
A998,920.625,921.625,1642425105280829,-46.0,0.14112623248547898,27.5,27.5
A998,920.625,921.625,1642425105295395,-44.0,0.07976700097005335,27.5,27.5
A998,920.625,921.625,1642425105306891,-46.0,0.2454369260617026,27.5,27.5
A998,924.125,921.625,1642425105414061,-46.0,0.15339807878856412,27.5,27.5
A998,924.125,921.625,1642425105419595,-46.0,0.1349903093339364,27.5,27.5
A998,924.125,921.625,1642425105435024,-46.0,0.14726215563702155,27.5,27.5
A998,924.125,921.625,1642425105448374,-46.0,0.14112623248547898,27.5,27.5
A998,924.125,921.625,1642425105456659,-46.5,0.14112623248547898,27.5,27.5
A998,924.125,921.625,1642425105466599,-46.0,0.20248546400090464,27.5,27.5
A998,924.125,921.625,1642425105479141,-42.5,0.1595340019401067,27.5,27.5
A998,924.125,921.625,1642425105491767,-46.5,0.15339807878856412,27.5,27.5
A998,924.125,921.625,1642425105502269,-46.0,0.15339807878856412,27.5,27.5
A998,921.125,921.625,1642425105591216,-46.0,0.030679615757712823,20.0,20.0
A998,921.125,921.625,1642425105598715,-48.0,0.04908738521234052,20.0,20.0
A998,921.125,921.625,1642425105612264,-48.0,6.270913460876501,20.0,20.0
A998,921.125,921.625,1642425105620193,-48.0,0.06135923151542565,20.0,20.0
A998,921.125,921.625,1642425105631098,-46.0,0.006135923151542565,20.0,20.0
A998,921.125,921.625,1642425105641341,-48.0,0.03681553890925539,20.0,20.0
A998,921.125,921.625,1642425105650821,-47.5,0.04295146206079795,20.0,20.0
A998,921.125,921.625,1642425105659075,-48.0,0.02454369260617026,20.0,20.0
A998,921.125,921.625,1642425105671725,-48.0,0.030679615757712823,20.0,20.0
A998,921.625,921.625,1642425105763480,-46.5,0.1043106935762236,25.0,25.0
A998,921.625,921.625,1642425105777945,-46.5,0.1043106935762236,25.0,25.0
A998,921.625,921.625,1642425105787026,-47.0,0.1043106935762236,25.0,25.0
A998,921.625,921.625,1642425105795398,-46.5,0.11044661672776616,25.0,25.0
A998,921.625,921.625,1642425105803555,-46.5,0.1227184630308513,25.0,25.0
A998,921.625,921.625,1642425105812774,-46.5,0.11044661672776616,25.0,25.0
A998,923.625,923.625,1642425106489553,-46.5,5.620505606812989,30.0,30.0
A998,923.625,923.625,1642425106497271,-46.5,5.626641529964532,30.0,30.0
A998,923.625,923.625,1642425106506901,-46.5,5.632777453116074,30.0,30.0
A998,923.625,923.625,1642425106515286,-46.5,5.632777453116074,30.0,30.0
A998,923.625,923.625,1642425106524171,-46.5,5.632777453116074,30.0,30.0
A998,923.625,923.625,1642425106536286,-46.5,5.608233760509904,30.0,30.0
A998,923.625,923.625,1642425106545868,-46.5,5.6143696836614465,30.0,30.0
A998,923.625,923.625,1642425106555318,-46.5,5.651185222570702,30.0,30.0
A998,921.125,923.625,1642425106644208,-46.0,5.589825991055276,27.5,27.5
A998,921.125,923.625,1642425106653764,-46.5,5.583690067903734,27.5,27.5
A998,921.125,923.625,1642425106662753,-46.0,5.589825991055276,27.5,27.5
A998,921.125,923.625,1642425106673075,-46.5,5.577554144752192,27.5,27.5
A998,921.125,923.625,1642425106681510,-46.5,5.583690067903734,27.5,27.5
A998,921.125,923.625,1642425106691263,-46.0,5.608233760509904,27.5,27.5
A998,921.125,923.625,1642425106699659,-46.0,5.6143696836614465,27.5,27.5
A998,921.125,923.625,1642425106707284,-46.0,5.602097837358362,27.5,27.5
A998,921.125,923.625,1642425106716801,-46.0,5.608233760509904,27.5,27.5
A998,921.125,923.625,1642425106725534,-46.0,5.589825991055276,27.5,27.5
A998,921.125,923.625,1642425106816779,-46.0,5.602097837358362,27.5,27.5
A998,921.125,923.625,1642425106827876,-46.0,5.608233760509904,27.5,27.5
A998,921.125,923.625,1642425106837393,-46.0,5.589825991055276,27.5,27.5
A998,921.125,923.625,1642425106844650,-46.0,5.6143696836614465,27.5,27.5
A998,921.125,923.625,1642425106854004,-46.0,5.595961914206819,27.5,27.5
A998,921.125,923.625,1642425106861644,-46.0,5.608233760509904,27.5,27.5
A998,921.125,923.625,1642425106872518,-46.0,5.608233760509904,27.5,27.5
A998,921.125,923.625,1642425106878265,-46.0,5.6143696836614465,27.5,27.5
A998,921.125,923.625,1642425106891484,-46.0,5.6143696836614465,27.5,27.5
A998,921.125,923.625,1642425106899415,-46.0,5.595961914206819,27.5,27.5
A998,924.125,923.625,1642425106989346,-46.5,5.589825991055276,25.0,25.0
A998,924.125,923.625,1642425106999640,-46.5,5.5714182216006485,25.0,25.0
A998,924.125,923.625,1642425107005944,-46.5,5.5714182216006485,25.0,25.0
A998,924.125,923.625,1642425107017581,-46.5,5.589825991055276,25.0,25.0
A998,924.125,923.625,1642425107025430,-46.5,5.5714182216006485,25.0,25.0
A998,924.125,923.625,1642425107035515,-46.5,5.5714182216006485,25.0,25.0
A998,924.125,923.625,1642425107045348,-46.0,5.583690067903734,25.0,25.0
A998,924.125,923.625,1642425107054352,-46.5,5.5714182216006485,25.0,25.0
A998,924.125,923.625,1642425107063000,-46.5,5.583690067903734,25.0,25.0
A998,924.125,923.625,1642425107073417,-46.5,5.602097837358362,25.0,25.0
A998,922.125,923.625,1642425107171312,-45.5,5.64504929941916,27.5,27.5
A998,922.125,923.625,1642425107179651,-46.0,5.66959299202533,27.5,27.5
A998,922.125,923.625,1642425107188861,-46.0,5.64504929941916,27.5,27.5
A998,922.125,923.625,1642425107195387,-46.0,5.651185222570702,27.5,27.5
A998,922.125,923.625,1642425107202790,-46.0,5.66959299202533,27.5,27.5
A998,922.125,923.625,1642425107212314,-46.0,5.651185222570702,27.5,27.5
A998,922.125,923.625,1642425107223644,-46.0,5.6573211457222445,27.5,27.5
A998,922.125,923.625,1642425107231749,-46.0,5.675728915176872,27.5,27.5
A998,922.125,923.625,1642425107241878,-46.0,5.688000761479957,27.5,27.5
A998,922.125,923.625,1642425107251073,-46.0,5.651185222570702,27.5,27.5
A998,922.125,923.625,1642425107258456,-46.0,5.663457068873787,27.5,27.5
A998,922.125,923.625,1642425107351880,-46.0,5.706408530934585,30.0,30.0
A998,922.125,923.625,1642425107359679,-46.0,5.706408530934585,30.0,30.0
A998,922.125,923.625,1642425107368715,-46.0,5.6941366846315,30.0,30.0
A998,922.125,923.625,1642425107377464,-46.0,5.700272607783043,30.0,30.0
A998,922.125,923.625,1642425107384517,-46.0,5.724816300389213,30.0,30.0
A998,922.125,923.625,1642425107394818,-46.0,5.706408530934585,30.0,30.0
A998,922.125,923.625,1642425107406120,-46.0,5.712544454086128,30.0,30.0
A998,922.125,923.625,1642425107415102,-46.0,5.688000761479957,30.0,30.0
A998,922.125,923.625,1642425107424908,-46.0,5.706408530934585,30.0,30.0
A998,922.125,923.625,1642425107434079,-46.0,5.724816300389213,30.0,30.0
A998,923.625,923.625,1642425107526516,-46.5,5.608233760509904,22.5,22.5
A998,923.625,923.625,1642425107534466,-46.5,5.602097837358362,22.5,22.5
A998,923.625,923.625,1642425107543734,-46.5,5.6143696836614465,22.5,22.5
A998,923.625,923.625,1642425107556952,-46.5,5.602097837358362,22.5,22.5
A998,923.625,923.625,1642425107563495,-46.5,5.595961914206819,22.5,22.5
A998,923.625,923.625,1642425107573830,-46.5,5.608233760509904,22.5,22.5
A998,923.625,923.625,1642425107583870,-46.5,5.595961914206819,22.5,22.5
A998,923.625,923.625,1642425107592523,-47.0,5.608233760509904,22.5,22.5
A998,923.625,923.625,1642425107602447,-46.5,5.6143696836614465,22.5,22.5
A998,923.625,923.625,1642425107612467,-46.5,5.620505606812989,22.5,22.5
A998,921.625,923.625,1642425107696081,-46.5,5.632777453116074,22.5,22.5
A998,921.625,923.625,1642425107704184,-46.5,5.620505606812989,22.5,22.5
A998,921.625,923.625,1642425107716746,-46.5,5.638913376267617,22.5,22.5
A998,921.125,921.125,1642425112187748,-47.0,0.1043106935762236,27.5,27.5
A998,921.125,921.125,1642425112194081,-47.0,0.1043106935762236,27.5,27.5
A998,921.125,921.125,1642425112201237,-47.0,0.12885438618239387,27.5,27.5
A998,921.125,921.125,1642425112212346,-47.0,0.1043106935762236,27.5,27.5
A998,921.125,921.125,1642425112223857,-47.0,0.1227184630308513,27.5,27.5
A998,921.125,921.125,1642425112228799,-47.0,0.14726215563702155,27.5,27.5
A998,921.125,921.125,1642425112237956,-47.0,0.1227184630308513,27.5,27.5
A998,921.125,921.125,1642425112249163,-47.0,0.16566992509164924,27.5,27.5
A998,921.125,921.125,1642425112325059,-49.0,0.030679615757712823,20.0,20.0
A998,921.125,921.125,1642425112329265,-48.5,0.04908738521234052,20.0,20.0
A998,921.125,921.125,1642425112342171,-49.0,0.04295146206079795,20.0,20.0
A998,921.125,921.125,1642425112351396,-48.5,0.05522330836388308,20.0,20.0
A998,921.125,921.125,1642425112360218,-49.0,0.07363107781851078,20.0,20.0
A998,921.125,921.125,1642425112369563,-48.5,0.03681553890925539,20.0,20.0
A998,921.125,921.125,1642425112375758,-48.5,0.06135923151542565,20.0,20.0
A998,921.125,921.125,1642425112385877,-49.0,0.04295146206079795,20.0,20.0
A998,921.125,921.125,1642425112397303,-48.5,0.05522330836388308,20.0,20.0
A998,921.125,921.125,1642425112407125,-48.5,0.11044661672776616,20.0,20.0
A998,921.125,921.125,1642425112416035,-49.0,0.05522330836388308,20.0,20.0
A998,921.125,921.125,1642425112423329,-48.5,0.04908738521234052,20.0,20.0
A998,920.625,921.125,1642425112503389,-46.5,0.2454369260617026,30.0,30.0
A998,920.625,921.125,1642425112509397,-46.5,0.23316507975861744,30.0,30.0
A998,920.625,921.125,1642425112522803,-46.5,0.2454369260617026,30.0,30.0
A998,920.625,921.125,1642425112527641,-46.5,0.25770877236478773,30.0,30.0
A998,920.625,921.125,1642425112539638,-47.0,0.25157284921324513,30.0,30.0
A998,920.625,921.125,1642425112549095,-46.5,0.23930100291016002,30.0,30.0
A998,920.625,921.125,1642425112558273,-46.5,0.25770877236478773,30.0,30.0
A998,920.625,921.125,1642425112566387,-46.5,0.2699806186678728,30.0,30.0
A998,920.625,921.125,1642425112576677,-46.5,0.25157284921324513,30.0,30.0
A998,920.625,921.125,1642425112581942,-46.5,0.23316507975861744,30.0,30.0
A998,920.625,921.125,1642425112592497,-46.5,0.25770877236478773,30.0,30.0
A998,923.125,921.125,1642425112677502,-46.5,0.22089323345553233,27.5,27.5
A998,923.125,921.125,1642425112685140,-46.5,0.23316507975861744,27.5,27.5
A998,923.125,921.125,1642425112694789,-46.5,0.21475731030398976,27.5,27.5
A998,923.125,921.125,1642425112700391,-46.5,0.2270291566070749,27.5,27.5
A998,923.125,921.125,1642425112714273,-46.5,0.23316507975861744,27.5,27.5
A998,923.125,921.125,1642425112721725,-46.5,0.23316507975861744,27.5,27.5
A998,923.125,921.125,1642425112731309,-46.5,0.25157284921324513,27.5,27.5
A998,923.125,921.125,1642425112739699,-46.5,0.25770877236478773,27.5,27.5
A998,923.125,921.125,1642425112745725,-46.5,0.23316507975861744,27.5,27.5
A998,923.125,921.125,1642425112758754,-46.5,0.25770877236478773,27.5,27.5
A998,923.125,921.125,1642425112768804,-46.5,0.25157284921324513,27.5,27.5
A998,921.125,921.125,1642425112846450,-46.5,0.22089323345553233,25.0,25.0
A998,921.125,921.125,1642425112857768,-46.5,0.2086213871524472,25.0,25.0
A998,921.125,921.125,1642425112868452,-46.5,0.23316507975861744,25.0,25.0
A998,921.125,921.125,1642425112873706,-46.5,0.25157284921324513,25.0,25.0
A998,921.125,921.125,1642425112886111,-46.5,0.25770877236478773,25.0,25.0
A998,921.125,921.125,1642425112893842,-46.5,0.23316507975861744,25.0,25.0
A998,921.125,921.125,1642425112903920,-47.0,0.2638446955163303,25.0,25.0
A998,921.125,921.125,1642425112913797,-46.5,0.25157284921324513,25.0,25.0
A998,921.125,921.125,1642425112921568,-46.5,0.2638446955163303,25.0,25.0
A998,921.125,921.125,1642425112932273,-46.5,0.25770877236478773,25.0,25.0
A998,921.125,921.125,1642425112939001,-46.5,0.2638446955163303,25.0,25.0
A998,922.125,921.125,1642425113024050,-47.0,0.25770877236478773,22.5,22.5
A998,922.125,921.125,1642425113033511,-47.0,0.2761165418194154,22.5,22.5
A998,922.125,921.125,1642425113042813,-47.0,0.2454369260617026,22.5,22.5
A998,922.125,921.125,1642425113052664,-47.0,0.25157284921324513,22.5,22.5
A998,922.125,921.125,1642425113060498,-47.0,0.23930100291016002,22.5,22.5
A998,922.125,921.125,1642425113069997,-47.0,0.2699806186678728,22.5,22.5
A998,922.125,921.125,1642425113080406,-47.0,0.25770877236478773,22.5,22.5
A998,922.125,921.125,1642425113086816,-47.0,0.25770877236478773,22.5,22.5
A998,922.125,921.125,1642425113096362,-47.0,0.25770877236478773,22.5,22.5
A998,922.125,921.125,1642425113106488,-46.5,0.2638446955163303,22.5,22.5
A998,922.125,921.125,1642425113113743,-47.0,0.25157284921324513,22.5,22.5
A998,923.625,921.125,1642425113203115,-46.0,0.37429131224409645,27.5,27.5
A998,923.625,921.125,1642425113211313,-46.0,0.380427235395639,27.5,27.5
A998,923.625,921.125,1642425113218492,-46.0,0.3865631585471816,27.5,27.5
A998,923.625,921.125,1642425113229943,-46.0,0.37429131224409645,27.5,27.5
A998,923.625,921.125,1642425113239613,-46.0,0.3988350048502667,27.5,27.5
A998,923.625,921.125,1642425113248421,-46.0,0.3988350048502667,27.5,27.5
A998,923.625,921.125,1642425113256841,-46.0,0.4111068511533518,27.5,27.5
A998,923.625,921.125,1642425113266361,-46.0,0.4172427743048944,27.5,27.5
A998,923.625,921.125,1642425113272373,-45.5,0.4111068511533518,27.5,27.5
A998,923.625,921.125,1642425113282906,-46.0,0.3865631585471816,27.5,27.5
A998,923.625,921.125,1642425113292719,-45.5,0.5092816215780329,27.5,27.5
A998,921.625,921.125,1642425113375909,-46.0,0.44178646691106466,27.5,27.5
A998,921.625,921.125,1642425113385075,-46.0,0.4540583132141498,27.5,27.5
A998,921.625,921.125,1642425113392016,-45.5,0.44178646691106466,27.5,27.5
A998,921.625,921.125,1642425113404384,-46.0,0.4724660826687775,27.5,27.5
A998,921.625,921.125,1642425113412132,-46.0,0.4663301595172349,27.5,27.5
A998,921.625,921.125,1642425113423997,-46.0,0.4663301595172349,27.5,27.5
A998,921.625,921.125,1642425113430805,-46.0,0.48473792897186263,27.5,27.5
A998,921.625,921.125,1642425113441716,-46.0,0.5031456984264903,27.5,27.5
A998,921.625,921.125,1642425113449515,-45.5,0.48473792897186263,27.5,27.5
A998,921.625,921.125,1642425113456633,-45.5,0.5092816215780329,27.5,27.5
A998,921.625,921.125,1642425113465907,-46.0,0.5092816215780329,27.5,27.5
A998,920.625,921.125,1642425113543320,-46.0,0.5767767762450011,30.0,30.0
A998,920.625,921.125,1642425113556351,-46.0,0.5951845456996288,30.0,30.0
A998,920.625,921.125,1642425113565898,-46.0,0.5951845456996288,30.0,30.0
A998,920.625,921.125,1642425113574254,-46.0,0.607456392002714,30.0,30.0
A998,920.625,921.125,1642425113580814,-46.0,0.6135923151542565,30.0,30.0
A998,920.625,921.125,1642425113591610,-46.0,0.619728238305799,30.0,30.0
A998,920.625,921.125,1642425113600363,-46.0,0.6320000846088841,30.0,30.0
A998,920.625,921.125,1642425113610683,-46.0,0.662679700366597,30.0,30.0
A998,920.625,921.125,1642425113618996,-46.0,0.6504078540635119,30.0,30.0
A998,920.625,921.125,1642425113626160,-46.0,0.6565437772150544,30.0,30.0
A998,920.625,921.125,1642425113633758,-46.0,0.6442719309119693,30.0,30.0
A998,920.625,921.125,1642425113717274,-46.0,0.6013204688511713,25.0,25.0
A998,920.625,921.125,1642425113726148,-46.0,0.5951845456996288,25.0,25.0
A998,920.625,921.125,1642425113737365,-46.0,0.5951845456996288,25.0,25.0
A998,920.625,921.125,1642425113743873,-46.0,0.607456392002714,25.0,25.0
A998,920.625,921.125,1642425113753544,-46.0,0.5951845456996288,25.0,25.0
A998,920.625,921.125,1642425113760700,-46.0,0.607456392002714,25.0,25.0
A998,920.625,921.125,1642425113773682,-46.0,0.6135923151542565,25.0,25.0
A998,920.625,921.125,1642425113777657,-46.0,0.607456392002714,25.0,25.0
A998,920.625,921.125,1642425113790879,-46.0,0.619728238305799,25.0,25.0
A998,920.625,921.125,1642425113799980,-46.0,0.619728238305799,25.0,25.0
A998,920.625,921.125,1642425113805764,-46.0,0.6442719309119693,25.0,25.0
A998,922.125,921.125,1642425113895707,-46.0,0.7424467013366504,27.5,27.5
A998,922.125,921.125,1642425113902856,-46.0,0.7424467013366504,27.5,27.5
A998,922.125,921.125,1642425113914264,-46.0,0.7731263170943632,27.5,27.5
A998,922.125,921.125,1642425113923255,-46.0,0.7301748550335652,27.5,27.5
A998,922.125,921.125,1642425113932976,-46.0,0.7792622402459057,27.5,27.5
A998,922.125,921.125,1642425113940577,-46.0,0.7792622402459057,27.5,27.5
A998,922.125,921.125,1642425113951696,-46.0,0.760854470791278,27.5,27.5
A998,922.125,921.125,1642425113960391,-46.0,0.7792622402459057,27.5,27.5
A998,922.125,921.125,1642425113968729,-46.0,0.7853981633974483,27.5,27.5
A998,922.125,921.125,1642425113979331,-46.0,0.7792622402459057,27.5,27.5
A998,922.125,921.125,1642425113987198,-46.0,0.7915340865489908,27.5,27.5
A998,920.625,921.125,1642425114062553,-46.5,0.7731263170943632,25.0,25.0
A998,920.625,921.125,1642425114070442,-46.5,0.7853981633974483,25.0,25.0
A998,920.625,920.625,1642425114089221,-45.5,1.000155473701438,25.0,25.0
A998,920.625,920.625,1642425114097589,-45.5,0.9940195505498954,25.0,25.0
A998,920.625,920.625,1642425114103863,-45.5,1.012427320004523,25.0,25.0
A998,920.625,920.625,1642425114114060,-46.0,0.9940195505498954,25.0,25.0
A998,920.625,920.625,1642425114123281,-46.0,1.000155473701438,25.0,25.0
A998,920.625,920.625,1642425114132539,-45.5,1.0062913968529805,25.0,25.0
A998,920.625,920.625,1642425114139023,-46.0,1.012427320004523,25.0,25.0
A998,920.625,920.625,1642425114152064,-45.5,1.012427320004523,25.0,25.0
A998,920.625,920.625,1642425114160439,-45.5,1.0246991663076084,25.0,25.0
A998,921.625,920.625,1642425114240180,-45.5,1.1167380135807468,30.0,30.0
A998,921.625,920.625,1642425114248379,-45.5,1.1228739367322893,30.0,30.0
A998,921.625,920.625,1642425114255980,-45.5,1.1290098598838318,30.0,30.0
A998,921.625,920.625,1642425114266363,-45.5,1.1535535524900022,30.0,30.0
A998,921.625,920.625,1642425114274828,-45.5,1.141281706186917,30.0,30.0
A998,921.625,920.625,1642425114281617,-45.5,1.141281706186917,30.0,30.0
A998,921.625,920.625,1642425114294135,-45.5,1.1658253987930873,30.0,30.0
A998,921.625,920.625,1642425114303684,-45.5,1.141281706186917,30.0,30.0
A998,921.625,920.625,1642425114311346,-45.5,1.1596894756415448,30.0,30.0
A998,921.625,920.625,1642425114321475,-45.5,1.1658253987930873,30.0,30.0
A998,921.625,920.625,1642425114328270,-45.5,1.1719613219446299,30.0,30.0
A998,924.125,920.625,1642425114417059,-45.5,1.1351457830353744,27.5,27.5
A998,924.125,920.625,1642425114424993,-45.0,1.141281706186917,27.5,27.5
A998,924.125,920.625,1642425114437027,-45.5,1.1474176293384597,27.5,27.5
A998,924.125,920.625,1642425114442527,-45.5,1.1474176293384597,27.5,27.5
A998,924.125,920.625,1642425114455718,-45.5,1.1596894756415448,27.5,27.5
A998,924.125,920.625,1642425114462319,-45.5,1.1596894756415448,27.5,27.5
A998,924.125,920.625,1642425114472380,-45.0,1.1780972450961724,27.5,27.5
A998,924.125,920.625,1642425114478436,-45.5,1.1719613219446299,27.5,27.5
A998,924.125,920.625,1642425114490041,-45.5,1.1719613219446299,27.5,27.5
A998,924.125,920.625,1642425114497808,-45.5,1.1658253987930873,27.5,27.5
A998,924.125,920.625,1642425114508640,-45.0,1.1780972450961724,27.5,27.5
A998,920.625,920.625,1642425114592597,-46.5,1.0799224746714913,20.0,20.0
A998,920.625,920.625,1642425114603725,-46.5,1.0615147052168636,20.0,20.0
A998,920.625,920.625,1642425114610572,-46.5,1.086058397823034,20.0,20.0
A998,920.625,920.625,1642425114618935,-47.0,1.055378782065321,20.0,20.0
A998,920.625,920.625,1642425114630743,-46.5,1.055378782065321,20.0,20.0
A998,920.625,920.625,1642425114637539,-47.0,1.0799224746714913,20.0,20.0
A998,920.625,920.625,1642425114648636,-47.0,1.086058397823034,20.0,20.0
A998,920.625,920.625,1642425114656830,-46.5,1.0737865515199487,20.0,20.0
A998,920.625,920.625,1642425114665801,-46.5,1.0615147052168636,20.0,20.0
A998,920.625,920.625,1642425114676100,-46.5,1.086058397823034,20.0,20.0
A998,920.625,920.625,1642425114683168,-47.0,1.1044661672776617,20.0,20.0
A998,921.125,920.625,1642425114773226,-45.5,1.184233168247715,25.0,25.0
A998,921.125,920.625,1642425114782549,-45.5,1.1719613219446299,25.0,25.0
A998,921.125,920.625,1642425114792147,-45.5,1.1780972450961724,25.0,25.0
A998,921.125,920.625,1642425114801025,-45.5,1.184233168247715,25.0,25.0
A998,921.125,920.625,1642425114809977,-45.5,1.1780972450961724,25.0,25.0
A998,921.125,920.625,1642425114816559,-45.5,1.184233168247715,25.0,25.0
A998,921.125,920.625,1642425114828823,-45.5,1.1780972450961724,25.0,25.0
A998,921.125,920.625,1642425114835897,-45.5,1.1965050145508,25.0,25.0
A998,921.125,920.625,1642425114844604,-45.5,1.184233168247715,25.0,25.0
A998,921.125,920.625,1642425114855554,-45.5,1.2026409377023426,25.0,25.0
A998,921.125,920.625,1642425114865860,-45.5,1.1903690913992575,25.0,25.0
A998,921.125,920.625,1642425114869759,-45.5,1.1780972450961724,25.0,25.0
A998,922.625,920.625,1642425114947441,-45.5,1.282407938672396,30.0,30.0
A998,922.625,920.625,1642425114958904,-46.0,1.2701360923693108,30.0,30.0
A998,922.625,920.625,1642425114968602,-45.5,1.282407938672396,30.0,30.0
A998,922.625,920.625,1642425114977641,-45.5,1.282407938672396,30.0,30.0
A998,922.625,920.625,1642425114987215,-45.5,1.282407938672396,30.0,30.0
A998,922.625,920.625,1642425114996497,-45.5,1.2762720155208536,30.0,30.0
A998,922.625,920.625,1642425115003872,-45.5,1.2885438618239387,30.0,30.0
A998,922.625,920.625,1642425115013753,-45.5,1.2946797849754812,30.0,30.0
A998,922.625,920.625,1642425115024706,-45.5,1.3192234775816514,30.0,30.0
A998,922.625,920.625,1642425115033910,-45.5,1.3008157081270237,30.0,30.0
A998,922.625,920.625,1642425115044309,-45.5,1.2946797849754812,30.0,30.0
A998,922.125,920.625,1642425115118701,-45.5,1.2946797849754812,27.5,27.5
A998,922.125,920.625,1642425115130370,-45.5,1.3069516312785663,27.5,27.5
A998,922.125,920.625,1642425115139520,-45.0,1.3008157081270237,27.5,27.5
A998,922.125,920.625,1642425115149237,-45.5,1.3192234775816514,27.5,27.5
A998,922.125,920.625,1642425115158961,-45.5,1.3314953238847365,27.5,27.5
A998,922.125,920.625,1642425115167073,-45.5,1.325359400733194,27.5,27.5
A998,922.125,920.625,1642425115174948,-45.5,1.3008157081270237,27.5,27.5
A998,922.125,920.625,1642425115183925,-45.5,1.3314953238847365,27.5,27.5
A998,922.125,920.625,1642425115195738,-45.5,1.3437671701878218,27.5,27.5
A998,922.125,920.625,1642425115203305,-45.5,1.337631247036279,27.5,27.5
A998,922.125,920.625,1642425115211600,-45.5,1.3192234775816514,27.5,27.5
A998,922.125,920.625,1642425115222218,-45.5,1.3314953238847365,27.5,27.5
A998,924.125,920.625,1642425115298556,-46.0,1.2640001692177683,22.5,22.5
A998,924.125,920.625,1642425115307574,-46.0,1.2701360923693108,22.5,22.5
A998,924.125,920.625,1642425115315448,-46.0,1.2578642460662257,22.5,22.5
A998,924.125,920.625,1642425115328042,-44.0,1.2946797849754812,22.5,22.5
A998,924.125,920.625,1642425115335526,-44.0,1.3499030933393643,22.5,22.5
A998,924.125,920.625,1642425115346429,-43.5,1.2640001692177683,22.5,22.5
A998,924.125,920.625,1642425115355194,-46.0,1.2701360923693108,22.5,22.5
A998,924.125,920.625,1642425115367897,-46.0,1.2946797849754812,22.5,22.5
A998,924.125,920.625,1642425115374898,-44.5,1.3008157081270237,22.5,22.5
A998,924.125,920.625,1642425115387191,-45.0,1.0799224746714913,22.5,22.5
A998,924.125,920.625,1642425115391515,-46.0,1.3008157081270237,22.5,22.5
A998,922.625,920.625,1642425115477391,-45.5,1.3560390164909069,25.0,25.0
A998,922.625,920.625,1642425115488588,-44.5,1.380582709097077,25.0,25.0
A998,922.625,920.625,1642425115497595,-44.0,1.2701360923693108,25.0,25.0
A998,922.625,920.625,1642425115507608,-46.0,1.3867186322486196,25.0,25.0
A998,922.625,920.625,1642425115515375,-46.0,1.368310862793992,25.0,25.0
A998,922.625,920.625,1642425115527836,-43.5,1.4173982480063325,25.0,25.0
A998,922.625,920.625,1642425115537965,-46.0,1.3989904785517047,25.0,25.0
A998,922.625,920.625,1642425115546158,-43.0,1.533980787885641,25.0,25.0
A998,922.625,920.625,1642425115555754,-45.0,1.6505633277649499,25.0,25.0
A998,922.625,920.625,1642425115566494,-46.0,1.4173982480063325,25.0,25.0
A998,924.125,920.625,1642425115656205,-44.0,1.533980787885641,30.0,30.0
A998,924.125,920.625,1642425115664931,-46.5,1.5401167110371838,30.0,30.0
A998,924.125,920.625,1642425115676582,-46.5,1.552388557340269,30.0,30.0
A998,924.125,920.625,1642425115702314,-43.0,1.6014759425526093,30.0,30.0
A998,924.125,920.625,1642425115714542,-46.5,1.552388557340269,30.0,30.0
A998,924.125,920.625,1642425115723905,-44.5,1.576932249946439,30.0,30.0
A998,924.125,920.625,1642425115731461,-45.0,1.5585244804918115,30.0,30.0
A998,924.125,920.625,1642425115738377,-44.5,1.5155730184310134,30.0,30.0
A998,921.125,920.625,1642425115833594,-47.0,1.4542137869155878,22.5,22.5
A998,921.125,920.625,1642425115843090,-47.0,1.4480778637640452,22.5,22.5
A998,921.125,920.625,1642425115856502,-45.5,1.4603497100671303,22.5,22.5
A998,921.125,920.625,1642425115864883,-46.5,1.4848934026733007,22.5,22.5
A998,921.125,920.625,1642425115876143,-46.5,1.4296700943094176,22.5,22.5
A998,921.125,920.625,1642425115887804,-46.5,1.4726215563702154,22.5,22.5
A998,921.125,920.625,1642425115892955,-47.0,1.4542137869155878,22.5,22.5
A998,921.125,920.625,1642425115904780,-46.5,1.4910293258248433,22.5,22.5
A998,924.125,924.125,1642425115990924,-46.0,0.018407769454627694,30.0,30.0
A998,924.125,924.125,1642425116002578,-46.5,0.006135923151542565,30.0,30.0
A998,924.125,924.125,1642425116012494,-46.5,0.01227184630308513,30.0,30.0
A998,924.125,924.125,1642425116018811,-46.0,0.018407769454627694,30.0,30.0
A998,924.125,924.125,1642425116028446,-46.0,0.03681553890925539,30.0,30.0
A998,924.125,924.125,1642425116040495,-46.0,0.030679615757712823,30.0,30.0
A998,924.125,924.125,1642425116049533,-46.0,0.04908738521234052,30.0,30.0
A998,924.125,924.125,1642425116058246,-46.0,0.04295146206079795,30.0,30.0
A998,924.125,924.125,1642425116067131,-46.0,0.05522330836388308,30.0,30.0
A998,924.125,924.125,1642425116073069,-46.0,0.04295146206079795,30.0,30.0
A998,924.125,924.125,1642425116083432,-46.0,0.06135923151542565,30.0,30.0
A998,923.625,924.125,1642425116171439,-46.0,0.05522330836388308,27.5,27.5
A998,923.625,924.125,1642425116181022,-46.0,0.06135923151542565,27.5,27.5
A998,923.625,924.125,1642425116186645,-46.0,0.07363107781851078,27.5,27.5
A998,923.625,924.125,1642425116196239,-45.5,0.07976700097005335,27.5,27.5
A998,923.625,924.125,1642425116206648,-46.0,0.1043106935762236,27.5,27.5
A998,923.625,924.125,1642425116218770,-45.5,0.0859029241215959,27.5,27.5
A998,923.625,924.125,1642425116225616,-45.5,0.09203884727313846,27.5,27.5
A998,923.625,924.125,1642425116233403,-45.5,0.09203884727313846,27.5,27.5
A998,923.625,924.125,1642425116240836,-46.0,0.09203884727313846,27.5,27.5
A998,923.625,924.125,1642425116251185,-46.0,0.11044661672776616,27.5,27.5
A998,923.625,924.125,1642425116260290,-45.5,0.09817477042468103,27.5,27.5
A998,920.625,924.125,1642425116341393,-47.5,6.240233845118788,20.0,20.0
A998,920.625,924.125,1642425116351212,-47.5,6.240233845118788,20.0,20.0
A998,920.625,924.125,1642425116359105,-47.5,6.2463697682703305,20.0,20.0
A998,920.625,924.125,1642425116367712,-47.5,6.240233845118788,20.0,20.0
A998,920.625,924.125,1642425116378923,-47.5,6.227961998815704,20.0,20.0
A998,920.625,924.125,1642425116384926,-47.5,6.227961998815704,20.0,20.0
A998,920.625,924.125,1642425116395441,-48.0,6.264777537724958,20.0,20.0
A998,920.625,924.125,1642425116405505,-47.5,6.22182607566416,20.0,20.0
A998,920.625,924.125,1642425116411417,-47.5,6.258641614573416,20.0,20.0
A998,920.625,924.125,1642425116423764,-47.5,6.234097921967246,20.0,20.0
A998,920.625,924.125,1642425116429196,-47.5,6.22182607566416,20.0,20.0
A998,924.125,924.125,1642425116520336,-46.5,0.04295146206079795,25.0,25.0
A998,924.125,924.125,1642425116533314,-46.5,0.05522330836388308,25.0,25.0
A998,924.125,924.125,1642425116542744,-46.5,0.02454369260617026,25.0,25.0
A998,924.125,924.125,1642425116552314,-46.5,0.030679615757712823,25.0,25.0
A998,924.125,924.125,1642425116561071,-46.5,0.02454369260617026,25.0,25.0
A998,924.125,924.125,1642425116567544,-46.5,0.03681553890925539,25.0,25.0
A998,924.125,924.125,1642425116576471,-46.5,0.03681553890925539,25.0,25.0
A998,924.125,924.125,1642425116586075,-46.5,0.04295146206079795,25.0,25.0
A998,924.125,924.125,1642425116593173,-46.5,0.030679615757712823,25.0,25.0
A998,924.125,924.125,1642425116605585,-46.5,0.030679615757712823,25.0,25.0
A998,920.625,924.125,1642425116695003,-47.0,0.01227184630308513,22.5,22.5
A998,920.625,924.125,1642425116703901,-47.0,6.258641614573416,22.5,22.5
A998,920.625,924.125,1642425116714858,-47.0,6.270913460876501,22.5,22.5
A998,920.625,924.125,1642425116720490,-47.0,0.006135923151542565,22.5,22.5
A998,920.625,924.125,1642425116729460,-47.0,0.006135923151542565,22.5,22.5
A998,920.625,924.125,1642425116742518,-47.0,6.277049384028044,22.5,22.5
A998,920.625,924.125,1642425116751289,-47.0,0.01227184630308513,22.5,22.5
A998,920.625,924.125,1642425116757200,-47.0,6.270913460876501,22.5,22.5
A998,920.625,924.125,1642425116767354,-47.0,6.277049384028044,22.5,22.5
A998,920.625,924.125,1642425116778250,-47.0,6.270913460876501,22.5,22.5
A998,924.125,924.125,1642425116858004,-46.0,0.0859029241215959,27.5,27.5
A998,924.125,924.125,1642425116863929,-46.0,0.07363107781851078,27.5,27.5
A998,924.125,924.125,1642425116875344,-46.0,0.07976700097005335,27.5,27.5
A998,924.125,924.125,1642425116882170,-46.0,0.07976700097005335,27.5,27.5
A998,924.125,924.125,1642425116890694,-46.0,0.07976700097005335,27.5,27.5
A998,924.125,924.125,1642425116902032,-46.0,0.0674951546669682,27.5,27.5
A998,924.125,924.125,1642425116909476,-46.0,0.0859029241215959,27.5,27.5
A998,924.125,924.125,1642425116920669,-46.0,0.05522330836388308,27.5,27.5
A998,924.125,924.125,1642425116930877,-46.0,0.07363107781851078,27.5,27.5
A998,924.125,924.125,1642425116940469,-46.0,0.05522330836388308,27.5,27.5
A998,924.125,924.125,1642425116948551,-46.0,0.05522330836388308,27.5,27.5
A998,920.625,924.125,1642425117031939,-46.0,0.03681553890925539,27.5,27.5
A998,920.625,924.125,1642425117042932,-46.0,0.04295146206079795,27.5,27.5
A998,920.625,924.125,1642425117052824,-46.0,0.02454369260617026,27.5,27.5
A998,920.625,924.125,1642425117060335,-46.0,0.01227184630308513,27.5,27.5
A998,920.625,924.125,1642425117071191,-46.0,0.02454369260617026,27.5,27.5
A998,920.625,924.125,1642425117078816,-46.0,0.02454369260617026,27.5,27.5
A998,920.625,924.125,1642425117089817,-46.0,0.006135923151542565,27.5,27.5
A998,920.625,924.125,1642425117099535,-46.0,0.02454369260617026,27.5,27.5
A998,920.625,924.125,1642425117105507,-46.0,0.02454369260617026,27.5,27.5
A998,920.625,924.125,1642425117113518,-46.0,0.02454369260617026,27.5,27.5
A998,921.125,924.125,1642425117196860,-47.5,6.160466844148735,20.0,20.0
A998,921.125,924.125,1642425117203693,-47.5,6.14819499784565,20.0,20.0
A998,921.125,924.125,1642425117213987,-47.5,6.14819499784565,20.0,20.0
A998,921.125,924.125,1642425117225032,-47.0,6.12365130523948,20.0,20.0
A998,921.125,924.125,1642425117232655,-47.0,6.1420590746941075,20.0,20.0
A998,921.125,924.125,1642425117242803,-47.5,6.17273869045182,20.0,20.0
A998,921.125,924.125,1642425117251156,-47.0,6.1420590746941075,20.0,20.0
A998,921.125,924.125,1642425117259327,-47.0,6.154330920997192,20.0,20.0
A998,921.125,924.125,1642425117268875,-47.0,6.154330920997192,20.0,20.0
A998,921.125,924.125,1642425117280586,-47.5,6.1850105367549055,20.0,20.0
A998,921.125,924.125,1642425117287842,-47.5,6.14819499784565,20.0,20.0
A998,921.125,924.125,1642425117295489,-47.5,6.154330920997192,20.0,20.0
A998,922.125,924.125,1642425117375912,-46.0,6.215690152512618,25.0,25.0
A998,922.125,924.125,1642425117388188,-46.0,6.209554229361076,25.0,25.0
A998,922.125,924.125,1642425117396959,-46.0,6.215690152512618,25.0,25.0
A998,922.125,924.125,1642425117403917,-46.0,6.227961998815704,25.0,25.0
A998,922.125,924.125,1642425117416433,-46.5,6.22182607566416,25.0,25.0
A998,922.125,924.125,1642425117422111,-46.5,6.234097921967246,25.0,25.0
A998,922.125,924.125,1642425117429501,-46.5,6.2034183062095325,25.0,25.0
A998,922.125,924.125,1642425117438490,-46.5,6.227961998815704,25.0,25.0
A998,922.125,924.125,1642425117451712,-46.5,6.215690152512618,25.0,25.0
A998,922.125,924.125,1642425117457674,-46.5,6.215690152512618,25.0,25.0
A998,922.125,924.125,1642425117467221,-46.5,6.22182607566416,25.0,25.0
A998,922.125,924.125,1642425117554692,-46.0,6.2463697682703305,27.5,27.5
A998,922.125,924.125,1642425117565044,-46.0,6.252505691421874,27.5,27.5
A998,922.125,924.125,1642425117573256,-46.0,6.240233845118788,27.5,27.5
A998,922.125,924.125,1642425117581174,-46.0,6.270913460876501,27.5,27.5
A998,922.125,924.125,1642425117589520,-46.0,6.277049384028044,27.5,27.5
A998,922.125,924.125,1642425117599358,-46.0,6.277049384028044,27.5,27.5
A998,922.125,924.125,1642425117608353,-46.0,6.258641614573416,27.5,27.5
A998,922.125,924.125,1642425117618416,-46.0,6.2463697682703305,27.5,27.5
A998,922.125,924.125,1642425117627636,-46.0,0.0,27.5,27.5
A998,922.125,924.125,1642425117635718,-46.0,6.264777537724958,27.5,27.5
A998,924.125,924.125,1642425117718503,-46.0,6.17273869045182,25.0,25.0
A998,924.125,924.125,1642425117728877,-46.0,6.160466844148735,25.0,25.0
A998,924.125,924.125,1642425117737880,-46.0,6.166602767300278,25.0,25.0
A998,924.125,924.125,1642425117744930,-46.0,6.1850105367549055,25.0,25.0
A998,924.125,924.125,1642425117753629,-46.0,6.154330920997192,25.0,25.0
A998,924.125,924.125,1642425117763361,-46.0,6.14819499784565,25.0,25.0
A998,924.125,924.125,1642425117773397,-46.0,6.135923151542564,25.0,25.0
A998,924.125,924.125,1642425117782398,-46.0,6.154330920997192,25.0,25.0
A998,924.125,924.125,1642425117787670,-46.0,6.129787228391022,25.0,25.0
A998,924.125,924.125,1642425117800660,-46.0,6.12365130523948,25.0,25.0
A998,924.125,924.125,1642425117805819,-46.0,6.12365130523948,25.0,25.0
A998,921.125,921.125,1642425117899646,-43.5,0.9756117810952678,20.0,20.0
A998,921.125,921.125,1642425117913141,-45.5,1.1044661672776617,20.0,20.0
A998,921.125,921.125,1642425117923021,-45.5,1.1106020904292042,20.0,20.0
A998,921.125,921.125,1642425117933240,-45.0,0.9019807032767571,20.0,20.0
A998,921.125,921.125,1642425117937363,-47.0,1.1780972450961724,20.0,20.0
A998,921.125,921.125,1642425117956074,-47.0,1.0676506283684062,20.0,20.0
A998,921.125,921.125,1642425117964485,-44.0,1.607611865704152,20.0,20.0
A998,921.125,921.125,1642425117974499,-46.5,1.0737865515199487,20.0,20.0
A998,921.125,921.125,1642425117981324,-46.5,0.6810874698212247,20.0,20.0
A998,923.125,921.125,1642425118070091,-46.0,0.7976700097005334,20.0,20.0
A998,923.125,921.125,1642425118095842,-47.0,1.0676506283684062,20.0,20.0
A998,923.125,921.125,1642425118111965,-46.0,1.0369710126106935,20.0,20.0
A998,923.125,921.125,1642425118121126,-43.5,1.337631247036279,20.0,20.0
A998,923.125,921.125,1642425118131495,-45.0,1.0246991663076084,20.0,20.0
A998,923.125,921.125,1642425118137285,-47.0,1.043106935762236,20.0,20.0
A998,923.125,921.125,1642425118149658,-43.5,1.043106935762236,20.0,20.0
A998,922.625,921.125,1642425118244313,-44.5,0.7547185476397354,25.0,25.0
A998,922.625,921.125,1642425118252123,-45.5,1.1290098598838318,25.0,25.0
A998,922.625,921.125,1642425118265772,-45.5,1.564660403643354,25.0,25.0
A998,922.625,921.125,1642425118274993,-43.5,1.1596894756415448,25.0,25.0
A998,922.625,921.125,1642425118286403,-45.5,1.0983302441261191,25.0,25.0
A998,922.625,921.125,1642425118295379,-45.5,1.1290098598838318,25.0,25.0
A998,922.625,921.125,1642425118305564,-45.5,1.1044661672776617,25.0,25.0
A998,922.625,921.125,1642425118311981,-45.5,1.1351457830353744,25.0,25.0
A998,922.625,921.125,1642425118322709,-45.5,1.1044661672776617,25.0,25.0
A998,924.125,921.125,1642425118416420,-45.0,1.1167380135807468,27.5,27.5
A998,924.125,921.125,1642425118421733,-45.0,1.1290098598838318,27.5,27.5
A998,924.125,921.125,1642425118435329,-45.0,1.0799224746714913,27.5,27.5
A998,924.125,921.125,1642425118444588,-45.5,1.1228739367322893,27.5,27.5
A998,924.125,921.125,1642425118452537,-45.0,1.1228739367322893,27.5,27.5
A998,924.125,921.125,1642425118458229,-45.5,1.1044661672776617,27.5,27.5
A998,924.125,921.125,1642425118472303,-45.5,1.1167380135807468,27.5,27.5
A998,924.125,921.125,1642425118477113,-44.0,1.1903690913992575,27.5,27.5
A998,924.125,921.125,1642425118490619,-45.0,1.0921943209745766,27.5,27.5
A998,924.125,921.125,1642425118499965,-43.5,1.0983302441261191,27.5,27.5
A998,920.625,921.125,1642425118578762,-47.0,1.1535535524900022,20.0,20.0
A998,920.625,921.125,1642425118591005,-46.0,0.8651651643675016,20.0,20.0
A998,920.625,921.125,1642425118601928,-46.5,1.000155473701438,20.0,20.0
A998,920.625,921.125,1642425118614413,-47.0,0.8958447801252144,20.0,20.0
A998,920.625,921.125,1642425118623395,-46.5,0.9326603190344698,20.0,20.0
A998,920.625,921.125,1642425118632139,-43.5,0.8897088569736719,20.0,20.0
A998,920.625,921.125,1642425118642546,-47.0,0.9572040116406401,20.0,20.0
A998,920.625,921.125,1642425118651575,-47.0,0.9510680884890975,20.0,20.0
A998,920.625,921.125,1642425118659909,-45.0,1.2210487071569704,20.0,20.0
A998,920.625,921.125,1642425118668756,-47.0,0.9326603190344698,20.0,20.0
A998,924.125,921.125,1642425118768797,-42.5,0.9694758579437253,25.0,25.0
A998,924.125,921.125,1642425118777295,-45.0,0.9510680884890975,25.0,25.0
A998,924.125,921.125,1642425118786926,-45.5,1.41126232485479,25.0,25.0
A998,924.125,921.125,1642425118792604,-45.5,0.859029241215959,25.0,25.0
A998,924.125,921.125,1642425118802890,-45.5,0.9510680884890975,25.0,25.0
A998,924.125,921.125,1642425118816316,-43.5,0.6994952392758523,25.0,25.0
A998,924.125,921.125,1642425118821839,-46.0,0.9510680884890975,25.0,25.0
A998,924.125,921.125,1642425118834309,-44.0,1.0799224746714913,25.0,25.0
A998,924.125,921.125,1642425118843359,-44.0,0.9326603190344698,25.0,25.0
A998,922.625,921.125,1642425118935822,-44.5,0.8467573949128739,27.5,27.5
A998,922.625,921.125,1642425118947873,-45.5,0.9756117810952678,27.5,27.5
A998,922.625,921.125,1642425118956479,-45.5,0.9756117810952678,27.5,27.5
A998,922.625,921.125,1642425118975274,-45.5,0.9633399347921826,27.5,27.5
A998,922.625,921.125,1642425118984867,-43.5,1.3867186322486196,27.5,27.5
A998,922.625,921.125,1642425119000977,-45.5,0.9572040116406401,27.5,27.5
A998,922.625,921.125,1642425119010054,-44.0,0.8897088569736719,27.5,27.5
A998,922.625,921.125,1642425119022537,-45.5,0.944932165337555,27.5,27.5
A998,920.625,921.125,1642425119100457,-45.5,0.9081166264282996,27.5,27.5
A998,920.625,921.125,1642425119113192,-45.5,0.944932165337555,27.5,27.5
A998,920.625,921.125,1642425119118907,-45.5,0.9203884727313847,27.5,27.5
A998,923.625,921.125,1642425119622220,-46.5,0.760854470791278,30.0,30.0
A998,923.625,921.125,1642425119631727,-46.5,0.7976700097005334,30.0,30.0
A998,923.625,921.125,1642425119643678,-46.0,0.7669903939428205,30.0,30.0
A998,923.625,921.125,1642425119650260,-46.5,0.7792622402459057,30.0,30.0
A998,923.625,921.125,1642425119659074,-46.0,0.7669903939428205,30.0,30.0
A998,923.625,921.125,1642425119670567,-46.0,0.7547185476397354,30.0,30.0
A998,923.625,921.125,1642425119677249,-46.5,0.7731263170943632,30.0,30.0
A998,923.625,921.125,1642425119688799,-46.5,0.7669903939428205,30.0,30.0
A998,923.625,921.125,1642425119694197,-46.5,0.7731263170943632,30.0,30.0
A998,923.625,921.125,1642425119702293,-46.5,0.7485826244881929,30.0,30.0
A998,921.625,921.625,1642425119792165,-46.0,0.35588354278946877,22.5,22.5
A998,921.625,921.625,1642425119802030,-46.5,0.3620194659410113,22.5,22.5
A998,921.625,921.625,1642425119813967,-46.5,0.3620194659410113,22.5,22.5
A998,921.625,921.625,1642425119821013,-46.5,0.34974761963792617,22.5,22.5
A998,921.625,921.625,1642425119832515,-46.5,0.34974761963792617,22.5,22.5
A998,921.625,921.625,1642425119837074,-46.5,0.3620194659410113,22.5,22.5
A998,921.625,921.625,1642425119848701,-46.0,0.35588354278946877,22.5,22.5
A998,921.625,921.625,1642425119858584,-46.5,0.35588354278946877,22.5,22.5
A998,921.625,921.625,1642425119864986,-46.5,0.3436116964863836,22.5,22.5
A998,921.625,921.625,1642425119875324,-46.0,0.3436116964863836,22.5,22.5
A998,922.625,921.625,1642425119960684,-46.0,0.36815538909255385,25.0,25.0
A998,922.625,921.625,1642425119968622,-46.0,0.34974761963792617,25.0,25.0
A998,922.625,921.625,1642425119977624,-46.0,0.3436116964863836,25.0,25.0
A998,922.625,921.625,1642425119991061,-46.0,0.34974761963792617,25.0,25.0
A998,922.625,921.625,1642425119996772,-46.0,0.35588354278946877,25.0,25.0
A998,922.625,921.625,1642425120007300,-46.0,0.3374757733348411,25.0,25.0
A998,922.625,921.625,1642425120017983,-46.0,0.3313398501832985,25.0,25.0
A998,922.625,921.625,1642425120026098,-46.0,0.3374757733348411,25.0,25.0
A998,922.625,921.625,1642425120032877,-46.0,0.3313398501832985,25.0,25.0
A998,922.625,921.625,1642425120041849,-46.0,0.32520392703175593,25.0,25.0
A998,922.625,921.625,1642425120052191,-46.0,0.30679615757712825,25.0,25.0
A998,920.625,921.625,1642425120128087,-46.0,0.36815538909255385,30.0,30.0
A998,920.625,921.625,1642425120142224,-46.0,0.3436116964863836,30.0,30.0
A998,920.625,921.625,1642425120148404,-46.0,0.35588354278946877,30.0,30.0
A998,920.625,921.625,1642425120156346,-46.0,0.3436116964863836,30.0,30.0
A998,920.625,921.625,1642425120168489,-46.0,0.36815538909255385,30.0,30.0
A998,920.625,921.625,1642425120176634,-46.0,0.3436116964863836,30.0,30.0
A998,920.625,921.625,1642425120185629,-46.0,0.34974761963792617,30.0,30.0
A998,920.625,921.625,1642425120191524,-44.5,0.4295146206079795,30.0,30.0
A998,920.625,921.625,1642425120204593,-45.0,0.2454369260617026,30.0,30.0
A998,920.625,921.625,1642425120213584,-46.0,0.32520392703175593,30.0,30.0
A998,920.625,921.625,1642425120226398,-46.0,0.4663301595172349,30.0,30.0
A998,923.625,921.625,1642425120311332,-47.0,0.1718058482431918,22.5,22.5
A998,923.625,921.625,1642425120320731,-47.0,0.14112623248547898,22.5,22.5
A998,923.625,921.625,1642425120333647,-47.0,0.14112623248547898,22.5,22.5
A998,923.625,921.625,1642425120359005,-47.0,0.15339807878856412,22.5,22.5
A998,923.625,921.625,1642425120368003,-45.5,0.23316507975861744,22.5,22.5
A998,923.625,921.625,1642425120394161,-44.0,0.19634954084936207,22.5,22.5
A998,923.625,921.625,1642425120398684,-43.0,6.215690152512618,22.5,22.5
A998,921.125,921.625,1642425120488631,-43.0,6.013204688511713,22.5,22.5
A998,921.125,921.625,1642425120510142,-47.0,0.030679615757712823,22.5,22.5
A998,921.125,921.625,1642425120518556,-47.0,0.11658253987930872,22.5,22.5
A998,921.125,921.625,1642425120531151,-47.0,0.14726215563702155,22.5,22.5
A998,921.125,921.625,1642425120543988,-47.5,0.07363107781851078,22.5,22.5
A998,921.125,921.625,1642425120552756,-47.5,0.04295146206079795,22.5,22.5
A998,921.125,921.625,1642425120559874,-47.5,0.06135923151542565,22.5,22.5
A998,921.125,921.625,1642425120572475,-47.5,0.04908738521234052,22.5,22.5
A998,922.625,921.625,1642425120657739,-47.0,0.05522330836388308,25.0,25.0
A998,922.625,921.625,1642425120666468,-44.0,0.05522330836388308,25.0,25.0
A998,922.625,921.625,1642425120670592,-47.0,0.20248546400090464,25.0,25.0
A998,922.625,921.625,1642425120686003,-43.0,6.074563920027139,25.0,25.0
A998,922.625,921.625,1642425120691805,-47.0,0.030679615757712823,25.0,25.0
A998,922.625,921.625,1642425120706703,-46.0,0.030679615757712823,25.0,25.0
A998,922.625,921.625,1642425120714038,-44.0,0.03681553890925539,25.0,25.0
A998,922.625,921.625,1642425120724428,-47.5,0.04908738521234052,25.0,25.0
A998,922.625,921.625,1642425120735752,-45.0,0.04295146206079795,25.0,25.0
A998,922.625,921.625,1642425120742805,-47.0,6.227961998815704,25.0,25.0
A998,922.625,921.625,1642425120847206,-47.0,0.03681553890925539,27.5,27.5
A998,922.625,921.625,1642425120878535,-47.0,6.264777537724958,27.5,27.5
A998,922.625,921.625,1642425120896920,-47.0,0.02454369260617026,27.5,27.5
A998,922.625,921.625,1642425120905503,-47.0,0.0,27.5,27.5
A998,922.625,921.625,1642425120916360,-47.0,0.006135923151542565,27.5,27.5
A998,922.625,921.625,1642425121000981,-47.5,6.166602767300278,22.5,22.5
A998,922.625,921.625,1642425121009340,-47.5,6.1420590746941075,22.5,22.5
A998,922.625,921.625,1642425121017600,-47.5,6.160466844148735,22.5,22.5
A998,920.625,920.625,1642425121703737,-48.5,0.11658253987930872,20.0,20.0
A998,920.625,920.625,1642425121732861,-49.0,0.09817477042468103,20.0,20.0
A998,920.625,920.625,1642425121743543,-49.0,0.09817477042468103,20.0,20.0
A998,920.625,920.625,1642425121752208,-49.0,0.09817477042468103,20.0,20.0
A998,922.625,920.625,1642425121852626,-47.5,0.14112623248547898,27.5,27.5
A998,922.625,920.625,1642425121863839,-45.0,0.14726215563702155,27.5,27.5
A998,922.625,920.625,1642425121871995,-45.0,0.09203884727313846,27.5,27.5
A998,922.625,920.625,1642425121881838,-47.0,0.23930100291016002,27.5,27.5
A998,922.625,920.625,1642425121900416,-47.5,0.1227184630308513,27.5,27.5
A998,922.625,920.625,1642425121912384,-46.0,0.1227184630308513,27.5,27.5
A998,922.625,920.625,1642425121919758,-47.5,0.1349903093339364,27.5,27.5
A998,922.625,920.625,1642425121930847,-47.5,0.12885438618239387,27.5,27.5
A998,922.625,920.625,1642425121939831,-43.5,0.18407769454627693,27.5,27.5
A998,922.625,920.625,1642425121947948,-47.5,0.11658253987930872,27.5,27.5
A998,923.125,920.625,1642425122036603,-45.0,0.09203884727313846,25.0,25.0
A998,923.125,920.625,1642425122044544,-48.0,0.0,25.0,25.0
A998,923.125,920.625,1642425122056707,-48.5,0.06135923151542565,25.0,25.0
A998,923.125,920.625,1642425122075058,-48.0,0.02454369260617026,25.0,25.0
A998,923.125,920.625,1642425122085259,-48.0,0.0,25.0,25.0
A998,923.125,920.625,1642425122093439,-48.5,0.018407769454627694,25.0,25.0
A998,923.125,920.625,1642425122104975,-45.5,0.0859029241215959,25.0,25.0
A998,921.625,920.625,1642425122216946,-43.5,6.209554229361076,25.0,25.0
A998,921.625,920.625,1642425122227462,-48.0,0.25770877236478773,25.0,25.0
A998,921.625,920.625,1642425122234971,-43.5,5.71868037723767,25.0,25.0
A998,921.625,920.625,1642425122257190,-46.5,6.2463697682703305,25.0,25.0
A998,921.625,920.625,1642425122271521,-46.5,6.22182607566416,25.0,25.0
A998,921.625,920.625,1642425122280920,-45.5,0.006135923151542565,25.0,25.0
A998,921.625,920.625,1642425122289685,-48.0,6.258641614573416,25.0,25.0
A998,923.625,920.625,1642425122382794,-48.0,0.0674951546669682,30.0,30.0
A998,923.625,920.625,1642425122394216,-45.5,0.07976700097005335,30.0,30.0
A998,923.625,920.625,1642425122408474,-47.5,0.05522330836388308,30.0,30.0
A998,923.625,920.625,1642425122431775,-48.0,0.05522330836388308,30.0,30.0
A998,923.625,920.625,1642425122444299,-47.5,0.1227184630308513,30.0,30.0
A998,923.625,920.625,1642425122454631,-43.0,0.04295146206079795,30.0,30.0
A998,923.625,920.625,1642425122465164,-48.0,0.0,30.0,30.0
A998,921.625,920.625,1642425122571186,-49.5,0.5767767762450011,20.0,20.0
A998,921.625,920.625,1642425122604035,-49.5,6.068427996875596,20.0,20.0
A998,921.625,920.625,1642425122620304,-49.5,6.074563920027139,20.0,20.0
A998,921.625,920.625,1642425122629204,-47.0,6.062292073724054,20.0,20.0
A998,921.625,920.625,1642425122640358,-49.0,6.019340611663256,20.0,20.0
A998,923.625,920.625,1642425122723836,-48.0,6.086835766330224,25.0,25.0
A998,923.625,920.625,1642425122732309,-48.5,6.050020227420969,25.0,25.0
A998,923.625,920.625,1642425122742786,-48.5,6.056156150572511,25.0,25.0
A998,923.625,920.625,1642425122750622,-47.0,5.399612373357457,25.0,25.0
A998,923.625,920.625,1642425122765645,-44.0,6.068427996875596,25.0,25.0
A998,923.625,920.625,1642425122777403,-48.5,6.037748381117884,25.0,25.0
A998,923.625,920.625,1642425122806923,-46.0,6.031612457966341,25.0,25.0
A998,923.125,920.625,1642425122894751,-49.5,5.939573610693203,20.0,20.0
A998,923.125,920.625,1642425122912251,-49.5,5.945709533844745,20.0,20.0
A998,921.625,921.625,1642425124831240,-48.0,5.608233760509904,30.0,30.0
A998,922.125,921.625,1642425124946056,-50.0,5.45483568172134,20.0,20.0
A998,922.125,921.625,1642425124955597,-50.0,5.45483568172134,20.0,20.0
A998,922.125,921.625,1642425124965398,-47.0,5.473243451175968,20.0,20.0
A998,922.125,921.625,1642425124976036,-50.0,5.4671075280244255,20.0,20.0
A998,922.125,921.625,1642425124985417,-50.0,5.424156065963627,20.0,20.0
A998,922.125,921.625,1642425124995852,-50.0,5.620505606812989,20.0,20.0
A998,922.125,921.625,1642425125012758,-50.0,5.485515297479052,20.0,20.0
A998,924.125,921.625,1642425125173333,-49.0,5.460971604872882,25.0,25.0
A998,921.625,921.625,1642425125262174,-49.5,5.448699758569798,22.5,22.5
A998,921.625,921.625,1642425125297019,-45.0,5.45483568172134,22.5,22.5
A998,921.625,921.625,1642425125321487,-49.0,5.368932757599744,22.5,22.5
A998,921.625,921.625,1642425125346641,-49.0,5.424156065963627,22.5,22.5
A998,922.625,921.625,1642425125439899,-46.0,5.595961914206819,30.0,30.0
A998,922.625,921.625,1642425125474111,-48.0,5.565282298449106,30.0,30.0
A998,924.125,924.125,1642425127392994,-49.5,4.239922897715912,20.0,20.0
A998,924.125,924.125,1642425127398583,-49.5,4.23378697456437,20.0,20.0
A998,924.125,924.125,1642425127408908,-49.5,4.252194744018997,20.0,20.0
A998,924.125,924.125,1642425127418746,-49.5,4.239922897715912,20.0,20.0
A998,924.125,924.125,1642425127427143,-49.5,4.23378697456437,20.0,20.0
A998,922.625,924.125,1642425127502841,-48.5,4.264466590322082,25.0,25.0
A998,922.625,924.125,1642425127511344,-48.5,4.25833066717054,25.0,25.0
A998,922.625,924.125,1642425127521676,-48.5,4.246058820867455,25.0,25.0
A998,922.625,924.125,1642425127527440,-48.5,4.25833066717054,25.0,25.0
A998,922.625,924.125,1642425127538821,-48.5,4.264466590322082,25.0,25.0
A998,922.625,924.125,1642425127548898,-48.5,4.276738436625168,25.0,25.0
A998,922.625,924.125,1642425127557015,-48.5,4.270602513473625,25.0,25.0
A998,922.625,924.125,1642425127565495,-48.5,4.264466590322082,25.0,25.0
A998,922.625,924.125,1642425127573361,-48.5,4.25833066717054,25.0,25.0
A998,922.625,924.125,1642425127585338,-48.5,4.276738436625168,25.0,25.0
A998,922.625,924.125,1642425127592997,-48.5,4.276738436625168,25.0,25.0
A998,922.625,924.125,1642425127599545,-48.5,4.264466590322082,25.0,25.0
A998,924.125,924.125,1642425127677128,-49.5,4.215379205109742,20.0,20.0
A998,924.125,924.125,1642425127688347,-49.5,4.239922897715912,20.0,20.0
A998,924.125,924.125,1642425127694512,-50.0,4.221515128261284,20.0,20.0
A998,924.125,924.125,1642425127706175,-50.0,4.227651051412827,20.0,20.0
A998,924.125,924.125,1642425127715976,-50.0,4.227651051412827,20.0,20.0
A998,924.125,924.125,1642425127723900,-49.5,4.221515128261284,20.0,20.0
A998,924.125,924.125,1642425127733988,-50.0,4.23378697456437,20.0,20.0
A998,924.125,924.125,1642425127740897,-50.0,4.215379205109742,20.0,20.0
A998,924.125,924.125,1642425127752325,-49.5,4.23378697456437,20.0,20.0
A998,924.125,924.125,1642425127761306,-49.5,4.227651051412827,20.0,20.0
A998,924.125,924.125,1642425127770144,-50.0,4.252194744018997,20.0,20.0
A998,921.625,924.125,1642425127848334,-49.5,4.239922897715912,20.0,20.0
A998,921.625,924.125,1642425127857322,-49.5,4.227651051412827,20.0,20.0
A998,921.625,924.125,1642425127868459,-50.0,4.227651051412827,20.0,20.0
A998,921.625,924.125,1642425127876343,-49.5,4.227651051412827,20.0,20.0
A998,921.625,924.125,1642425127886114,-49.5,4.215379205109742,20.0,20.0
A998,921.625,924.125,1642425127894878,-50.0,4.227651051412827,20.0,20.0
A998,921.625,924.125,1642425127904611,-49.5,4.239922897715912,20.0,20.0
A998,921.625,924.125,1642425127913953,-49.5,4.227651051412827,20.0,20.0
A998,921.625,924.125,1642425127923475,-49.5,4.23378697456437,20.0,20.0
A998,921.625,924.125,1642425127930257,-49.5,4.23378697456437,20.0,20.0
A998,921.625,924.125,1642425127940306,-49.5,4.227651051412827,20.0,20.0
A998,922.125,924.125,1642425128022345,-48.0,4.331961744989051,30.0,30.0
A998,922.125,924.125,1642425128031867,-48.0,4.344233591292136,30.0,30.0
A998,922.125,924.125,1642425128041939,-48.0,4.331961744989051,30.0,30.0
A998,922.125,924.125,1642425128048513,-48.0,4.344233591292136,30.0,30.0
A998,922.125,924.125,1642425128060789,-48.0,4.3503695144436785,30.0,30.0
A998,922.125,924.125,1642425128064940,-48.0,4.3503695144436785,30.0,30.0
A998,922.125,924.125,1642425128073651,-47.5,4.331961744989051,30.0,30.0
A998,922.125,924.125,1642425128084468,-48.0,4.344233591292136,30.0,30.0
A998,922.125,924.125,1642425128092808,-48.0,4.338097668140593,30.0,30.0
A998,922.125,924.125,1642425128104876,-48.0,4.338097668140593,30.0,30.0
A998,922.125,924.125,1642425128111917,-48.0,4.344233591292136,30.0,30.0
