0001,1556806193507577,5.243028987389307,-64.0,0.0,1
0003,1556806193515161,3.831766662534517,-65.0,0.0,1
0001,1556806193524532,5.1878056790254234,-61.5,0.0,1
0003,1556806193528774,3.6047375059274422,-65.5,0.0,1
0001,1556806193579254,5.028271677085317,-63.0,0.0,1
0003,1556806193584731,3.5249705049573885,-65.5,0.0,1
0001,1556806193596714,4.997592061327604,-63.0,0.0,1
0003,1556806193602884,3.6108734290789846,-64.5,0.0,1
0003,1556806193659023,3.2365821168348883,-64.5,0.0,1
0001,1556806193664657,4.703067750053561,-63.0,0.0,1
0001,1556806193676607,4.776698827872072,-63.0,0.0,1
0003,1556806193680821,3.224310270531803,-64.0,0.0,1
0001,1556806193738281,4.543533748113454,-63.5,0.0,1
0003,1556806193744380,3.107727730652494,-63.5,0.0,1
0001,1556806193756790,4.592621133325795,-63.5,0.0,1
0003,1556806193763722,2.8991063435000473,-65.5,0.0,1
0003,1556806193810098,2.800931573075366,-65.5,0.0,1
0001,1556806193817143,4.469902670294943,-64.5,0.0,1
0003,1556806193836726,2.647533494286802,-65.5,0.0,1
0001,1556806193840952,4.212193897930156,-64.0,0.0,1
0001,1556806193883368,3.9238055098076554,-64.5,0.0,1
0003,1556806193891234,2.377552875618929,-66.0,0.0,1
0003,1556806193916496,2.42664026083127,-67.0,0.0,1
0001,1556806193923947,3.9053977403530276,-65.5,0.0,1
0001,1556806193972723,4.0097084339292515,-66.0,0.0,1
0003,1556806193978757,2.254834412588078,-66.5,0.0,1
0001,1556806193993037,3.5556501207151014,-65.0,0.0,1
0003,1556806193998444,1.99712564022329,-66.0,0.0,1
0001,1556806194040370,3.3838442724719098,-66.0,0.0,1
0003,1556806194053564,1.892814946647066,-67.5,0.0,1
0001,1556806194096685,2.770251957317653,-65.5,0.0,1
0003,1556806194104503,1.7210090984038748,-67.5,0.0,1
0002,1556806194162975,5.6541358385426586,-68.5,0.0,1
0003,1556806194190512,0.9662905507641391,-68.0,0.0,1
0001,1556806194206000,2.273242182042705,-64.5,0.0,1
0003,1556806194210626,0.8742517034910007,-67.5,0.0,1
0003,1556806194264987,0.4201933902768511,-68.0,0.0,1
0001,1556806194275789,1.868271254040896,-64.0,0.0,1
0001,1556806194288796,2.1566596421633966,-65.0,0.0,1
0003,1556806194306362,0.16248461791206292,-66.5,0.0,1
0002,1556806194312774,4.86873767514521,-66.5,0.0,1
0001,1556806194359515,1.4755721723421722,-64.5,0.0,1
0003,1556806194367978,6.2002329990299465,-68.0,0.0,1
0002,1556806194377567,4.420815285082603,-68.5,0.0,1
0003,1556806194400688,5.8013979941796805,-68.0,0.0,1
0001,1556806194410899,1.3160381704020656,-64.0,0.0,1
0002,1556806194439927,3.8808540477468574,-67.5,0.0,1
0003,1556806194487132,5.795262071028137,-67.5,0.0,1
0001,1556806194493253,1.009242012824937,-63.0,0.0,1
0002,1556806194510419,3.733591892109836,-66.5,0.0,1
0001,1556806194531995,0.8067565488240325,-63.5,0.0,1
0003,1556806194536209,6.046834920241383,-66.0,0.0,1
0002,1556806194541561,3.5126986586543034,-65.5,0.0,1
0002,1556806194584862,3.365436503017282,-66.0,0.0,1
0001,1556806194590239,0.628814777429298,-63.5,0.0,1
0003,1556806194595542,5.494601836602552,-66.0,0.0,1
0002,1556806194619399,3.224310270531803,-66.0,0.0,1
0001,1556806194625396,0.628814777429298,-63.0,0.0,1
0003,1556806194632955,5.163261986419253,-66.5,0.0,1
0001,1556806194703588,0.24838754203365898,-63.5,0.0,1
0003,1556806194708128,4.991456138176062,-66.0,0.0,1
0002,1556806194712475,2.6536694174383446,-65.0,0.0,1
0002,1556806194731428,2.71502864895377,-64.5,0.0,1
0003,1556806194743747,4.942368752963722,-66.0,0.0,1
0001,1556806194748916,6.267728153696915,-63.5,0.0,1
0002,1556806194815209,2.346873259861216,-64.0,0.0,1
0001,1556806194819653,6.175689306423776,-62.5,0.0,1
0003,1556806194824076,4.525125978658827,-65.5,0.0,1
0002,1556806194837876,2.168931488466482,-64.0,0.0,1
0001,1556806194847156,6.071378612847553,-62.5,0.0,1
0003,1556806194854862,4.4330871313856886,-66.0,0.0,1
0007,1556806194865550,3.6845045068974955,-67.5,0.0,1
0007,1556806194919127,3.353164656714197,-65.5,0.0,1
0001,1556806194930409,5.690951377451914,-62.5,0.0,1
0002,1556806194937719,1.9603101013140352,-64.0,0.0,1
0003,1556806194942503,4.058795819141592,-66.5,0.0,1
0002,1556806194958995,1.9480382550109496,-64.5,0.0,1
0001,1556806194965044,5.598912530178776,-62.5,0.0,1
0007,1556806194971071,2.71502864895377,-66.0,0.0,1
0003,1556806194975279,3.6660967374428677,-66.5,0.0,1
0002,1556806195040646,1.2239993231289272,-65.0,0.0,1
0003,1556806195045173,3.2488539631379734,-66.5,0.0,1
0001,1556806195049747,5.721630993209627,-62.0,0.0,1
0007,1556806195054169,2.2425625662849926,-64.0,0.0,1
0002,1556806195075023,1.0951449369465331,-64.0,0.0,1
0001,1556806195079246,5.279844526298563,-62.0,0.0,1
0003,1556806195089657,3.2672617325926008,-65.0,0.0,1
0007,1556806195093775,1.7210090984038748,-63.5,0.0,1
0006,1556806195100820,3.9667569718684534,-68.5,0.0,1
0003,1556806195142325,2.6229898016806317,-65.5,0.0,1
0007,1556806195154763,1.7332809447069595,-64.0,0.0,1
0008,1556806195159317,0.4447370828830213,-70.5,0.0,1
0001,1556806195163813,5.1878056790254234,-62.0,0.0,1
0002,1556806195169701,0.9294750118548842,-63.5,0.0,1
0006,1556806195174940,3.015688883379356,-68.0,0.0,1
0002,1556806195186211,1.0337857054311073,-64.0,0.0,1
0003,1556806195191991,2.5002713386497804,-65.0,0.0,1
0001,1556806195196732,5.0221357539337745,-62.0,0.0,1
0007,1556806195205867,1.2730867083412676,-63.5,0.0,1
0006,1556806195210397,2.745708264711483,-68.0,0.0,1
0006,1556806195252673,2.3161936441035036,-67.0,0.0,1
0001,1556806195258155,4.973048368721434,-61.0,0.0,1
0002,1556806195263911,0.43246523657993574,-64.0,0.0,1
0003,1556806195276323,1.7394168678585027,-64.5,0.0,1
0007,1556806195281210,0.7699410099147768,-64.0,0.0,1
0005,1556806195285497,4.083339511747762,-67.5,0.0,1
0001,1556806195298084,4.8932813677513805,-61.5,0.0,1
0006,1556806195308530,2.125980026405684,-67.0,0.0,1
0007,1556806195314128,0.6349507005808404,-63.5,0.0,1
0002,1556806195318440,0.4508730060345636,-65.0,0.0,1
0008,1556806195322675,6.23091261478766,-69.5,0.0,1
0003,1556806195327011,1.5676110196153106,-63.5,0.0,1
0005,1556806195338483,4.26741720629404,-66.5,0.0,1
0003,1556806195382034,1.1810478610681292,-63.5,0.0,1
0006,1556806195387772,1.641242097433821,-67.0,0.0,1
0007,1556806195397464,0.027494308578126514,-64.0,0.0,1
0005,1556806195401678,3.8685822014437723,-67.0,0.0,1
0002,1556806195411001,6.034563073938298,-64.5,0.0,1
0001,1556806195415819,4.84419398253904,-62.0,0.0,1
0008,1556806195422692,5.29825229575319,-68.5,0.0,1
0002,1556806195436307,6.175689306423776,-63.5,0.0,1
0007,1556806195441006,6.126601921211436,-64.0,0.0,1
0003,1556806195445498,0.819028395127118,-63.5,0.0,1
0005,1556806195450451,3.7397278152613787,-66.0,0.0,1
0001,1556806195461978,4.752155135265902,-62.5,0.0,1
0006,1556806195470226,1.113552706401161,-67.5,0.0,1
0006,1556806195516833,0.9969701665218524,-65.5,0.0,1
0005,1556806195526501,3.083184038046324,-65.0,0.0,1
0001,1556806195535851,4.801242520478242,-62.0,0.0,1
0007,1556806195541384,5.200077525328509,-65.0,0.0,1
0003,1556806195548591,0.40178562082222324,-62.5,0.0,1
0002,1556806195555769,5.782990224725053,-63.5,0.0,1
0007,1556806195574822,5.1878056790254234,-64.5,0.0,1
0003,1556806195579027,0.37110600506451075,-62.5,0.0,1
0002,1556806195583826,5.697087300603457,-62.0,0.0,1
0008,1556806195588707,4.291960898900209,-69.5,0.0,1
0001,1556806195599284,4.746019212114359,-63.0,0.0,1
0006,1556806195605344,0.5490477764592452,-64.5,0.0,1
0003,1556806195656716,6.083650459150638,-63.0,0.0,1
0002,1556806195660998,5.555961068117978,-62.0,0.0,1
0001,1556806195665371,4.831922136235955,-62.5,0.0,1
0007,1556806195677158,4.334912360961007,-65.0,0.0,1
0005,1556806195701869,2.353009183012759,-66.0,0.0,1
0006,1556806195713766,6.1818252295753195,-67.0,0.0,1
0001,1556806195728375,4.6846599805989335,-64.0,0.0,1
0005,1556806195738254,2.1505237190118542,-66.0,0.0,1
0002,1556806195747865,5.310524142056275,-62.0,0.0,1
0003,1556806195752216,5.543689221814892,-62.5,0.0,1
0007,1556806195757882,3.715184122655208,-65.0,0.0,1
0006,1556806195765205,6.273864076848458,-67.5,0.0,1
0010,1556806195770247,5.4639222208448395,-67.5,0.0,1
0007,1556806195819639,3.126135500107122,-65.0,0.0,1
0006,1556806195828693,5.51300960605718,-66.5,0.0,1
0002,1556806195837365,5.144854216964626,-61.5,0.0,1
0010,1556806195842014,5.690951377451914,-67.5,0.0,1
0003,1556806195847342,5.2307571410862215,-62.0,0.0,1
0009,1556806195852299,0.1870283105182331,-67.5,0.0,1
0001,1556806195856923,4.537397824961912,-65.0,0.0,1
0005,1556806195861074,1.7516887141615873,-66.0,0.0,1
0002,1556806195879638,5.285980449450105,-61.5,0.0,1
0009,1556806195884137,6.28,-68.0,0.0,1
0003,1556806195896203,5.071223139146115,-62.0,0.0,1
0006,1556806195900947,5.0834949854492,-66.5,0.0,1
0001,1556806195905279,4.678524057447391,-65.5,0.0,1
0007,1556806195910233,2.015533409677918,-64.5,0.0,1
0005,1556806195915966,1.6657857900399913,-67.0,0.0,1
0010,1556806195920549,4.555805594416539,-66.5,0.0,1
0010,1556806195972257,4.353320130415635,-68.0,0.0,1
0007,1556806195976830,1.6964654057977047,-62.5,0.0,1
0001,1556806195981469,4.543533748113454,-65.5,0.0,1
0003,1556806195986074,4.81965028993287,-61.0,0.0,1
0005,1556806195995438,1.346717786159778,-67.5,0.0,1
0002,1556806195999794,4.997592061327604,-61.5,0.0,1
0006,1556806196009773,4.463766747143401,-68.0,0.0,1
0009,1556806196022179,5.353475604117073,-68.5,0.0,1
0003,1556806196038090,4.611028902780422,-60.5,0.0,1
0002,1556806196043442,4.960776522418349,-61.0,0.0,1
0006,1556806196049459,4.028116203383879,-66.5,0.0,1
0005,1556806196054580,0.8497080108848305,-67.5,0.0,1
0007,1556806196058882,1.1258245527042456,-63.0,0.0,1
0001,1556806196063903,4.414679361931061,-65.5,0.0,1
0001,1556806196122412,4.4085434387795175,-65.5,0.0,1
0002,1556806196126559,4.776698827872072,-62.0,0.0,1
0003,1556806196131827,4.230601667384784,-60.0,0.0,1
0007,1556806196142666,0.5367759301561597,-62.5,0.0,1
0006,1556806196150163,3.8808540477468574,-67.0,0.0,1
0002,1556806196172745,4.825786213084412,-62.0,0.0,1
0001,1556806196177641,4.328776437809465,-65.5,0.0,1
0003,1556806196181766,4.230601667384784,-59.5,0.0,1
0006,1556806196191324,3.6538248911397826,-68.5,0.0,1
0007,1556806196197515,0.33429046615525504,-62.5,0.0,1
0004,1556806196202100,1.4203488639782886,-66.0,0.0,1
0006,1556806196255509,2.6659412637414297,-68.5,0.0,1
0007,1556806196272639,6.157281536969149,-62.5,0.0,1
0004,1556806196276780,1.1810478610681292,-67.0,0.0,1
0003,1556806196281290,3.844038508837602,-59.0,0.0,1
0010,1556806196287660,0.8742517034910007,-69.5,0.0,1
0002,1556806196293150,4.500582286052657,-62.0,0.0,1
0001,1556806196297895,4.439223054537231,-65.0,0.0,1
0006,1556806196310429,2.4450480302858972,-68.5,0.0,1
0003,1556806196316520,3.770407431019091,-58.5,0.0,1
0010,1556806196328054,0.27293123463982916,-69.5,0.0,1
0004,1556806196332653,1.1319604758557889,-67.0,0.0,1
0002,1556806196337785,4.451494900840316,-62.0,0.0,1
0007,1556806196342097,5.807533917331223,-62.5,0.0,1
0001,1556806196346576,4.512854132355741,-65.0,0.0,1
0002,1556806196392471,4.322640514657922,-62.0,0.0,1
0007,1556806196397322,5.543689221814892,-63.5,0.0,1
0001,1556806196404249,4.58034928702271,-64.5,0.0,1
0003,1556806196413645,3.5801938133212716,-58.0,0.0,1
0010,1556806196417871,6.028427150786755,-68.0,0.0,1
0004,1556806196422189,0.8251643182786603,-67.0,0.0,1
0006,1556806196426840,2.0891644874964284,-67.5,0.0,1
0009,1556806196432444,1.0828730906434476,-70.0,0.0,1
0006,1556806196452156,1.7210090984038748,-69.0,0.0,1
0003,1556806196456365,3.5311064281089313,-57.5,0.0,1
0002,1556806196461279,4.15083466641473,-61.5,0.0,1
0007,1556806196466230,5.052815369691487,-63.5,0.0,1
0001,1556806196471569,4.617164825931965,-65.5,0.0,1
0010,1556806196482822,5.224621217934679,-66.5,0.0,1
0009,1556806196487370,0.7024458552478086,-70.0,0.0,1
0004,1556806196492066,0.5981351616715855,-67.0,0.0,1
0002,1556806196533858,4.028116203383879,-62.5,0.0,1
0006,1556806196538402,1.3344459398566935,-69.5,0.0,1
0009,1556806196543662,0.30974677354908486,-68.5,0.0,1
0010,1556806196548631,4.84419398253904,-66.5,0.0,1
0003,1556806196553122,3.43293165768425,-56.5,0.0,1
0007,1556806196557479,4.396271592476433,-64.0,0.0,1
0001,1556806196561533,4.653980364841221,-65.0,0.0,1
0008,1556806196571913,1.4878440186452568,-69.0,0.0,1
0004,1556806196581467,0.36497008191296754,-66.0,0.0,1
0007,1556806196594236,3.9115336635045703,-64.5,0.0,1
0001,1556806196602143,4.807378443629785,-64.0,0.0,1
0006,1556806196606662,1.0767371674919053,-69.5,0.0,1
0010,1556806196611641,4.555805594416539,-65.5,0.0,1
0003,1556806196616062,3.2365821168348883,-57.0,0.0,1
0004,1556806196620888,0.04590207803275437,-66.0,0.0,1
0008,1556806196625183,1.027649782279565,-68.0,0.0,1
0009,1556806196629717,6.145009690666064,-67.5,0.0,1
0004,1556806196674159,0.23611569573057434,-66.0,0.0,1
0006,1556806196678557,0.8497080108848305,-69.5,0.0,1
0009,1556806196683750,5.960931996119787,-67.0,0.0,1
0001,1556806196689344,4.911689137206008,-64.5,0.0,1
0002,1556806196693495,3.7949511236252618,-62.5,0.0,1
0008,1556806196697981,0.7638050867632344,-67.5,0.0,1
0010,1556806196702218,4.040388049686964,-65.0,0.0,1
0003,1556806196707194,3.2304461936833455,-56.5,0.0,1
0007,1556806196714586,2.8377471119846214,-66.0,0.0,1
0010,1556806196732374,3.9176695866561126,-65.0,0.0,1
0002,1556806196736777,3.745863738412921,-62.0,0.0,1
0004,1556806196745747,5.917980534058989,-66.0,0.0,1
0008,1556806196753138,0.40792154397376557,-67.5,0.0,1
0001,1556806196758475,4.942368752963722,-64.0,0.0,1
0003,1556806196762784,3.083184038046324,-56.5,0.0,1
0009,1556806196767059,5.341203757813988,-65.0,0.0,1
0007,1556806196771912,2.353009183012759,-66.0,0.0,1
0002,1556806196813570,3.6660967374428677,-62.5,0.0,1
0007,1556806196818283,1.9787178707686621,-65.0,0.0,1
0003,1556806196822955,3.107727730652494,-56.5,0.0,1
0008,1556806196828197,6.003883458180585,-66.0,0.0,1
0004,1556806196832670,5.8443494562404785,-64.0,0.0,1
0001,1556806196843299,4.9791842918729765,-64.5,0.0,1
0009,1556806196847664,4.801242520478242,-65.5,0.0,1
0010,1556806196854658,3.113863653804037,-65.5,0.0,1
0003,1556806196870882,3.138407346410207,-56.0,0.0,1
0001,1556806196879972,5.065087215994573,-63.5,0.0,1
0007,1556806196885106,1.2976304009474378,-63.5,0.0,1
0008,1556806196890046,5.727766916361169,-67.0,0.0,1
0002,1556806196895043,3.702912276352123,-62.5,0.0,1
0009,1556806196900987,4.512854132355741,-65.5,0.0,1
0004,1556806196905209,5.519145529208722,-63.5,0.0,1
0010,1556806196916722,2.353009183012759,-65.5,0.0,1
0001,1556806196959420,5.255300833692392,-63.5,0.0,1
0003,1556806196963930,3.156815115864835,-56.0,0.0,1
0009,1556806196969767,4.396271592476433,-65.0,0.0,1
0007,1556806196974478,0.8497080108848305,-62.5,0.0,1
0010,1556806196978758,2.0462130254356303,-65.0,0.0,1
0002,1556806196985434,3.776543354170634,-62.0,0.0,1
0008,1556806196990350,5.236893064237764,-65.0,0.0,1
0004,1556806196995390,5.236893064237764,-62.0,0.0,1
0001,1556806197016633,5.457786297693296,-64.5,0.0,1
0010,1556806197020989,1.8437275614347257,-66.0,0.0,1
0008,1556806197025152,5.108038678055371,-64.5,0.0,1
0004,1556806197029876,5.1264464475099984,-63.0,0.0,1
0009,1556806197034642,3.807222969928347,-66.0,0.0,1
0002,1556806197038977,3.8808540477468574,-61.5,0.0,1
0007,1556806197043267,0.7085817783993518,-62.5,0.0,1
0003,1556806197047501,3.0034170370762707,-56.0,0.0,1
0009,1556806197091822,3.4145238882296227,-66.5,0.0,1
0002,1556806197104118,3.9483492024138256,-62.0,0.0,1
0003,1556806197108411,3.0218248065308986,-56.0,0.0,1
0004,1556806197113152,4.997592061327604,-62.5,0.0,1
0007,1556806197117421,0.039766154881212046,-62.0,0.0,1
0008,1556806197122632,4.377863823021805,-65.0,0.0,1
0010,1556806197135723,1.009242012824937,-66.5,0.0,1
0001,1556806197139884,5.850485379392021,-65.0,0.0,1
0004,1556806197153127,4.9362328298121785,-62.0,0.0,1
0003,1556806197158591,2.985009267621643,-56.0,0.0,1
0010,1556806197162901,0.4938244680953616,-66.5,0.0,1
0002,1556806197167359,4.058795819141592,-61.5,0.0,1
0001,1556806197173106,5.881164995149733,-64.0,0.0,1
0007,1556806197178158,5.942524226665159,-62.0,0.0,1
0009,1556806197182392,2.8377471119846214,-67.0,0.0,1
0008,1556806197188976,3.9790288181715385,-66.5,0.0,1
0001,1556806197238027,6.1388737675145215,-65.0,0.0,1
0004,1556806197243760,4.831922136235955,-62.5,0.0,1
0003,1556806197248528,2.9113781898031323,-56.0,0.0,1
0010,1556806197252723,5.819805763634308,-65.5,0.0,1
0009,1556806197256973,2.408232491376642,-67.0,0.0,1
0002,1556806197261312,4.187650205323986,-61.5,0.0,1
0008,1556806197265528,3.5249705049573885,-66.5,0.0,1
0007,1556806197270058,5.5682329144210625,-62.5,0.0,1
0003,1556806197283623,2.9052422666515896,-56.0,0.0,1
0008,1556806197287871,3.212038424228718,-66.5,0.0,1
0004,1556806197295087,4.746019212114359,-62.0,0.0,1
0002,1556806197305427,4.322640514657922,-61.0,0.0,1
0007,1556806197310600,5.378019296723243,-63.0,0.0,1
0009,1556806197317328,1.874407177192439,-67.0,0.0,1
0001,1556806197322104,0.24225161888211666,-65.0,0.0,1
0010,1556806197326346,5.218485294783137,-65.5,0.0,1
0010,1556806197383384,4.911689137206008,-65.5,0.0,1
0007,1556806197387956,5.015999830782232,-62.5,0.0,1
0002,1556806197392241,4.255145359990954,-61.5,0.0,1
0009,1556806197397413,1.4264847871298318,-68.0,0.0,1
0003,1556806197402651,2.8991063435000473,-56.0,0.0,1
0004,1556806197407390,4.451494900840316,-61.5,0.0,1
0008,1556806197415935,2.647533494286802,-66.5,0.0,1
0001,1556806197420166,0.5981351616715855,-65.0,0.0,1
0003,1556806197440955,2.997281113924728,-56.0,0.0,1
0008,1556806197445262,2.494135415498238,-66.0,0.0,1
0004,1556806197449551,4.4944463629011135,-61.0,0.0,1
0007,1556806197455504,4.838058059387498,-63.0,0.0,1
0001,1556806197459755,0.628814777429298,-64.5,0.0,1
0010,1556806197464490,4.236737590536326,-65.0,0.0,1
0002,1556806197468768,4.36559197671872,-61.5,0.0,1
0009,1556806197473214,0.8681157803394584,-69.0,0.0,1
0006,1556806197517404,1.7578246373131297,-69.5,0.0,1
0009,1556806197522187,0.5858633153685,-68.5,0.0,1
0003,1556806197526444,3.0218248065308986,-56.0,0.0,1
0002,1556806197531229,4.469902670294943,-61.5,0.0,1
0004,1556806197536632,4.353320130415635,-61.0,0.0,1
0010,1556806197541117,3.8256307393829743,-65.0,0.0,1
0001,1556806197545278,0.8128924719755748,-64.0,0.0,1
0008,1556806197550178,1.7087372521007893,-67.0,0.0,1
0007,1556806197555337,4.359456053567177,-64.0,0.0,1
0004,1556806197575112,4.291960898900209,-62.0,0.0,1
0002,1556806197579692,4.60489297962888,-62.0,0.0,1
0007,1556806197584249,4.273553129445581,-63.5,0.0,1
0001,1556806197588416,1.1442323221588735,-63.5,0.0,1
0003,1556806197593297,3.1629510390163773,-56.0,0.0,1
0010,1556806197597943,3.43293165768425,-65.0,0.0,1
0009,1556806197602478,6.077514535999096,-68.5,0.0,1
0008,1556806197606663,1.408077017675204,-67.5,0.0,1
0006,1556806197610941,0.9846983202187669,-68.5,0.0,1
0010,1556806197655386,2.8070674962269084,-64.5,0.0,1
0003,1556806197659669,3.2549898862895157,-55.5,0.0,1
0002,1556806197664157,4.899417290902923,-62.5,0.0,1
0001,1556806197669293,1.4264847871298318,-63.0,0.0,1
0006,1556806197674738,0.7699410099147768,-68.5,0.0,1
0005,1556806197679759,5.8873009183012766,-67.0,0.0,1
0009,1556806197683977,5.56209699126952,-69.0,0.0,1
0008,1556806197689903,1.1196886295527033,-67.0,0.0,1
0004,1556806197694192,4.083339511747762,-62.0,0.0,1
0007,1556806197698330,3.426795734532708,-64.0,0.0,1
0002,1556806197712800,4.911689137206008,-62.5,0.0,1
0009,1556806197717841,5.138718293813083,-70.0,0.0,1
0004,1556806197721983,4.003572510777708,-63.5,0.0,1
0003,1556806197726111,3.310213194653399,-55.5,0.0,1
0005,1556806197732522,5.3166600652078175,-66.0,0.0,1
0001,1556806197736621,1.4817080954937145,-63.5,0.0,1
0008,1556806197741086,0.5490477764592452,-68.0,0.0,1
0006,1556806197745928,0.6963099320962662,-67.5,0.0,1
0010,1556806197750342,2.0339411791325457,-65.0,0.0,1
0007,1556806197754532,3.126135500107122,-64.5,0.0,1
0007,1556806197797558,3.0340966528339837,-64.5,0.0,1
0004,1556806197801801,3.8379025856860594,-63.5,0.0,1
0002,1556806197806752,5.040543523388402,-63.5,0.0,1
0001,1556806197810898,1.6657857900399913,-62.5,0.0,1
0006,1556806197815367,0.40178562082222324,-67.5,0.0,1
0003,1556806197820588,3.353164656714197,-54.5,0.0,1
0008,1556806197825153,0.21157200312440416,-69.5,0.0,1
0010,1556806197831936,1.7394168678585027,-64.0,0.0,1
0005,1556806197836327,5.052815369691487,-65.5,0.0,1
0009,1556806197841543,4.574213363871167,-71.0,0.0,1
0002,1556806197863619,5.175533832722339,-62.5,0.0,1
0001,1556806197868229,1.7332809447069595,-63.0,0.0,1
0003,1556806197872917,3.420659811381165,-54.5,0.0,1
0004,1556806197878569,3.6047375059274422,-61.5,0.0,1
0010,1556806197882810,1.1687760147650437,-64.0,0.0,1
0008,1556806197887701,6.022291227635213,-69.5,0.0,1
0006,1556806197892959,0.22997977257903113,-67.0,0.0,1
0005,1556806197898653,4.801242520478242,-65.0,0.0,1
0007,1556806197902798,2.402096568225099,-64.5,0.0,1
0010,1556806197945203,0.8926594729456285,-65.0,0.0,1
0003,1556806197949613,3.518834581805846,-54.0,0.0,1
0004,1556806197953818,3.874718124595315,-63.0,0.0,1
0005,1556806197958302,4.6417085185381355,-64.5,0.0,1
0006,1556806197962916,5.997747535029042,-66.0,0.0,1
0002,1556806197984996,5.4639222208448395,-64.5,0.0,1
0001,1556806197989311,2.0278052559810034,-63.0,0.0,1
0007,1556806198001563,1.8559994077378112,-64.0,0.0,1
0001,1556806198013855,2.0707567180418005,-63.0,0.0,1
0006,1556806198019294,5.9057086877559035,-65.5,0.0,1
0005,1556806198023643,4.463766747143401,-64.0,0.0,1
0003,1556806198028830,3.5863297364728144,-53.5,0.0,1
0010,1556806198033305,0.4201933902768511,-65.0,0.0,1
0007,1556806198037953,1.7639605604646729,-65.5,0.0,1
0004,1556806198042964,3.8808540477468574,-63.5,0.0,1
0002,1556806198047485,5.605048453330318,-64.5,0.0,1
0010,1556806198090009,6.145009690666064,-66.0,0.0,1
0001,1556806198095372,2.5677664933167486,-63.5,0.0,1
0003,1556806198099557,3.6108734290789846,-53.5,0.0,1
0006,1556806198104755,5.641863992239573,-64.0,0.0,1
0004,1556806198109018,3.9728928950199958,-62.5,0.0,1
0005,1556806198114178,4.261281283142496,-64.0,0.0,1
0002,1556806198121455,5.690951377451914,-65.5,0.0,1
0007,1556806198127469,1.2730867083412676,-65.5,0.0,1
0002,1556806198146067,5.678679531148829,-65.0,0.0,1
0004,1556806198150453,3.9483492024138256,-63.0,0.0,1
0006,1556806198154649,5.51300960605718,-64.5,0.0,1
0007,1556806198159581,1.322174093553608,-65.0,0.0,1
0005,1556806198163795,4.255145359990954,-64.0,0.0,1
0003,1556806198168157,3.7090481995036657,-54.0,0.0,1
0001,1556806198174377,2.7088927258022277,-63.5,0.0,1
0010,1556806198178445,5.850485379392021,-66.0,0.0,1
0010,1556806198220864,5.598912530178776,-66.0,0.0,1
0005,1556806198225726,4.218329821081698,-64.0,0.0,1
0004,1556806198230011,3.9115336635045703,-63.5,0.0,1
0002,1556806198237851,5.838213533088935,-65.0,0.0,1
0003,1556806198242707,3.819494816231432,-54.5,0.0,1
0001,1556806198246940,3.1997665779256326,-64.0,0.0,1
0007,1556806198251152,0.6901740089447239,-65.5,0.0,1
0006,1556806198255336,5.3166600652078175,-64.0,0.0,1
0003,1556806198276792,3.874718124595315,-54.5,0.0,1
0004,1556806198284366,3.7949511236252618,-63.0,0.0,1
0007,1556806198289422,0.5367759301561597,-65.5,0.0,1
0010,1556806198293642,4.991456138176062,-66.5,0.0,1
0001,1556806198299022,3.420659811381165,-64.5,0.0,1
0005,1556806198303526,4.132426896960103,-64.0,0.0,1
0002,1556806198308847,0.1931642336697763,-67.0,0.0,1
0006,1556806198312926,5.157126063267711,-64.0,0.0,1
0007,1556806198361967,0.16248461791206292,-65.5,0.0,1
0010,1556806198366360,4.611028902780422,-66.5,0.0,1
0003,1556806198370867,4.0710676654446765,-55.0,0.0,1
0001,1556806198375819,3.819494816231432,-65.0,0.0,1
0005,1556806198382099,4.0956113580508475,-64.5,0.0,1
0002,1556806198386541,0.13180500215435043,-66.0,0.0,1
0006,1556806198392751,4.997592061327604,-63.0,0.0,1
0004,1556806198397640,4.015844357080794,-62.5,0.0,1
0003,1556806198413242,4.132426896960103,-55.0,0.0,1
0001,1556806198417988,4.249009436839412,-64.5,0.0,1
0007,1556806198422093,5.997747535029042,-64.5,0.0,1
0006,1556806198429365,4.752155135265902,-63.0,0.0,1
0002,1556806198434293,0.47541669864073377,-66.5,0.0,1
0005,1556806198438492,4.089475434899304,-64.5,0.0,1
0004,1556806198443215,3.9790288181715385,-63.0,0.0,1
0010,1556806198448087,4.034252126535422,-67.5,0.0,1
0008,1556806198453277,1.6903294826461615,-68.0,0.0,1
0008,1556806198495852,1.5614750964637683,-67.0,0.0,1
0010,1556806198500619,3.083184038046324,-69.5,0.0,1
0003,1556806198504955,4.396271592476433,-56.0,0.0,1
0006,1556806198509429,4.81965028993287,-63.5,0.0,1
0004,1556806198514142,4.0710676654446765,-62.5,0.0,1
0005,1556806198518748,4.187650205323986,-63.5,0.0,1
0007,1556806198523433,5.433242605087126,-63.5,0.0,1
0001,1556806198528817,4.568077440719625,-64.5,0.0,1
0002,1556806198532980,0.37110600506451075,-67.0,0.0,1
0004,1556806198556860,4.15083466641473,-63.0,0.0,1
0005,1556806198561739,4.414679361931061,-64.0,0.0,1
0002,1556806198566295,0.5367759301561597,-66.5,0.0,1
0003,1556806198571504,4.647844441689678,-57.0,0.0,1
0008,1556806198575927,1.4203488639782886,-67.0,0.0,1
0010,1556806198580421,2.8254752656815363,-68.5,0.0,1
0006,1556806198585179,4.746019212114359,-63.0,0.0,1
0007,1556806198589546,5.206213448480051,-62.0,0.0,1
0001,1556806198594203,4.8748735982967535,-64.5,0.0,1
0001,1556806198637379,5.0834949854492,-64.5,0.0,1
0004,1556806198642652,4.249009436839412,-62.5,0.0,1
0002,1556806198647517,0.8435720877332882,-67.5,0.0,1
0003,1556806198652784,4.850329905690582,-57.0,0.0,1
0008,1556806198657317,1.2976304009474378,-64.5,0.0,1
0010,1556806198661885,1.9787178707686621,-68.0,0.0,1
0005,1556806198666233,4.396271592476433,-64.0,0.0,1
0007,1556806198670561,4.917825060357551,-61.5,0.0,1
0006,1556806198674877,4.7276114426597315,-62.5,0.0,1
0001,1556806198700713,5.678679531148829,-65.0,0.0,1
0005,1556806198705403,4.512854132355741,-64.0,0.0,1
0007,1556806198709873,4.838058059387498,-61.0,0.0,1
0008,1556806198715902,1.1380963990073312,-65.5,0.0,1
0004,1556806198720150,4.476038593446486,-63.0,0.0,1
0006,1556806198725014,4.568077440719625,-63.0,0.0,1
0003,1556806198731264,5.120310524358455,-58.0,0.0,1
0002,1556806198736651,1.0583293980372774,-68.0,0.0,1
0010,1556806198741210,1.1687760147650437,-68.0,0.0,1
0006,1556806198784835,4.592621133325795,-64.5,0.0,1
0003,1556806198790862,5.433242605087126,-59.0,0.0,1
0002,1556806198795424,1.3160381704020656,-69.5,0.0,1
0008,1556806198805000,0.9785623970672246,-64.0,0.0,1
0005,1556806198809718,4.420815285082603,-63.0,0.0,1
0007,1556806198814794,4.322640514657922,-60.0,0.0,1
0001,1556806198819250,6.169553383272234,-65.0,0.0,1
0004,1556806198825971,4.60489297962888,-64.0,0.0,1
0010,1556806198830171,0.49996039124690395,-67.5,0.0,1
0001,1556806198843043,6.126601921211436,-64.5,0.0,1
0007,1556806198848383,4.3042327452032945,-59.5,0.0,1
0005,1556806198852977,4.273553129445581,-63.0,0.0,1
0010,1556806198857786,0.47541669864073377,-67.5,0.0,1
0003,1556806198862092,5.555961068117978,-59.0,0.0,1
0004,1556806198866324,4.568077440719625,-63.0,0.0,1
0006,1556806198870493,4.58034928702271,-64.0,0.0,1
0008,1556806198874816,0.7392613941570643,-63.0,0.0,1
0007,1556806198920062,4.261281283142496,-58.5,0.0,1
0001,1556806198924391,0.17475646421514845,-66.0,0.0,1
0005,1556806198928639,4.36559197671872,-62.5,0.0,1
0003,1556806198932886,5.868893148846649,-59.0,0.0,1
0010,1556806198937917,0.1563486947605206,-67.5,0.0,1
0004,1556806198942120,4.997592061327604,-64.0,0.0,1
0006,1556806198947792,4.383999746173348,-64.5,0.0,1
0008,1556806198951904,0.4508730060345636,-63.0,0.0,1
0003,1556806198966083,5.9486601498167015,-59.5,0.0,1
0006,1556806198973947,4.469902670294943,-64.5,0.0,1
0004,1556806198978292,5.157126063267711,-63.5,0.0,1
0007,1556806198982768,4.0710676654446765,-58.0,0.0,1
0010,1556806198988308,6.151145613817606,-67.5,0.0,1
0008,1556806198995868,0.4201933902768511,-63.0,0.0,1
0001,1556806199001236,0.5919992385200432,-66.0,0.0,1
0007,1556806199044416,3.8992618172014852,-58.5,0.0,1
0006,1556806199049998,4.488310439749571,-64.5,0.0,1
0001,1556806199056646,1.0337857054311073,-66.5,0.0,1
0004,1556806199062708,5.292116372601647,-64.0,0.0,1
0008,1556806199069915,0.13794092530589275,-63.0,0.0,1
0005,1556806199074489,4.298096822051752,-61.0,0.0,1
0003,1556806199078681,6.249320384242288,-60.0,0.0,1
0010,1556806199083119,5.6541358385426586,-67.0,0.0,1
0006,1556806199095165,4.341048284112549,-65.0,0.0,1
0008,1556806199100228,0.24225161888211666,-63.0,0.0,1
0001,1556806199105228,1.1442323221588735,-66.5,0.0,1
0007,1556806199109956,3.776543354170634,-58.0,0.0,1
0003,1556806199114205,0.11339723269972257,-60.5,0.0,1
0005,1556806199118861,4.445358977688773,-61.0,0.0,1
0004,1556806199125836,5.56209699126952,-64.0,0.0,1
0010,1556806199130722,5.353475604117073,-66.0,0.0,1
0006,1556806199174897,4.537397824961912,-65.0,0.0,1
0004,1556806199179910,5.709359146906542,-64.0,0.0,1
0003,1556806199186135,0.34042638930679736,-60.0,0.0,1
0008,1556806199190567,6.083650459150638,-63.0,0.0,1
0005,1556806199194842,4.3901356693248905,-61.0,0.0,1
0007,1556806199199308,3.659960814291325,-58.0,0.0,1
0010,1556806199203612,4.960776522418349,-66.5,0.0,1
0001,1556806199221792,2.1505237190118542,-69.5,0.0,1
0007,1556806199236190,3.6047375059274422,-57.5,0.0,1
0010,1556806199240695,4.7276114426597315,-66.5,0.0,1
0008,1556806199245627,6.01615530448367,-62.5,0.0,1
0006,1556806199249821,4.500582286052657,-65.5,0.0,1
0003,1556806199255485,0.5122322375499895,-60.0,0.0,1
0004,1556806199262197,5.997747535029042,-64.5,0.0,1
0005,1556806199267578,4.60489297962888,-61.5,0.0,1
0007,1556806199320545,3.445203503987335,-58.0,0.0,1
0004,1556806199326062,6.218640768484574,-65.0,0.0,1
0006,1556806199330914,4.242873513687869,-64.5,0.0,1
0008,1556806199336360,5.697087300603457,-63.0,0.0,1
0005,1556806199341201,4.611028902780422,-61.5,0.0,1
0003,1556806199345463,0.7883487793694046,-61.0,0.0,1
0010,1556806199351162,4.07720358859622,-67.5,0.0,1
0001,1556806199358067,3.5433782744120164,-67.0,0.0,1
0003,1556806199375953,0.9540187044610544,-61.0,0.0,1
0006,1556806199380484,4.206057974778613,-65.5,0.0,1
0007,1556806199385302,3.3838442724719098,-58.0,0.0,1
0004,1556806199389436,0.01522246227504187,-65.0,0.0,1
0008,1556806199394442,5.457786297693296,-63.0,0.0,1
0010,1556806199398623,3.6967763532005806,-65.5,0.0,1
0005,1556806199403114,4.746019212114359,-62.5,0.0,1
0001,1556806199407826,4.058795819141592,-67.0,0.0,1
0003,1556806199459765,1.2117274768258417,-61.5,0.0,1
0007,1556806199466349,3.3163491178049416,-58.0,0.0,1
0005,1556806199470653,4.948504676115264,-62.5,0.0,1
0006,1556806199475252,4.083339511747762,-64.5,0.0,1
0008,1556806199479733,5.120310524358455,-63.5,0.0,1
0001,1556806199486221,4.543533748113454,-66.0,0.0,1
0004,1556806199491320,0.20543607997286095,-65.0,0.0,1
0004,1556806199503358,0.21157200312440416,-65.0,0.0,1
0008,1556806199508398,4.991456138176062,-63.0,0.0,1
0006,1556806199512854,4.144698743263188,-64.5,0.0,1
0007,1556806199520049,3.2488539631379734,-58.5,0.0,1
0001,1556806199524221,4.887145444599838,-65.5,0.0,1
0003,1556806199529135,1.5185236344029702,-62.0,0.0,1
0009,1556806199533682,6.01615530448367,-69.5,0.0,1
0005,1556806199537879,5.1264464475099984,-63.0,0.0,1
0010,1556806199542057,2.8561548814392492,-65.5,0.0,1
0006,1556806199601669,4.0710676654446765,-64.0,0.0,1
0007,1556806199606134,3.1936306547740902,-59.0,0.0,1
0005,1556806199611028,5.32279598835936,-63.5,0.0,1
0004,1556806199615455,0.49996039124690395,-65.5,0.0,1
0009,1556806199620144,5.789126147876595,-68.0,0.0,1
0008,1556806199625403,4.549669671264997,-63.0,0.0,1
0001,1556806199630986,5.120310524358455,-65.0,0.0,1
0010,1556806199635614,2.2855140283457906,-64.5,0.0,1
0003,1556806199640111,1.9173586392532371,-63.5,0.0,1
0001,1556806199652389,5.402562989329414,-65.0,0.0,1
0007,1556806199657100,3.2181743473802604,-59.0,0.0,1
0008,1556806199662385,4.482174516598029,-63.5,0.0,1
0003,1556806199666638,2.0523489485871735,-62.5,0.0,1
0005,1556806199672388,5.660271761694201,-63.5,0.0,1
0006,1556806199676435,3.9606210487169107,-64.0,0.0,1
0009,1556806199685543,5.623456222784946,-68.5,0.0,1
0004,1556806199689650,0.8006206256724901,-66.0,0.0,1
0010,1556806199694124,1.892814946647066,-64.0,0.0,1
0006,1556806199737382,3.9238055098076554,-63.5,0.0,1
0008,1556806199741919,4.206057974778613,-63.5,0.0,1
0004,1556806199746108,1.1319604758557889,-65.5,0.0,1
0010,1556806199753773,1.7516887141615873,-63.0,0.0,1
0009,1556806199758081,5.2123493716315945,-67.5,0.0,1
0005,1556806199762463,5.893436841452819,-64.0,0.0,1
0003,1556806199766839,2.788659726772281,-63.5,0.0,1
0007,1556806199771101,3.1629510390163773,-59.5,0.0,1
0001,1556806199775501,6.151145613817606,-64.5,0.0,1
0007,1556806199793051,3.2611258094410585,-59.5,0.0,1
0005,1556806199798253,6.077514535999096,-63.5,0.0,1
0008,1556806199803397,3.8869899708984,-63.5,0.0,1
0006,1556806199807803,3.9053977403530276,-63.5,0.0,1
0004,1556806199812535,1.1380963990073312,-66.0,0.0,1
0010,1556806199817137,1.4142129408267463,-63.5,0.0,1
0001,1556806199821581,0.07658169379046775,-64.5,0.0,1
0009,1556806199825820,5.138718293813083,-66.0,0.0,1
0003,1556806199830321,3.1322714232586644,-64.0,0.0,1
0008,1556806199885479,3.6415530448366975,-63.5,0.0,1
0004,1556806199889995,1.7516887141615873,-68.5,0.0,1
0010,1556806199894207,1.2976304009474378,-63.0,0.0,1
0006,1556806199898541,3.8869899708984,-63.5,0.0,1
0003,1556806199903263,3.549514197563559,-64.0,0.0,1
0005,1556806199907566,0.1931642336697763,-64.5,0.0,1
0001,1556806199911933,0.7085817783993518,-64.5,0.0,1
0007,1556806199916226,3.212038424228718,-59.5,0.0,1
0009,1556806199923175,4.856465828842126,-65.5,0.0,1
0005,1556806199939089,0.20543607997286095,-64.0,0.0,1
0003,1556806199943933,3.8992618172014852,-64.0,0.0,1
0010,1556806199949164,1.0460575517341928,-62.5,0.0,1
0007,1556806199953925,3.1936306547740902,-59.5,0.0,1
0001,1556806199958308,1.0399216285826496,-64.0,0.0,1
0006,1556806199963522,3.9667569718684534,-64.5,0.0,1
0008,1556806199967801,3.353164656714197,-63.0,0.0,1
0004,1556806199972234,2.2241547968303648,-67.5,0.0,1
0002,1556806199977312,3.463611273441963,-69.5,0.0,1
0009,1556806199981768,4.703067750053561,-65.5,0.0,1
0010,1556806200028417,0.8006206256724901,-63.5,0.0,1
0008,1556806200032753,3.1874947316225475,-63.0,0.0,1
0007,1556806200037210,3.2733976557441435,-59.5,0.0,1
0005,1556806200042217,0.43246523657993574,-64.0,0.0,1
0002,1556806200046432,4.0956113580508475,-68.5,0.0,1
0001,1556806200050957,1.7148731752523325,-64.0,0.0,1
0009,1556806200055093,4.568077440719625,-65.0,0.0,1
0003,1556806200060926,4.574213363871167,-63.5,0.0,1
0006,1556806200065331,4.114019127505475,-64.5,0.0,1
0004,1556806200070612,2.6966208794991426,-68.5,0.0,1
0009,1556806200082330,4.531261901810369,-64.5,0.0,1
0007,1556806200086586,3.2427180399864306,-59.0,0.0,1
0003,1556806200091469,4.543533748113454,-64.0,0.0,1
0008,1556806200096000,2.9666014981670155,-63.0,0.0,1
0001,1556806200100146,1.9787178707686621,-64.0,0.0,1
0010,1556806200104768,0.49996039124690395,-63.0,0.0,1
0006,1556806200109936,4.114019127505475,-65.0,0.0,1
0004,1556806200115224,3.0095529602278135,-68.0,0.0,1
0005,1556806200119634,0.6963099320962662,-64.5,0.0,1
0002,1556806200125553,4.420815285082603,-66.5,0.0,1
0002,1556806200172577,4.611028902780422,-67.0,0.0,1
0001,1556806200177157,2.395960645073557,-64.0,0.0,1
0007,1556806200182217,3.2856695020472286,-58.5,0.0,1
0010,1556806200186549,6.28,-63.5,0.0,1
0009,1556806200191651,4.457630823991859,-63.5,0.0,1
0005,1556806200195860,0.6717662394900961,-63.0,0.0,1
0006,1556806200200150,4.383999746173348,-65.5,0.0,1
0003,1556806200205525,5.408698912480956,-63.5,0.0,1
0004,1556806200211011,3.475883119745048,-67.0,0.0,1
0008,1556806200215163,2.6229898016806317,-62.5,0.0,1
0005,1556806200228147,0.733125471005522,-64.0,0.0,1
0010,1556806200232283,6.267728153696915,-63.0,0.0,1
0001,1556806200237708,2.8070674962269084,-63.0,0.0,1
0007,1556806200242017,3.3408928104111117,-58.5,0.0,1
0004,1556806200246836,3.6047375059274422,-66.0,0.0,1
0006,1556806200251725,4.4085434387795175,-66.5,0.0,1
0003,1556806200257252,5.727766916361169,-63.5,0.0,1
0008,1556806200261384,2.5616305701652062,-62.5,0.0,1
0009,1556806200265784,4.261281283142496,-64.0,0.0,1
0002,1556806200269921,5.150990140116169,-66.5,0.0,1
0006,1556806200316552,4.660116287992763,-66.0,0.0,1
0002,1556806200321653,5.53755329866335,-67.0,0.0,1
0003,1556806200327013,0.0029506159719563385,-63.5,0.0,1
0007,1556806200331344,3.482019042896591,-58.0,0.0,1
0010,1556806200335576,5.531417375511808,-63.5,0.0,1
0001,1556806200339966,3.426795734532708,-62.5,0.0,1
0008,1556806200344218,2.47572764604361,-62.5,0.0,1
0005,1556806200348949,0.9969701665218524,-64.0,0.0,1
0009,1556806200353567,4.298096822051752,-63.0,0.0,1
0004,1556806200358040,4.138562820111645,-66.5,0.0,1
0003,1556806200370169,0.3281545430037127,-63.5,0.0,1
0010,1556806200374466,5.378019296723243,-63.0,0.0,1
0005,1556806200379154,1.1012808600980755,-64.5,0.0,1
0002,1556806200384106,5.979339765574415,-68.0,0.0,1
0008,1556806200388178,2.322329567255046,-63.0,0.0,1
0009,1556806200392486,4.15083466641473,-63.0,0.0,1
0006,1556806200397363,4.86873767514521,-66.5,0.0,1
0004,1556806200403271,4.249009436839412,-65.0,0.0,1
0007,1556806200408064,3.463611273441963,-58.0,0.0,1
0001,1556806200412712,3.7397278152613787,-62.5,0.0,1
0010,1556806200460107,4.966912445569891,-64.0,0.0,1
0008,1556806200464497,2.273242182042705,-62.0,0.0,1
0005,1556806200468671,1.3344459398566935,-65.0,0.0,1
0003,1556806200473571,0.9294750118548842,-63.5,0.0,1
0006,1556806200480369,5.218485294783137,-66.5,0.0,1
0009,1556806200484821,4.1753783590209,-63.0,0.0,1
0001,1556806200490389,4.034252126535422,-63.0,0.0,1
0007,1556806200495443,3.549514197563559,-57.5,0.0,1
0002,1556806200499516,0.21770792627594648,-67.5,0.0,1
0004,1556806200503834,4.6846599805989335,-66.0,0.0,1
0002,1556806200516807,0.5367759301561597,-68.0,0.0,1
0003,1556806200521226,1.242407092583555,-63.0,0.0,1
0008,1556806200525980,2.3161936441035036,-61.0,0.0,1
0005,1556806200530728,1.4817080954937145,-65.5,0.0,1
0001,1556806200535920,4.236737590536326,-63.5,0.0,1
0004,1556806200540379,4.7276114426597315,-65.5,0.0,1
0007,1556806200545978,3.6170093522305273,-57.5,0.0,1
0009,1556806200550279,4.169242435869358,-63.0,0.0,1
0010,1556806200555005,4.549669671264997,-64.0,0.0,1
0006,1556806200560065,5.427106681935584,-67.0,0.0,1
0009,1556806200604443,4.015844357080794,-64.0,0.0,1
0005,1556806200609065,1.6228343279791932,-66.0,0.0,1
0004,1556806200617159,5.108038678055371,-66.5,0.0,1
0002,1556806200622482,0.9662905507641391,-69.0,0.0,1
0007,1556806200627122,3.5924656596243567,-58.0,0.0,1
0010,1556806200631626,4.181514282172444,-63.5,0.0,1
0008,1556806200636508,2.273242182042705,-61.0,0.0,1
0003,1556806200640879,1.911222716101694,-62.5,0.0,1
0001,1556806200645884,4.8748735982967535,-64.5,0.0,1
0006,1556806200650119,5.605048453330318,-68.0,0.0,1
0001,1556806200662224,4.911689137206008,-64.0,0.0,1
0007,1556806200666617,3.690640430049038,-57.5,0.0,1
0005,1556806200671643,1.9234945624047795,-65.5,0.0,1
0004,1556806200675785,5.365747450420158,-66.5,0.0,1
0003,1556806200680242,2.1505237190118542,-62.0,0.0,1
0006,1556806200684462,5.715495070058084,-67.5,0.0,1
0009,1556806200688670,3.9115336635045703,-63.5,0.0,1
0008,1556806200693293,2.2916499514973334,-61.0,0.0,1
0010,1556806200697461,3.9606210487169107,-63.5,0.0,1
0002,1556806200705028,1.573746942766853,-69.0,0.0,1
0007,1556806200748550,3.6967763532005806,-58.0,0.0,1
0003,1556806200753504,2.6536694174383446,-62.5,0.0,1
0002,1556806200758060,1.9480382550109496,-70.0,0.0,1
0008,1556806200762545,2.2855140283457906,-61.0,0.0,1
0010,1556806200768188,3.758135584716006,-63.0,0.0,1
0009,1556806200773063,3.831766662534517,-64.0,0.0,1
0006,1556806200777929,5.856621302543563,-67.0,0.0,1
0001,1556806200783429,5.580504760724148,-67.0,0.0,1
0004,1556806200787988,5.9916116118775,-66.0,0.0,1
0005,1556806200795689,2.395960645073557,-67.0,0.0,1
0009,1556806200808470,3.745863738412921,-64.5,0.0,1
0005,1556806200812966,2.6168538785290894,-67.0,0.0,1
0007,1556806200820097,3.776543354170634,-58.5,0.0,1
0008,1556806200824984,2.346873259861216,-61.0,0.0,1
0010,1556806200829219,3.5249705049573885,-63.5,0.0,1
0003,1556806200834388,3.310213194653399,-62.5,0.0,1
0002,1556806200838692,2.7088927258022277,-70.0,0.0,1
0006,1556806200843414,6.126601921211436,-69.0,0.0,1
0004,1556806200847839,0.01522246227504187,-67.0,0.0,1
0005,1556806200894420,3.064776268591696,-67.0,0.0,1
0007,1556806200899927,3.86244627829223,-59.0,0.0,1
0002,1556806200904142,3.506562735502761,-70.5,0.0,1
0004,1556806200908581,0.6656303163385537,-67.5,0.0,1
0006,1556806200914310,0.039766154881212046,-68.5,0.0,1
0003,1556806200918579,3.788815200473719,-61.5,0.0,1
0009,1556806200923138,3.506562735502761,-64.0,0.0,1
0008,1556806200929063,2.5370868775590356,-61.0,0.0,1
0010,1556806200933593,3.2611258094410585,-63.5,0.0,1
0001,1556806200938236,1.027649782279565,-67.5,0.0,1
0008,1556806200951078,2.5432228007105784,-61.0,0.0,1
0010,1556806200955771,3.377708349320367,-63.0,0.0,1
0006,1556806200959966,0.13794092530589275,-68.0,0.0,1
0001,1556806200964455,1.3589896324628636,-69.0,0.0,1
0004,1556806200968805,0.9049313192487132,-66.5,0.0,1
0009,1556806200973075,3.3715724261688247,-63.5,0.0,1
0003,1556806200977811,4.1569705895662725,-61.0,0.0,1
0007,1556806200983019,3.8992618172014852,-59.5,0.0,1
0002,1556806200988012,4.12629097380856,-69.0,0.0,1
0005,1556806200992569,3.3838442724719098,-67.5,0.0,1
0008,1556806201036387,2.604582032226004,-61.0,0.0,1
0003,1556806201045547,4.506718209204199,-60.5,0.0,1
0009,1556806201049881,3.0340966528339837,-64.0,0.0,1
0007,1556806201054837,3.8379025856860594,-60.0,0.0,1
0010,1556806201060813,3.040232575985526,-63.5,0.0,1
0004,1556806201066522,1.2117274768258417,-67.0,0.0,1
0005,1556806201071536,4.058795819141592,-67.5,0.0,1
0002,1556806201081670,4.6846599805989335,-68.0,0.0,1
0006,1556806201086280,0.6104070079746702,-68.0,0.0,1
0003,1556806201102270,4.788970674175157,-61.0,0.0,1
0009,1556806201106777,3.113863653804037,-63.0,0.0,1
0006,1556806201111612,0.8865235497940862,-67.5,0.0,1
0010,1556806201117287,3.058640345440154,-63.5,0.0,1
0004,1556806201121816,1.573746942766853,-67.0,0.0,1
0007,1556806201126180,4.0097084339292515,-59.5,0.0,1
0008,1556806201130991,2.8070674962269084,-61.5,0.0,1
0002,1556806201139817,5.1878056790254234,-67.5,0.0,1
0003,1556806201182708,5.181669755873881,-60.5,0.0,1
0004,1556806201187278,1.9787178707686621,-67.5,0.0,1
0008,1556806201191644,3.0095529602278135,-62.0,0.0,1
0010,1556806201195897,2.9788733444701005,-62.5,0.0,1
0009,1556806201200745,2.764116034166111,-63.0,0.0,1
0002,1556806201205679,5.408698912480956,-68.5,0.0,1
0007,1556806201213483,4.144698743263188,-60.0,0.0,1
0006,1556806201224734,1.30376632409898,-68.0,0.0,1
0009,1556806201236098,2.764116034166111,-62.0,0.0,1
0008,1556806201240862,3.101591807500952,-62.5,0.0,1
0006,1556806201245579,1.4694362491906299,-67.5,0.0,1
0003,1556806201255915,5.420970758784041,-61.0,0.0,1
0010,1556806201263532,2.9911451907731856,-63.0,0.0,1
0007,1556806201267880,4.279689052597124,-60.5,0.0,1
0002,1556806201272548,5.795262071028137,-66.5,0.0,1
0004,1556806201277057,2.4818635691951525,-69.0,0.0,1
0006,1556806201319719,1.641242097433821,-66.5,0.0,1
0007,1556806201324083,4.383999746173348,-61.0,0.0,1
0009,1556806201329533,2.9911451907731856,-62.0,0.0,1
0008,1556806201334287,3.420659811381165,-61.5,0.0,1
0010,1556806201339025,2.8070674962269084,-62.0,0.0,1
0002,1556806201343316,0.039766154881212046,-68.5,0.0,1
0003,1556806201348692,5.764582455270425,-62.0,0.0,1
0001,1556806201352880,5.770718378421967,-69.5,0.0,1
0004,1556806201357496,2.9297859592577598,-70.0,0.0,1
0008,1556806201374996,3.4881549660481332,-62.0,0.0,1
0003,1556806201379279,6.06524268969601,-62.5,0.0,1
0002,1556806201383606,0.14407684845743596,-68.0,0.0,1
0009,1556806201394373,2.5861742627713764,-62.5,0.0,1
0001,1556806201398665,5.838213533088935,-70.0,0.0,1
0006,1556806201402716,1.9603101013140352,-67.5,0.0,1
0007,1556806201407194,4.500582286052657,-62.5,0.0,1
0010,1556806201411437,2.770251957317653,-61.5,0.0,1
0001,1556806201456851,6.126601921211436,-68.0,0.0,1
0008,1556806201461601,3.6967763532005806,-63.0,0.0,1
0003,1556806201466658,0.2606593883367445,-62.5,0.0,1
0010,1556806201471721,2.672077186892972,-61.0,0.0,1
0007,1556806201477869,4.733747365811274,-63.0,0.0,1
0002,1556806201487349,0.7699410099147768,-69.5,0.0,1
0009,1556806201491664,2.647533494286802,-62.5,0.0,1
0006,1556806201496261,2.463455799740525,-67.5,0.0,1
0003,1556806201509224,0.43246523657993574,-63.0,0.0,1
0007,1556806201513501,5.052815369691487,-64.0,0.0,1
0009,1556806201528826,2.518679108104408,-62.5,0.0,1
0002,1556806201537669,1.0644653211888206,-69.0,0.0,1
0006,1556806201542001,2.5677664933167486,-66.5,0.0,1
0008,1556806201546110,4.003572510777708,-62.0,0.0,1
0001,1556806201550239,0.7576691636116921,-68.0,0.0,1
0010,1556806201554494,2.506407261801323,-60.5,0.0,1
0010,1556806201599462,2.4573198765889823,-60.0,0.0,1
0007,1556806201604010,5.249164910540849,-64.0,0.0,1
0009,1556806201609177,2.6659412637414297,-62.5,0.0,1
0006,1556806201613818,2.8500189582877065,-67.0,0.0,1
0008,1556806201618524,4.199922051627071,-61.5,0.0,1
0001,1556806201634576,1.2485430157350974,-68.0,0.0,1
0003,1556806201639444,1.1012808600980755,-66.0,0.0,1
0010,1556806201651749,2.395960645073557,-60.0,0.0,1
0003,1556806201657422,1.30376632409898,-66.0,0.0,1
0005,1556806201661913,1.4387566334329165,-67.0,0.0,1
0007,1556806201666041,5.396427066177871,-65.0,0.0,1
0009,1556806201670403,2.721164572105313,-63.0,0.0,1
0001,1556806201674950,1.5185236344029702,-68.5,0.0,1
0008,1556806201679355,4.334912360961007,-61.5,0.0,1
0006,1556806201694860,3.4881549660481332,-68.0,0.0,1
0009,1556806201737785,2.8991063435000473,-63.0,0.0,1
0008,1556806201742153,4.525125978658827,-61.0,0.0,1
0005,1556806201746332,1.831455715131641,-66.0,0.0,1
0007,1556806201751556,5.746174685815797,-64.5,0.0,1
0010,1556806201762667,2.168931488466482,-59.0,0.0,1
0006,1556806201786724,3.807222969928347,-67.5,0.0,1
0001,1556806201790990,2.2241547968303648,-69.0,0.0,1
0004,1556806201799101,0.3220186198521695,-69.5,0.0,1
0007,1556806201803342,5.9057086877559035,-64.0,0.0,1
0010,1556806201808935,2.168931488466482,-58.5,0.0,1
0008,1556806201814913,4.6846599805989335,-61.0,0.0,1
0006,1556806201819331,4.083339511747762,-68.0,0.0,1
0009,1556806201823545,3.0340966528339837,-63.5,0.0,1
0005,1556806201827673,2.273242182042705,-67.0,0.0,1
0008,1556806201880175,4.7276114426597315,-61.5,0.0,1
0010,1556806201885353,2.1198441032541417,-58.5,0.0,1
0005,1556806201897578,2.800931573075366,-67.0,0.0,1
0009,1556806201902757,3.3470287335626545,-63.5,0.0,1
0007,1556806201907083,0.16862054106360613,-63.5,0.0,1
0004,1556806201912483,0.7822128562178623,-69.0,0.0,1
0007,1556806201924605,0.16862054106360613,-64.0,0.0,1
0006,1556806201928936,5.0221357539337745,-67.0,0.0,1
0004,1556806201934351,0.837436164581745,-68.5,0.0,1
0008,1556806201938961,4.850329905690582,-62.0,0.0,1
0009,1556806201943835,3.389980195623452,-63.0,0.0,1
0010,1556806201948010,2.02166933282946,-58.0,0.0,1
0005,1556806201953081,3.2549898862895157,-67.5,0.0,1
0009,1556806201997472,3.7397278152613787,-63.5,0.0,1
0010,1556806202002570,2.0278052559810034,-58.0,0.0,1
0008,1556806202007402,5.0834949854492,-61.5,0.0,1
0007,1556806202012174,0.5367759301561597,-63.0,0.0,1
0001,1556806202024671,4.3042327452032945,-68.0,0.0,1
0006,1556806202034704,5.433242605087126,-68.0,0.0,1
0005,1556806202047799,3.9422132792622833,-67.5,0.0,1
0007,1556806202059637,0.8681157803394584,-63.0,0.0,1
0008,1556806202065087,5.193941602176967,-62.0,0.0,1
0009,1556806202069407,3.856310355140687,-63.0,0.0,1
0010,1556806202078607,1.9725819476171198,-57.5,0.0,1
0006,1556806202086198,5.5498251449664355,-67.0,0.0,1
0005,1556806202091185,4.242873513687869,-68.5,0.0,1
0007,1556806202134663,0.9294750118548842,-62.5,0.0,1
0009,1556806202139075,3.9115336635045703,-62.0,0.0,1
0010,1556806202148071,1.9787178707686621,-58.0,0.0,1
0008,1556806202152305,5.5498251449664355,-62.0,0.0,1
0005,1556806202156628,4.752155135265902,-68.0,0.0,1
0006,1556806202164293,6.126601921211436,-67.5,0.0,1
0010,1556806202175247,1.911222716101694,-57.5,0.0,1
0005,1556806202181246,4.84419398253904,-67.5,0.0,1
0009,1556806202185328,3.985164741323081,-63.0,0.0,1
0006,1556806202189549,6.212504845333032,-66.5,0.0,1
0008,1556806202193876,5.574368837572605,-62.5,0.0,1
0007,1556806202199374,1.0767371674919053,-62.5,0.0,1
0009,1556806202248743,4.285824975748667,-62.5,0.0,1
0010,1556806202253645,1.9603101013140352,-57.5,0.0,1
0006,1556806202264027,0.3526982356098829,-67.0,0.0,1
0007,1556806202268676,1.3099022472505233,-63.5,0.0,1
0005,1556806202273497,5.519145529208722,-67.0,0.0,1
0008,1556806202278606,5.825941686785851,-62.5,0.0,1
0008,1556806202289147,5.960931996119787,-63.0,0.0,1
0005,1556806202293355,5.470058143996382,-67.0,0.0,1
0006,1556806202299561,0.5122322375499895,-67.0,0.0,1
0009,1556806202304457,4.371727899870263,-62.5,0.0,1
0010,1556806202308971,1.9909897170717477,-58.0,0.0,1
0007,1556806202314212,1.4633003260390867,-63.0,0.0,1
0006,1556806202357858,0.5919992385200432,-67.5,0.0,1
0007,1556806202362762,1.6228343279791932,-63.5,0.0,1
0010,1556806202367193,2.058484871738716,-58.5,0.0,1
0008,1556806202377087,0.06430984748738222,-63.5,0.0,1
0005,1556806202381566,5.746174685815797,-66.0,0.0,1
0009,1556806202391783,4.402407515627975,-62.0,0.0,1
0007,1556806202405622,1.8130479456770132,-63.5,0.0,1
0009,1556806202409995,4.525125978658827,-62.0,0.0,1
0006,1556806202414407,0.8313002414302026,-68.0,0.0,1
0010,1556806202419032,2.1198441032541417,-59.0,0.0,1
0005,1556806202424645,6.145009690666064,-66.0,0.0,1
0008,1556806202428750,0.21157200312440416,-62.5,0.0,1
0004,1556806202473275,5.218485294783137,-68.0,0.0,1
0005,1556806202478001,6.169553383272234,-67.5,0.0,1
0009,1556806202482162,4.660116287992763,-62.5,0.0,1
0006,1556806202486320,1.1503682453104158,-68.0,0.0,1
0007,1556806202491563,2.1382518727087687,-65.5,0.0,1
0003,1556806202497060,4.666252211144306,-66.0,0.0,1
0010,1556806202501301,2.2793781051942483,-59.0,0.0,1
0008,1556806202507050,0.5858633153685,-62.5,0.0,1
0004,1556806202527728,5.3718833735717,-69.0,0.0,1
0008,1556806202534054,0.6779021626416384,-62.5,0.0,1
0003,1556806202538962,4.86873767514521,-65.5,0.0,1
0010,1556806202543274,2.273242182042705,-59.5,0.0,1
0006,1556806202547628,1.4019410945236617,-68.5,0.0,1
0005,1556806202551920,0.43246523657993574,-66.0,0.0,1
0009,1556806202556087,4.881009521448296,-63.0,0.0,1
0007,1556806202560896,2.733436418408398,-65.5,0.0,1
0009,1556806202606985,5.052815369691487,-62.5,0.0,1
0004,1556806202616813,6.151145613817606,-68.0,0.0,1
0010,1556806202620973,2.506407261801323,-59.0,0.0,1
0008,1556806202625592,0.9110672424002564,-61.5,0.0,1
0005,1556806202630135,0.8128924719755748,-66.5,0.0,1
0007,1556806202634326,3.1752228853194624,-66.0,0.0,1
0003,1556806202638631,5.304388218904732,-64.5,0.0,1
0006,1556806202667839,2.205747027375737,-70.5,0.0,1
0007,1556806202682768,3.377708349320367,-66.0,0.0,1
0008,1556806202687228,1.1687760147650437,-62.0,0.0,1
0010,1556806202691523,2.6352616479837168,-58.5,0.0,1
0003,1556806202698400,5.697087300603457,-64.5,0.0,1
0004,1556806202702833,0.1870283105182331,-68.5,0.0,1
0007,1556806202754363,3.8685822014437723,-66.0,0.0,1
0004,1556806202758823,0.4263293134283934,-68.0,0.0,1
0009,1556806202764752,5.359611527268616,-64.5,0.0,1
0003,1556806202769987,5.954796072968245,-64.0,0.0,1
0010,1556806202774211,2.7518441878630258,-58.0,0.0,1
0002,1556806202778610,0.22997977257903113,-69.5,0.0,1
0008,1556806202783811,1.4817080954937145,-63.0,0.0,1
0004,1556806202796395,0.7269895478539796,-68.0,0.0,1
0008,1556806202800578,1.5676110196153106,-62.5,0.0,1
0002,1556806202804725,0.5919992385200432,-68.5,0.0,1
0010,1556806202809657,2.788659726772281,-58.5,0.0,1
0009,1556806202819490,5.543689221814892,-64.0,0.0,1
0003,1556806202825096,0.009086539123499549,-63.5,0.0,1
0007,1556806202830493,4.531261901810369,-65.5,0.0,1
0007,1556806202873079,4.77056290472053,-66.0,0.0,1
0010,1556806202877909,2.9788733444701005,-58.5,0.0,1
0004,1556806202885404,1.1012808600980755,-67.5,0.0,1
0002,1556806202889830,0.9908342433703092,-69.5,0.0,1
0008,1556806202894682,1.7762324067677575,-63.0,0.0,1
0003,1556806202899004,0.4508730060345636,-62.5,0.0,1
0009,1556806202903974,5.9057086877559035,-64.5,0.0,1
0003,1556806202916153,0.5490477764592452,-63.0,0.0,1
0009,1556806202921692,6.126601921211436,-65.0,0.0,1
0010,1556806202928629,3.126135500107122,-59.0,0.0,1
0008,1556806202934827,1.9664460244655775,-63.0,0.0,1
0007,1556806202939029,4.985320215024519,-66.0,0.0,1
0002,1556806202950746,1.4633003260390867,-68.5,0.0,1
0003,1556806202994072,0.9540187044610544,-62.5,0.0,1
0008,1556806202998915,2.1137081801025985,-64.0,0.0,1
0002,1556806203004356,1.4633003260390867,-69.0,0.0,1
0010,1556806203008548,3.2304461936833455,-58.5,0.0,1
0004,1556806203013701,2.040077102284088,-69.5,0.0,1
0007,1556806203018297,5.255300833692392,-66.0,0.0,1
0009,1556806203022885,0.14407684845743596,-66.0,0.0,1
0009,1556806203038875,0.2545234651852013,-65.5,0.0,1
0010,1556806203043192,3.2365821168348883,-58.5,0.0,1
0003,1556806203053358,1.2362711694320119,-63.0,0.0,1
0006,1556806203058735,5.310524142056275,-69.0,0.0,1
0007,1556806203063502,5.6541358385426586,-66.0,0.0,1
0008,1556806203070937,2.402096568225099,-64.5,0.0,1
0002,1556806203078647,2.2425625662849926,-68.5,0.0,1
0004,1556806203085055,2.21188295052728,-69.0,0.0,1
0007,1556806203128792,5.813669840482765,-67.0,0.0,1
0006,1556806203137389,5.715495070058084,-68.0,0.0,1
0009,1556806203141717,0.6656303163385537,-65.0,0.0,1
0010,1556806203145919,3.518834581805846,-58.0,0.0,1
0008,1556806203150253,2.9911451907731856,-65.5,0.0,1
0003,1556806203155355,1.7578246373131297,-62.5,0.0,1
0007,1556806203174304,6.273864076848458,-66.5,0.0,1
0010,1556806203178719,3.6170093522305273,-58.5,0.0,1
0003,1556806203183896,1.831455715131641,-62.0,0.0,1
0006,1556806203188443,6.175689306423776,-69.0,0.0,1
0009,1556806203194580,0.9110672424002564,-65.0,0.0,1
0008,1556806203199161,3.2365821168348883,-66.5,0.0,1
0001,1556806203207408,4.0097084339292515,-69.5,0.0,1
0003,1556806203248304,2.2609703357396205,-63.5,0.0,1
0006,1556806203253145,0.0581739243358399,-69.0,0.0,1
0007,1556806203258728,0.34042638930679736,-66.5,0.0,1
0002,1556806203263267,3.7519996615644637,-69.0,0.0,1
0010,1556806203267631,3.776543354170634,-58.5,0.0,1
0008,1556806203272919,3.659960814291325,-66.5,0.0,1
0009,1556806203278161,1.30376632409898,-65.0,0.0,1
0001,1556806203284060,4.635572595386593,-68.5,0.0,1
0004,1556806203288282,4.236737590536326,-69.5,0.0,1
0009,1556806203300829,1.365125555614406,-65.0,0.0,1
0008,1556806203305426,3.9728928950199958,-67.0,0.0,1
0007,1556806203311063,0.6656303163385537,-67.0,0.0,1
0002,1556806203315407,3.8931258940499425,-69.0,0.0,1
0010,1556806203319713,3.8931258940499425,-59.0,0.0,1
0003,1556806203324664,2.7518441878630258,-63.5,0.0,1
0001,1556806203330160,4.856465828842126,-69.5,0.0,1
0004,1556806203334790,4.402407515627975,-69.0,0.0,1
0006,1556806203339072,0.6472225468839259,-70.5,0.0,1
0003,1556806203382450,3.070912191743239,-64.0,0.0,1
0004,1556806203388385,4.838058059387498,-70.5,0.0,1
0001,1556806203392651,5.335067834662445,-69.0,0.0,1
0009,1556806203397964,1.579882865918396,-66.0,0.0,1
0010,1556806203402238,4.1569705895662725,-59.0,0.0,1
0008,1556806203406553,4.617164825931965,-67.5,0.0,1
0007,1556806203410718,1.4142129408267463,-66.5,0.0,1
0006,1556806203415731,0.880387626642543,-69.0,0.0,1
0002,1556806203420180,4.813514366781328,-69.0,0.0,1
0003,1556806203432913,3.5004268123512183,-63.5,0.0,1
0006,1556806203439576,0.7822128562178623,-69.0,0.0,1
0009,1556806203445120,1.9848537939202053,-65.5,0.0,1
0001,1556806203449640,5.482329990299467,-70.0,0.0,1
0010,1556806203454024,4.193786128475528,-59.5,0.0,1
0002,1556806203458813,5.414834835632499,-70.0,0.0,1
0007,1556806203464193,1.6351061742822788,-67.0,0.0,1
0004,1556806203468799,5.101902754903827,-68.0,0.0,1
0008,1556806203474334,4.930096906660636,-67.5,0.0,1
0009,1556806203520200,2.1321159495572264,-66.5,0.0,1
0010,1556806203524489,4.518990055507285,-60.0,0.0,1
0008,1556806203528710,5.56209699126952,-68.0,0.0,1
0001,1556806203532972,6.2431844610907445,-70.5,0.0,1
0003,1556806203542195,4.1753783590209,-64.5,0.0,1
0004,1556806203551572,5.893436841452819,-70.5,0.0,1
0002,1556806203556638,5.979339765574415,-69.5,0.0,1
0007,1556806203561163,2.5248150312559505,-66.5,0.0,1
0001,1556806203572389,0.20543607997286095,-70.0,0.0,1
0003,1556806203577381,4.402407515627975,-64.5,0.0,1
0010,1556806203582099,4.690795903750476,-61.0,0.0,1
0008,1556806203592313,5.930252380362074,-66.5,0.0,1
0009,1556806203598951,2.721164572105313,-66.5,0.0,1
0002,1556806203603714,0.10726130954818025,-69.0,0.0,1
0007,1556806203608059,2.819339342529994,-66.5,0.0,1
0001,1556806203651420,0.7515332404601498,-68.0,0.0,1
0010,1556806203655584,4.9362328298121785,-61.5,0.0,1
0007,1556806203660529,3.1629510390163773,-67.5,0.0,1
0008,1556806203684136,0.33429046615525504,-66.5,0.0,1
0006,1556806203688711,2.1996111042241946,-69.5,0.0,1
0003,1556806203693323,5.077359062297658,-65.5,0.0,1
0009,1556806203697512,3.1322714232586644,-67.5,0.0,1
0002,1556806203703759,0.7515332404601498,-69.0,0.0,1
0002,1556806203713824,1.1380963990073312,-68.5,0.0,1
0003,1556806203729469,5.365747450420158,-65.5,0.0,1
0008,1556806203733646,0.3833778513675954,-66.0,0.0,1
0009,1556806203737838,3.426795734532708,-67.5,0.0,1
0001,1556806203743367,1.2730867083412676,-68.0,0.0,1
0007,1556806203747601,3.6170093522305273,-67.0,0.0,1
0010,1556806203751894,5.236893064237764,-62.0,0.0,1
0003,1556806203794066,5.56209699126952,-65.5,0.0,1
0008,1556806203798327,0.9662905507641391,-66.0,0.0,1
0007,1556806203802534,3.801087046776804,-66.5,0.0,1
0010,1556806203807798,5.543689221814892,-64.0,0.0,1
0009,1556806203813361,4.058795819141592,-68.5,0.0,1
0001,1556806203818960,1.9603101013140352,-67.0,0.0,1
0002,1556806203823892,1.831455715131641,-68.5,0.0,1
0002,1556806203842507,1.8989508697986093,-70.0,0.0,1
0010,1556806203851410,5.660271761694201,-63.0,0.0,1
0003,1556806203855722,0.11339723269972257,-68.0,0.0,1
0007,1556806203861470,4.285824975748667,-66.5,0.0,1
0001,1556806203866589,2.3284654904065887,-68.0,0.0,1
0009,1556806203871574,4.034252126535422,-68.5,0.0,1
0008,1556806203876226,1.1442323221588735,-67.0,0.0,1
0003,1556806203926502,0.3220186198521695,-68.5,0.0,1
0010,1556806203931510,6.157281536969149,-64.0,0.0,1
0001,1556806203936066,2.5677664933167486,-67.5,0.0,1
0007,1556806203940756,4.881009521448296,-67.5,0.0,1
0009,1556806203950051,4.500582286052657,-67.5,0.0,1
0008,1556806203955407,1.7639605604646729,-66.0,0.0,1
0002,1556806203959997,2.942057805560845,-68.0,0.0,1
0009,1556806203972792,4.653980364841221,-65.5,0.0,1
0010,1556806203985435,0.10112538639663793,-65.0,0.0,1
0001,1556806203990118,2.9236500361062174,-69.0,0.0,1
0007,1556806203996497,5.1878056790254234,-68.0,0.0,1
0008,1556806204001065,2.168931488466482,-66.0,0.0,1
0002,1556806204009123,3.396116118774995,-68.0,0.0,1
0009,1556806204051924,5.169397909570796,-68.0,0.0,1
0002,1556806204062053,3.807222969928347,-70.0,0.0,1
0001,1556806204066263,3.2611258094410585,-68.5,0.0,1
0008,1556806204071488,2.432776183982812,-65.5,0.0,1
0010,1556806204076943,0.47541669864073377,-65.0,0.0,1
0007,1556806204081190,5.605048453330318,-69.0,0.0,1
0001,1556806204098176,3.353164656714197,-68.5,0.0,1
0010,1556806204107973,0.628814777429298,-65.5,0.0,1
0008,1556806204113422,2.764116034166111,-65.5,0.0,1
0009,1556806204132657,5.7584465321188825,-69.5,0.0,1
0008,1556806204179319,3.224310270531803,-66.5,0.0,1
0010,1556806204189861,1.0767371674919053,-65.5,0.0,1
0009,1556806204194155,6.0959223054537235,-69.0,0.0,1
0009,1556806204210265,6.2002329990299465,-68.0,0.0,1
0008,1556806204225248,3.463611273441963,-66.5,0.0,1
0010,1556806204230043,1.346717786159778,-66.0,0.0,1
0009,1556806204282312,0.43860115973147895,-68.0,0.0,1
0010,1556806204288292,1.6289702511307365,-65.5,0.0,1
0008,1556806204292752,3.9422132792622833,-66.0,0.0,1
0010,1556806204312769,1.9787178707686621,-65.5,0.0,1
0008,1556806204319499,4.120155050657018,-65.5,0.0,1
0009,1556806204327492,0.6472225468839259,-68.0,0.0,1
0010,1556806204370776,2.168931488466482,-66.0,0.0,1
0008,1556806204382125,4.537397824961912,-66.0,0.0,1
0009,1556806204386759,0.8435720877332882,-68.5,0.0,1
0009,1556806204400447,1.1012808600980755,-68.0,0.0,1
0010,1556806204404849,2.2241547968303648,-66.5,0.0,1
0008,1556806204409338,4.746019212114359,-66.5,0.0,1
0009,1556806204466824,1.2239993231289272,-67.5,0.0,1
0010,1556806204472089,2.6904849563476,-66.5,0.0,1
0008,1556806204476781,5.279844526298563,-67.0,0.0,1
0009,1556806204500848,1.579882865918396,-68.0,0.0,1
0008,1556806204505928,5.193941602176967,-67.0,0.0,1
0010,1556806204511541,2.800931573075366,-67.0,0.0,1
0008,1556806204559469,5.709359146906542,-66.5,0.0,1
0009,1556806204566132,2.1137081801025985,-67.5,0.0,1
0010,1556806204571825,3.2365821168348883,-68.5,0.0,1
0009,1556806204583249,1.9725819476171198,-67.0,0.0,1
0003,1556806204594051,2.248698489436535,-69.0,0.0,1
0008,1556806204599722,5.807533917331223,-67.0,0.0,1
0010,1556806204604545,3.396116118774995,-67.0,0.0,1
0003,1556806204645958,2.672077186892972,-68.5,0.0,1
0008,1556806204650364,0.21157200312440416,-67.0,0.0,1
0010,1556806204656277,3.758135584716006,-68.0,0.0,1
0009,1556806204665688,2.5002713386497804,-68.0,0.0,1
0008,1556806204690309,0.3588341587614252,-67.0,0.0,1
0010,1556806204696307,4.120155050657018,-69.0,0.0,1
0009,1556806204713369,2.831611188833079,-67.5,0.0,1
0009,1556806204759571,3.040232575985526,-68.0,0.0,1
0010,1556806204764444,4.518990055507285,-67.0,0.0,1
0008,1556806204780635,1.1012808600980755,-67.0,0.0,1
0010,1556806204792594,4.653980364841221,-67.5,0.0,1
0008,1556806204803878,1.3099022472505233,-67.0,0.0,1
0008,1556806204866186,1.8375916382831834,-67.5,0.0,1
0010,1556806204884743,5.169397909570796,-66.5,0.0,1
0008,1556806204894179,2.2180188736788224,-68.5,0.0,1
0010,1556806204920336,5.5498251449664355,-66.0,0.0,1
0009,1556806204931619,4.353320130415635,-69.5,0.0,1
0006,1556806204949232,1.174911937916586,-69.0,0.0,1
0009,1556806204996492,4.923960983509094,-70.0,0.0,1
0006,1556806205000797,1.8375916382831834,-69.0,0.0,1
0010,1556806205005438,5.911844610907447,-66.5,0.0,1
0004,1556806205038902,2.205747027375737,-69.0,0.0,1
0010,1556806205045219,5.985475688725957,-67.0,0.0,1
0006,1556806205063679,1.6903294826461615,-70.0,0.0,1
0009,1556806205069144,5.470058143996382,-71.0,0.0,1
0006,1556806205117526,2.0278052559810034,-70.5,0.0,1
0004,1556806205130506,2.4695917228920674,-69.5,0.0,1
0010,1556806205136921,0.291339004094457,-66.5,0.0,1
0009,1556806205144991,5.089630908600743,-69.5,0.0,1
0010,1556806205161470,0.36497008191296754,-66.0,0.0,1
0009,1556806205166108,0.21157200312440416,-69.0,0.0,1
0007,1556806205176171,3.6231452753820697,-67.5,0.0,1
0004,1556806205190113,2.672077186892972,-68.0,0.0,1
0009,1556806205249106,0.4631448523376491,-69.5,0.0,1
0007,1556806205255657,4.058795819141592,-68.0,0.0,1
0004,1556806205267146,3.1322714232586644,-69.0,0.0,1
0010,1556806205276170,0.7638050867632344,-66.0,0.0,1
0002,1556806205292027,3.150679192713292,-70.5,0.0,1
0010,1556806205303269,0.8006206256724901,-66.5,0.0,1
0004,1556806205308792,3.2856695020472286,-69.0,0.0,1
0009,1556806205312964,0.6901740089447239,-69.0,0.0,1
0003,1556806205320978,2.5800383396198336,-68.0,0.0,1
0007,1556806205331617,4.555805594416539,-67.5,0.0,1
0008,1556806205373630,0.09498946324509472,-70.0,0.0,1
0002,1556806205387042,3.7519996615644637,-69.5,0.0,1
0004,1556806205391216,4.120155050657018,-70.0,0.0,1
0010,1556806205395565,1.070601244340363,-66.0,0.0,1
0003,1556806205400691,3.2979413483503137,-68.0,0.0,1
0009,1556806205408224,1.0890090137949908,-69.0,0.0,1
0007,1556806205412930,5.169397909570796,-66.5,0.0,1
0003,1556806205432954,3.6660967374428677,-67.0,0.0,1
0002,1556806205437492,4.040388049686964,-70.0,0.0,1
0008,1556806205441862,0.7453973173086066,-69.0,0.0,1
0007,1556806205450805,5.359611527268616,-66.0,0.0,1
0010,1556806205455265,1.4755721723421722,-66.0,0.0,1
0009,1556806205460748,1.6289702511307365,-68.5,0.0,1
0007,1556806205518431,5.7584465321188825,-65.5,0.0,1
0008,1556806205529468,1.3344459398566935,-67.5,0.0,1
0003,1556806205553594,4.831922136235955,-66.0,0.0,1
0010,1556806205558036,1.9234945624047795,-67.5,0.0,1
0007,1556806205588135,6.0959223054537235,-65.5,0.0,1
0003,1556806205600903,5.040543523388402,-66.5,0.0,1
0008,1556806205621500,2.5248150312559505,-68.5,0.0,1
0003,1556806205675409,5.647999915391116,-66.5,0.0,1
0007,1556806205679983,0.6594943931870114,-66.5,0.0,1
0008,1556806205684831,3.138407346410207,-68.5,0.0,1
0007,1556806205717077,0.8251643182786603,-66.5,0.0,1
0008,1556806205735174,3.506562735502761,-68.0,0.0,1
0003,1556806205746295,6.20636892218149,-67.0,0.0,1
0003,1556806205795389,0.10112538639663793,-66.0,0.0,1
0008,1556806205818985,4.138562820111645,-67.5,0.0,1
0007,1556806205824581,1.8621353308893536,-67.0,0.0,1
0003,1556806205854487,0.5858633153685,-67.0,0.0,1
0007,1556806205860385,2.21188295052728,-68.0,0.0,1
0008,1556806205865955,4.36559197671872,-67.0,0.0,1
0008,1556806205926195,4.678524057447391,-66.0,0.0,1
0003,1556806205937358,0.9908342433703092,-67.0,0.0,1
0007,1556806205949171,3.070912191743239,-67.0,0.0,1
0007,1556806205970328,2.972737421318558,-67.5,0.0,1
0003,1556806205975421,1.322174093553608,-67.5,0.0,1
0008,1556806206004952,5.114174601206913,-65.5,0.0,1
0008,1556806206048700,5.243028987389307,-66.0,0.0,1
0003,1556806206053649,1.4694362491906299,-68.5,0.0,1
0009,1556806206074233,0.5858633153685,-70.0,0.0,1
0007,1556806206078781,3.8501744319891444,-67.0,0.0,1
0008,1556806206101727,5.482329990299467,-65.5,0.0,1
0009,1556806206133070,0.733125471005522,-69.5,0.0,1
0007,1556806206137363,4.255145359990954,-67.0,0.0,1
0007,1556806206191524,4.666252211144306,-65.5,0.0,1
0008,1556806206196038,5.924116457210531,-66.0,0.0,1
0009,1556806206206257,1.2117274768258417,-68.5,0.0,1
0008,1556806206236196,6.169553383272