AA08,1558444244091979,5.071223139146115,-59.0,0.0,1
AA08,1558444244101011,5.095766831752285,-59.0,0.0,1
AA08,1558444244147556,5.034407600236859,-59.0,0.0,1
AA08,1558444244169984,5.015999830782232,-59.0,0.0,1
AA08,1558444244216848,5.05895129284303,-58.5,0.0,1
AA08,1558444244234179,5.015999830782232,-59.0,0.0,1
AA08,1558444244279762,5.052815369691487,-59.0,0.0,1
AA08,1558444244297063,5.114174601206913,-59.0,0.0,1
AA08,1558444244342603,5.05895129284303,-58.5,0.0,1
AA08,1558444244356754,5.040543523388402,-58.5,0.0,1
AA08,1558444244401170,5.028271677085317,-59.0,0.0,1
AA08,1558444244423070,5.015999830782232,-59.0,0.0,1
AA08,1558444244474166,5.034407600236859,-58.5,0.0,1
AA08,1558444244488599,4.948504676115264,-58.5,0.0,1
AA08,1558444244537295,4.985320215024519,-59.0,0.0,1
AA08,1558444244550278,4.997592061327604,-59.5,0.0,1
AA08,1558444244598876,4.966912445569891,-59.5,0.0,1
AA08,1558444244619334,4.84419398253904,-59.0,0.0,1
AA08,1558444244665665,4.856465828842126,-59.5,0.0,1
AA08,1558444244679776,4.838058059387498,-59.5,0.0,1
AA08,1558444244724313,4.899417290902923,-59.5,0.0,1
AA08,1558444244743046,4.899417290902923,-59.5,0.0,1
AA08,1558444244784213,4.923960983509094,-59.5,0.0,1
AA08,1558444244807236,4.917825060357551,-59.5,0.0,1
AA08,1558444244852457,4.948504676115264,-59.5,0.0,1
AA08,1558444244874820,4.911689137206008,-59.5,0.0,1
AA08,1558444244918125,4.881009521448296,-60.0,0.0,1
AA08,1558444244937807,4.917825060357551,-59.5,0.0,1
AA08,1558444244980637,4.825786213084412,-60.0,0.0,1
AA08,1558444245005595,4.831922136235955,-60.0,0.0,1
AA08,1558444245042522,4.8932813677513805,-60.0,0.0,1
AA08,1558444245062079,4.831922136235955,-60.5,0.0,1
AA08,1558444245114790,4.84419398253904,-60.5,0.0,1
AA08,1558444245132422,4.86873767514521,-60.0,0.0,1
AA08,1558444245174954,4.801242520478242,-60.0,0.0,1
AA08,1558444245192073,4.8748735982967535,-60.5,0.0,1
AA08,1558444245238373,4.782834751023614,-60.0,0.0,1
AA08,1558444245261161,4.838058059387498,-60.5,0.0,1
AA08,1558444245300859,4.86873767514521,-60.5,0.0,1
AA08,1558444245318857,4.881009521448296,-60.5,0.0,1
AA08,1558444245364527,4.838058059387498,-60.0,0.0,1
AA08,1558444245380474,4.807378443629785,-60.0,0.0,1
AA08,1558444245431056,4.917825060357551,-60.5,0.0,1
AA08,1558444245443483,4.850329905690582,-60.0,0.0,1
AA08,1558444245493168,4.942368752963722,-60.0,0.0,1
AA08,1558444245505377,4.838058059387498,-60.5,0.0,1
AA08,1558444245553509,4.917825060357551,-60.5,0.0,1
AA08,1558444245572637,4.881009521448296,-60.0,0.0,1
AA08,1558444245617061,4.807378443629785,-60.0,0.0,1
AA08,1558444245630421,4.831922136235955,-60.5,0.0,1
AA08,1558444245675568,4.788970674175157,-60.0,0.0,1
AA08,1558444245692463,4.764426981568986,-60.5,0.0,1
AA08,1558444245748436,4.721475519508189,-60.5,0.0,1
AA08,1558444245757549,4.776698827872072,-60.5,0.0,1
AA08,1558444245815178,4.7276114426597315,-60.5,0.0,1
AA08,1558444245832569,4.764426981568986,-60.5,0.0,1
AA08,1558444245873837,4.746019212114359,-61.0,0.0,1
AA08,1558444245886023,4.776698827872072,-60.5,0.0,1
AA08,1558444245942089,4.696931826902018,-60.5,0.0,1
AA08,1558444245952321,4.758291058417444,-60.5,0.0,1
AA08,1558444246004805,4.60489297962888,-60.5,0.0,1
AA08,1558444246020394,4.715339596356646,-60.5,0.0,1
AA08,1558444246057978,4.746019212114359,-60.5,0.0,1
AA08,1558444246077447,4.801242520478242,-60.5,0.0,1
AA08,1558444246127799,4.788970674175157,-60.5,0.0,1
AA08,1558444246146849,4.813514366781328,-60.0,0.0,1
AA08,1558444246192468,4.746019212114359,-60.5,0.0,1
AA08,1558444246217529,4.807378443629785,-60.5,0.0,1
AA08,1558444246263088,5.015999830782232,-60.0,0.0,1
AA08,1558444246270949,4.948504676115264,-60.0,0.0,1
AA08,1558444246329656,5.071223139146115,-59.5,0.0,1
AA08,1558444246343689,4.948504676115264,-58.5,0.0,1
AA08,1558444246392780,4.923960983509094,-58.0,0.0,1
AA08,1558444246410229,4.905553214054466,-58.0,0.0,1
AA08,1558444246451604,4.709203673205104,-57.5,0.0,1
AA08,1558444246464782,4.776698827872072,-57.5,0.0,1
AA08,1558444246517520,4.525125978658827,-57.0,0.0,1
AA08,1558444246528076,4.518990055507285,-57.0,0.0,1
AA08,1558444246575977,4.463766747143401,-57.0,0.0,1
AA08,1558444246593361,4.414679361931061,-57.0,0.0,1
AA08,1558444246644650,4.291960898900209,-57.0,0.0,1
AA08,1558444246661285,4.285824975748667,-57.0,0.0,1
AA08,1558444246699301,4.199922051627071,-57.0,0.0,1
AA08,1558444246718640,4.089475434899304,-57.0,0.0,1
AA08,1558444246769801,3.9176695866561126,-57.0,0.0,1
AA08,1558444246786102,3.801087046776804,-57.0,0.0,1
AA08,1558444246825665,3.6660967374428677,-57.0,0.0,1
AA08,1558444246845265,3.6170093522305273,-57.0,0.0,1
AA08,1558444246899019,3.494290889199676,-57.0,0.0,1
AA08,1558444246927771,3.451339427138878,-57.5,0.0,1
AA08,1558444246973795,3.3163491178049416,-57.5,0.0,1
AA08,1558444246990298,3.365436503017282,-57.5,0.0,1
AA08,1558444247038191,3.3347568872595694,-57.5,0.0,1
AA08,1558444247055599,3.3470287335626545,-57.5,0.0,1
AA08,1558444247092264,3.3347568872595694,-58.0,0.0,1
AA08,1558444247117834,3.365436503017282,-57.5,0.0,1
AA08,1558444247158363,3.365436503017282,-58.0,0.0,1
AA08,1558444247177804,3.3470287335626545,-57.5,0.0,1
AA08,1558444247214774,3.353164656714197,-58.0,0.0,1
AA08,1558444247237155,3.3593005798657396,-57.5,0.0,1
AA08,1558444247278264,3.389980195623452,-57.5,0.0,1
AA08,1558444247295354,3.4022520419265376,-58.0,0.0,1
AA08,1558444247348564,3.3163491178049416,-58.0,0.0,1
AA08,1558444247372131,3.3715724261688247,-58.0,0.0,1
AA08,1558444247410527,3.420659811381165,-57.5,0.0,1
AA08,1558444247424854,3.4145238882296227,-58.0,0.0,1
AA08,1558444247471031,3.3347568872595694,-57.5,0.0,1
AA08,1558444247489039,3.3838442724719098,-57.5,0.0,1
AA08,1558444247530783,3.389980195623452,-57.5,0.0,1
AA08,1558444247559673,3.43293165768425,-57.5,0.0,1
AA08,1558444247599268,3.389980195623452,-57.5,0.0,1
AA08,1558444247623198,3.439067580835793,-57.5,0.0,1
AA08,1558444247661922,3.3838442724719098,-58.0,0.0,1
AA08,1558444247682444,3.389980195623452,-57.5,0.0,1
AA08,1558444247730754,3.377708349320367,-57.5,0.0,1
AA08,1558444247757024,3.3715724261688247,-57.5,0.0,1
AA08,1558444247802464,3.3286209641080267,-58.0,0.0,1
AA08,1558444247810572,3.3408928104111117,-57.5,0.0,1
AA08,1558444247855497,3.377708349320367,-57.5,0.0,1
AA08,1558444247883612,3.40838796507808,-58.0,0.0,1
AA08,1558444247920287,3.3715724261688247,-58.0,0.0,1
AA08,1558444247948440,3.3593005798657396,-58.0,0.0,1
AA08,1558444247994479,3.396116118774995,-58.0,0.0,1
AA08,1558444248006290,3.3715724261688247,-57.5,0.0,1
AA08,1558444248046900,3.3838442724719098,-58.0,0.0,1
AA08,1558444248066131,3.3163491178049416,-58.0,0.0,1
AA08,1558444248118269,3.377708349320367,-58.0,0.0,1
AA08,1558444248141735,3.396116118774995,-58.0,0.0,1
AA08,1558444248181853,3.426795734532708,-58.0,0.0,1
AA08,1558444248198760,3.4022520419265376,-57.5,0.0,1
AA08,1558444248253424,3.3408928104111117,-58.0,0.0,1
AA08,1558444248273837,3.3838442724719098,-58.0,0.0,1
AA08,1558444248310589,3.3715724261688247,-57.5,0.0,1
AA08,1558444248338303,3.4145238882296227,-58.0,0.0,1
AA08,1558444248375790,3.365436503017282,-58.0,0.0,1
AA08,1558444248402457,3.3286209641080267,-57.5,0.0,1
AA08,1558444248445784,3.3593005798657396,-57.5,0.0,1
AA08,1558444248466294,3.3163491178049416,-58.0,0.0,1
AA08,1558444248500490,3.3470287335626545,-57.5,0.0,1
AA08,1558444248527638,3.3838442724719098,-58.0,0.0,1
AA08,1558444248576136,3.426795734532708,-57.5,0.0,1
AA08,1558444248588944,3.3715724261688247,-57.5,0.0,1
AA08,1558444248628153,3.3838442724719098,-57.5,0.0,1
AA08,1558444248642381,3.3286209641080267,-58.0,0.0,1
AA08,1558444248697735,3.3715724261688247,-58.0,0.0,1
AA08,1558444248708831,3.389980195623452,-58.0,0.0,1
AA08,1558444248755666,3.4022520419265376,-58.0,0.0,1
AA08,1558444248769864,3.40838796507808,-57.5,0.0,1
AA08,1558444248815060,3.4022520419265376,-58.0,0.0,1
AA08,1558444248837904,3.396116118774995,-58.0,0.0,1
AA08,1558444248881939,3.4145238882296227,-57.5,0.0,1
AA08,1558444248905307,3.451339427138878,-58.0,0.0,1
AA08,1558444248944233,3.40838796507808,-57.5,0.0,1
AA08,1558444248963346,3.377708349320367,-58.0,0.0,1
AA08,1558444249005758,3.43293165768425,-58.0,0.0,1
AA08,1558444249033085,3.451339427138878,-58.0,0.0,1
AA08,1558444249069348,3.389980195623452,-57.5,0.0,1
AA08,1558444249092841,3.420659811381165,-57.5,0.0,1
AA08,1558444249140897,3.451339427138878,-57.5,0.0,1
AA08,1558444249164339,3.451339427138878,-58.0,0.0,1
AA08,1558444249206305,3.463611273441963,-58.0,0.0,1
AA08,1558444249219203,3.4145238882296227,-58.0,0.0,1
AA08,1558444249271615,3.3715724261688247,-58.0,0.0,1
AA08,1558444249282250,3.420659811381165,-58.0,0.0,1
AA08,1558444249334006,3.353164656714197,-58.0,0.0,1
AA08,1558444249350447,3.426795734532708,-57.5,0.0,1
AA08,1558444249394814,3.3408928104111117,-57.5,0.0,1
AA08,1558444249412687,3.4022520419265376,-57.5,0.0,1
AA08,1558444249459385,3.3838442724719098,-58.0,0.0,1
AA08,1558444249487078,3.3715724261688247,-58.5,0.0,1
AA08,1558444249520038,3.426795734532708,-58.0,0.0,1
AA08,1558444249549266,3.396116118774995,-58.0,0.0,1
AA08,1558444249582789,3.40838796507808,-58.0,0.0,1
AA08,1558444249604193,3.3470287335626545,-58.0,0.0,1
AA08,1558444249645656,3.396116118774995,-57.5,0.0,1
AA08,1558444249664542,3.4574753502904203,-58.5,0.0,1
AA08,1558444249712135,3.439067580835793,-58.0,0.0,1
AA08,1558444249736831,3.40838796507808,-58.0,0.0,1
AA08,1558444249780850,3.5004268123512183,-58.0,0.0,1
AA08,1558444249800723,3.451339427138878,-58.0,0.0,1
AA08,1558444249844583,3.5004268123512183,-58.0,0.0,1
AA08,1558444249865170,3.4574753502904203,-58.0,0.0,1
AA08,1558444249906023,3.475883119745048,-58.0,0.0,1
AA08,1558444249923909,3.482019042896591,-58.0,0.0,1
AA08,1558444249968145,3.5249705049573885,-58.0,0.0,1
AA08,1558444249987059,3.445203503987335,-58.0,0.0,1
AA08,1558444250040543,3.463611273441963,-58.0,0.0,1
AA08,1558444250063332,3.445203503987335,-58.0,0.0,1
AA08,1558444250108345,3.43293165768425,-58.0,0.0,1
AA08,1558444250117091,3.377708349320367,-58.0,0.0,1
AA08,1558444250176732,3.475883119745048,-58.0,0.0,1
AA08,1558444250186312,3.506562735502761,-58.0,0.0,1
AA08,1558444250233960,3.4022520419265376,-58.0,0.0,1
AA08,1558444250250511,3.43293165768425,-58.0,0.0,1
AA08,1558444250306059,3.389980195623452,-58.0,0.0,1
AA08,1558444250328643,3.389980195623452,-58.0,0.0,1
AA08,1558444250363084,3.4145238882296227,-57.5,0.0,1
AA08,1558444250390256,3.40838796507808,-58.0,0.0,1
AA08,1558444250434216,3.4145238882296227,-58.0,0.0,1
AA08,1558444250452741,3.377708349320367,-58.0,0.0,1
AA08,1558444250495559,3.4145238882296227,-58.0,0.0,1
AA08,1558444250514635,3.40838796507808,-58.0,0.0,1
AA08,1558444250569868,3.389980195623452,-58.0,0.0,1
AA08,1558444250586099,3.420659811381165,-58.0,0.0,1
AA08,1558444250627467,3.4022520419265376,-57.5,0.0,1
AA08,1558444250644698,3.426795734532708,-58.0,0.0,1
AA08,1558444250681704,3.43293165768425,-57.5,0.0,1
AA08,1558444250707952,3.445203503987335,-58.0,0.0,1
AA08,1558444250752783,3.4022520419265376,-58.0,0.0,1
AA08,1558444250768907,3.43293165768425,-58.0,0.0,1
AA08,1558444250819153,3.43293165768425,-57.5,0.0,1
AA08,1558444250838198,3.469747196593506,-57.5,0.0,1
AA08,1558444250883227,3.482019042896591,-57.5,0.0,1
AA08,1558444250899992,3.445203503987335,-58.5,0.0,1
AA08,1558444250944905,3.439067580835793,-58.0,0.0,1
AA08,1558444250977991,3.4145238882296227,-58.0,0.0,1
AA08,1558444251024849,3.445203503987335,-58.0,0.0,1
AA08,1558444251048713,3.389980195623452,-58.0,0.0,1
AA08,1558444251085444,3.420659811381165,-58.0,0.0,1
AA08,1558444251102505,3.4881549660481332,-57.5,0.0,1
AA08,1558444251152541,3.5004268123512183,-58.0,0.0,1
AA08,1558444251167154,3.469747196593506,-57.5,0.0,1
AA08,1558444251213237,3.4881549660481332,-58.0,0.0,1
AA08,1558444251238992,3.439067580835793,-57.5,0.0,1
AA08,1558444251276477,3.426795734532708,-58.0,0.0,1
AA08,1558444251306327,3.445203503987335,-58.0,0.0,1
AA08,1558444251348491,3.469747196593506,-57.5,0.0,1
AA08,1558444251366306,3.439067580835793,-58.0,0.0,1
AA08,1558444251408267,3.4881549660481332,-57.5,0.0,1
AA08,1558444251437821,3.445203503987335,-58.0,0.0,1
AA08,1558444251482924,3.537242351260474,-57.5,0.0,1
AA08,1558444251499242,3.482019042896591,-58.0,0.0,1
AA08,1558444251538990,3.451339427138878,-58.0,0.0,1
AA08,1558444251567815,3.4574753502904203,-57.5,0.0,1
AA08,1558444251606700,3.451339427138878,-57.5,0.0,1
AA08,1558444251622688,3.469747196593506,-57.5,0.0,1
AA08,1558444251672716,3.451339427138878,-57.5,0.0,1
AA08,1558444251689226,3.475883119745048,-58.0,0.0,1
AA08,1558444251738386,3.439067580835793,-57.5,0.0,1
AA08,1558444251761729,3.518834581805846,-57.5,0.0,1
AA08,1558444251797855,3.475883119745048,-58.0,0.0,1
AA08,1558444251821496,3.475883119745048,-57.5,0.0,1
AA08,1558444251863817,3.482019042896591,-57.5,0.0,1
AA08,1558444251878088,3.469747196593506,-57.5,0.0,1
AA08,1558444251927640,3.463611273441963,-57.5,0.0,1
AA08,1558444251935286,3.43293165768425,-58.0,0.0,1
AA08,1558444251983482,3.426795734532708,-58.0,0.0,1
AA08,1558444252000491,3.445203503987335,-57.5,0.0,1
AA08,1558444252047094,3.5126986586543034,-57.5,0.0,1
AA08,1558444252067799,3.549514197563559,-58.0,0.0,1
AA08,1558444252114793,3.426795734532708,-57.5,0.0,1
AA08,1558444252142673,3.451339427138878,-57.5,0.0,1
AA08,1558444252178485,3.5004268123512183,-57.5,0.0,1
AA08,1558444252208435,3.451339427138878,-57.5,0.0,1
AA08,1558444252245497,3.482019042896591,-57.5,0.0,1
AA08,1558444252268298,3.475883119745048,-57.5,0.0,1
AA08,1558444252305607,3.4881549660481332,-57.5,0.0,1
AA08,1558444252323565,3.482019042896591,-57.5,0.0,1
AA08,1558444252372660,3.4574753502904203,-57.5,0.0,1
AA08,1558444252388013,3.518834581805846,-57.5,0.0,1
AA08,1558444252436514,3.469747196593506,-57.5,0.0,1
AA08,1558444252453089,3.482019042896591,-57.5,0.0,1
AA08,1558444252509992,3.439067580835793,-57.5,0.0,1
AA08,1558444252521648,3.5249705049573885,-57.5,0.0,1
AA08,1558444252566838,3.4574753502904203,-57.5,0.0,1
AA08,1558444252581870,3.5004268123512183,-57.5,0.0,1
AA08,1558444252630092,3.4574753502904203,-57.5,0.0,1
AA08,1558444252648511,3.43293165768425,-57.5,0.0,1
AA08,1558444252691551,3.469747196593506,-58.0,0.0,1
AA08,1558444252717302,3.420659811381165,-58.0,0.0,1
AA08,1558444252761362,3.396116118774995,-57.5,0.0,1
AA08,1558444252777348,3.469747196593506,-57.5,0.0,1
AA08,1558444252820300,3.482019042896591,-58.0,0.0,1
AA08,1558444252844073,3.4145238882296227,-57.5,0.0,1
AA08,1558444252904672,3.43293165768425,-57.5,0.0,1
AA08,1558444252919662,3.463611273441963,-57.5,0.0,1
AA08,1558444252962904,3.439067580835793,-57.5,0.0,1
AA08,1558444252976592,3.451339427138878,-57.5,0.0,1
AA08,1558444253024215,3.469747196593506,-57.5,0.0,1
AA08,1558444253042089,3.43293165768425,-57.5,0.0,1
AA08,1558444253092356,3.43293165768425,-57.5,0.0,1
AA08,1558444253111525,3.463611273441963,-57.5,0.0,1
AA08,1558444253152901,3.469747196593506,-57.5,0.0,1
AA08,1558444253171524,3.445203503987335,-58.0,0.0,1
AA08,1558444253222880,3.3838442724719098,-57.5,0.0,1
AA08,1558444253241043,3.40838796507808,-57.5,0.0,1
AA08,1558444253279454,3.396116118774995,-58.0,0.0,1
AA08,1558444253301981,3.396116118774995,-57.5,0.0,1
AA08,1558444253344986,3.463611273441963,-57.5,0.0,1
AA08,1558444253367181,3.40838796507808,-57.5,0.0,1
AA08,1558444253409522,3.439067580835793,-57.5,0.0,1
AA08,1558444253432838,3.43293165768425,-57.5,0.0,1
AA08,1558444253473337,3.439067580835793,-57.5,0.0,1
AA08,1558444253500481,3.426795734532708,-57.5,0.0,1
AA08,1558444253545303,3.396116118774995,-57.5,0.0,1
AA08,1558444253556461,3.420659811381165,-57.5,0.0,1
AA08,1558444253606167,3.4145238882296227,-57.5,0.0,1
AA08,1558444253628275,3.3715724261688247,-58.0,0.0,1
AA08,1558444253669540,3.4022520419265376,-57.5,0.0,1
AA08,1558444253686730,3.3838442724719098,-57.5,0.0,1
AA08,1558444253742523,3.3408928104111117,-57.5,0.0,1
AA08,1558444253752770,3.4022520419265376,-57.5,0.0,1
AA08,1558444253792137,3.426795734532708,-58.0,0.0,1
AA08,1558444253816043,3.3838442724719098,-58.0,0.0,1
AA08,1558444253858137,3.3408928104111117,-57.5,0.0,1
AA08,1558444253877599,3.3470287335626545,-57.5,0.0,1
AA08,1558444253931659,3.451339427138878,-58.0,0.0,1
AA08,1558444253945124,3.353164656714197,-58.0,0.0,1
AA08,1558444253991060,3.426795734532708,-57.5,0.0,1
AA08,1558444254018175,3.396116118774995,-58.0,0.0,1
AA08,1558444254065039,3.377708349320367,-58.0,0.0,1
AA08,1558444254084288,3.377708349320367,-57.5,0.0,1
AA08,1558444254130552,3.3838442724719098,-57.5,0.0,1
AA08,1558444254149942,3.389980195623452,-58.0,0.0,1
AA08,1558444254191126,3.43293165768425,-57.5,0.0,1
AA08,1558444254207312,3.3408928104111117,-58.0,0.0,1
AA08,1558444254260824,3.3593005798657396,-57.5,0.0,1
AA08,1558444254275577,3.389980195623452,-58.0,0.0,1
AA08,1558444254325826,3.389980195623452,-58.0,0.0,1
AA08,1558444254336644,3.420659811381165,-58.0,0.0,1
AA08,1558444254382416,3.4145238882296227,-57.5,0.0,1
AA08,1558444254401076,3.389980195623452,-58.0,0.0,1
AA08,1558444254446008,3.396116118774995,-57.5,0.0,1
AA08,1558444254466999,3.445203503987335,-58.0,0.0,1
AA08,1558444254521378,3.426795734532708,-58.0,0.0,1
AA08,1558444254539827,3.396116118774995,-58.0,0.0,1
AA08,1558444254578273,3.426795734532708,-58.0,0.0,1
AA08,1558444254598961,3.43293165768425,-58.0,0.0,1
AA08,1558444254644477,3.420659811381165,-57.5,0.0,1
AA08,1558444254669345,3.426795734532708,-58.0,0.0,1
AA08,1558444254714806,3.3838442724719098,-57.5,0.0,1
AA08,1558444254735344,3.451339427138878,-57.5,0.0,1
AA08,1558444254773327,3.445203503987335,-58.0,0.0,1
AA08,1558444254787753,3.43293165768425,-57.5,0.0,1
AA08,1558444254839332,3.420659811381165,-58.0,0.0,1
AA08,1558444254858237,3.43293165768425,-58.0,0.0,1
AA08,1558444254901955,3.426795734532708,-58.0,0.0,1
AA08,1558444254920415,3.463611273441963,-58.0,0.0,1
AA08,1558444254967203,3.4881549660481332,-57.5,0.0,1
AA08,1558444254982711,3.475883119745048,-57.5,0.0,1
AA08,1558444255027270,3.469747196593506,-57.5,0.0,1
AA08,1558444255041520,3.475883119745048,-58.0,0.0,1
AA08,1558444255088097,3.439067580835793,-57.5,0.0,1
AA08,1558444255114540,3.439067580835793,-57.5,0.0,1
AA08,1558444255154336,3.420659811381165,-57.5,0.0,1
AA08,1558444255168227,3.445203503987335,-57.5,0.0,1
AA08,1558444255215519,3.451339427138878,-57.5,0.0,1
AA08,1558444255231962,3.4574753502904203,-58.0,0.0,1
AA08,1558444255276613,3.463611273441963,-57.5,0.0,1
AA08,1558444255296035,3.439067580835793,-58.0,0.0,1
AA08,1558444255336396,3.506562735502761,-58.5,0.0,1
AA08,1558444255359048,3.4574753502904203,-57.5,0.0,1
AA08,1558444255402995,3.463611273441963,-58.0,0.0,1
AA08,1558444255418113,3.43293165768425,-57.5,0.0,1
AA08,1558444255471937,3.4145238882296227,-58.0,0.0,1
AA08,1558444255481843,3.4145238882296227,-57.5,0.0,1
AA08,1558444255538092,3.426795734532708,-58.0,0.0,1
AA08,1558444255553920,3.4574753502904203,-57.5,0.0,1
AA08,1558444255603233,3.445203503987335,-57.5,0.0,1
AA08,1558444255616169,3.396116118774995,-58.0,0.0,1
AA08,1558444255667498,3.389980195623452,-57.5,0.0,1
AA08,1558444255682060,3.426795734532708,-57.5,0.0,1
AA08,1558444255724544,3.3838442724719098,-57.5,0.0,1
AA08,1558444255742326,3.4022520419265376,-58.0,0.0,1
AA08,1558444255790305,3.40838796507808,-58.0,0.0,1
AA08,1558444255806193,3.426795734532708,-58.0,0.0,1
AA08,1558444255863846,3.3838442724719098,-58.0,0.0,1
AA08,1558444255880460,3.377708349320367,-57.5,0.0,1
AA08,1558444255929364,3.445203503987335,-58.0,0.0,1
AA08,1558444255937269,3.451339427138878,-58.0,0.0,1
AA08,1558444255989055,3.389980195623452,-58.0,0.0,1
AA08,1558444256013669,3.4574753502904203,-57.5,0.0,1
AA08,1558444256052836,3.463611273441963,-58.0,0.0,1
AA08,1558444256063621,3.3838442724719098,-57.5,0.0,1
AA08,1558444256114969,3.475883119745048,-58.0,0.0,1
AA08,1558444256130958,3.439067580835793,-57.5,0.0,1
AA08,1558444256170260,3.445203503987335,-57.5,0.0,1
AA08,1558444256197190,3.445203503987335,-57.5,0.0,1
AA08,1558444256235975,3.377708349320367,-57.5,0.0,1
AA08,1558444256249479,3.439067580835793,-57.5,0.0,1
AA08,1558444256298836,3.445203503987335,-57.5,0.0,1
AA08,1558444256312061,3.396116118774995,-57.5,0.0,1
AA08,1558444256373591,3.463611273441963,-57.5,0.0,1
AA08,1558444256388145,3.469747196593506,-57.5,0.0,1
AA08,1558444256428816,3.451339427138878,-57.5,0.0,1
AA08,1558444256448394,3.43293165768425,-58.0,0.0,1
AA08,1558444256503417,3.426795734532708,-57.5,0.0,1
AA08,1558444256516969,3.389980195623452,-58.0,0.0,1
AA08,1558444256560459,3.5126986586543034,-57.5,0.0,1
AA08,1558444256577985,3.475883119745048,-57.5,0.0,1
AA08,1558444256623641,3.426795734532708,-57.5,0.0,1
AA08,1558444256640002,3.469747196593506,-57.5,0.0,1
AA08,1558444256693889,3.4881549660481332,-57.0,0.0,1
AA08,1558444256706221,3.4574753502904203,-57.5,0.0,1
AA08,1558444256755090,3.445203503987335,-57.5,0.0,1
AA08,1558444256766563,3.439067580835793,-57.5,0.0,1
AA08,1558444256816458,3.445203503987335,-57.5,0.0,1
AA08,1558444256832994,3.482019042896591,-57.5,0.0,1
AA08,1558444256870348,3.469747196593506,-58.0,0.0,1
AA08,1558444256887472,3.445203503987335,-57.5,0.0,1
AA08,1558444256942288,3.4881549660481332,-57.5,0.0,1
AA08,1558444256951763,3.4574753502904203,-57.5,0.0,1
AA08,1558444257001476,3.475883119745048,-57.5,0.0,1
AA08,1558444257017542,3.4145238882296227,-58.0,0.0,1
AA08,1558444257063427,3.482019042896591,-57.5,0.0,1
AA08,1558444257086596,3.420659811381165,-57.5,0.0,1
AA08,1558444257125807,3.463611273441963,-57.5,0.0,1
AA08,1558444257142478,3.43293165768425,-57.5,0.0,1
AA08,1558444257192471,3.475883119745048,-57.5,0.0,1
AA08,1558444257208671,3.439067580835793,-57.5,0.0,1
AA08,1558444257254631,3.482019042896591,-57.5,0.0,1
AA08,1558444257277880,3.426795734532708,-58.0,0.0,1
AA08,1558444257318753,3.426795734532708,-57.5,0.0,1
AA08,1558444257338500,3.3838442724719098,-57.5,0.0,1
AA08,1558444257389433,3.396116118774995,-57.5,0.0,1
AA08,1558444257412701,3.2918054251987714,-58.0,0.0,1
AA08,1558444257451236,3.445203503987335,-57.5,0.0,1
AA08,1558444257469170,3.463611273441963,-58.0,0.0,1
AA08,1558444257518859,3.482019042896591,-57.5,0.0,1
AA08,1558444257544812,3.445203503987335,-57.5,0.0,1
AA08,1558444257584946,3.4022520419265376,-57.5,0.0,1
AA08,1558444257608903,3.445203503987335,-57.5,0.0,1
AA08,1558444257652537,3.463611273441963,-58.0,0.0,1
AA08,1558444257663388,3.451339427138878,-58.0,0.0,1
AA08,1558444257722689,3.389980195623452,-57.5,0.0,1
AA08,1558444257741674,3.389980195623452,-57.5,0.0,1
AA08,1558444257779484,3.40838796507808,-57.5,0.0,1
AA08,1558444257799142,3.451339427138878,-57.5,0.0,1
AA08,1558444257843173,3.420659811381165,-58.0,0.0,1
AA08,1558444257866463,3.389980195623452,-57.5,0.0,1
AA08,1558444257913143,3.3286209641080267,-57.5,0.0,1
AA08,1558444257931963,3.3715724261688247,-58.0,0.0,1
AA08,1558444257975316,3.439067580835793,-58.0,0.0,1
AA08,1558444257990558,3.353164656714197,-58.0,0.0,1
AA08,1558444258037453,3.43293165768425,-57.5,0.0,1
AA08,1558444258061964,3.4574753502904203,-58.0,0.0,1
AA08,1558444258102632,3.426795734532708,-57.5,0.0,1
AA08,1558444258125109,3.426795734532708,-57.5,0.0,1
AA08,1558444258169354,3.3838442724719098,-58.0,0.0,1
AA08,1558444258187441,3.4022520419265376,-57.5,0.0,1
AA08,1558444258238199,3.4145238882296227,-58.0,0.0,1
AA08,1558444258252075,3.3838442724719098,-57.5,0.0,1
AA08,1558444258300811,3.3593005798657396,-57.5,0.0,1
AA08,1558444258312607,3.3838442724719098,-58.0,0.0,1
AA08,1558444258367595,3.463611273441963,-58.0,0.0,1
AA08,1558444258378103,3.420659811381165,-57.5,0.0,1
AA08,1558444258424929,3.3715724261688247,-58.0,0.0,1
AA08,1558444258445360,3.4022520419265376,-57.5,0.0,1
AA08,1558444258495022,3.439067580835793,-57.5,0.0,1
AA08,1558444258512457,3.420659811381165,-57.5,0.0,1
AA08,1558444258554867,3.40838796507808,-57.5,0.0,1
AA08,1558444258592435,3.40838796507808,-58.0,0.0,1
AA08,1558444258628454,3.43293165768425,-57.5,0.0,1
AA08,1558444258651710,3.426795734532708,-58.0,0.0,1
AA08,1558444258694572,3.426795734532708,-58.0,0.0,1
AA08,1558444258711897,3.377708349320367,-57.5,0.0,1
AA08,1558444258760420,3.43293165768425,-57.5,0.0,1
AA08,1558444258779533,3.4145238882296227,-57.5,0.0,1
AA08,1558444258826920,3.4145238882296227,-57.5,0.0,1
AA08,1558444258839397,3.451339427138878,-57.5,0.0,1
AA08,1558444258886411,3.40838796507808,-58.0,0.0,1
AA08,1558444258910667,3.4145238882296227,-58.0,0.0,1
AA08,1558444258955385,3.463611273441963,-57.5,0.0,1
AA08,1558444258976141,3.482019042896591,-58.0,0.0,1
AA08,1558444259025072,3.451339427138878,-57.5,0.0,1
AA08,1558444259044610,3.439067580835793,-57.5,0.0,1
AA08,1558444259090524,3.494290889199676,-57.0,0.0,1
AA08,1558444259111644,3.451339427138878,-57.5,0.0,1
AA08,1558444259161552,3.445203503987335,-58.0,0.0,1
AA08,1558444259176650,3.549514197563559,-57.5,0.0,1
AA08,1558444259218640,3.494290889199676,-57.5,0.0,1
AA08,1558444259234637,3.494290889199676,-57.5,0.0,1
AA08,1558444259282618,3.494290889199676,-57.5,0.0,1
AA08,1558444259297438,3.5004268123512183,-57.5,0.0,1
AA08,1558444259346896,3.494290889199676,-57.5,0.0,1
AA08,1558444259362601,3.463611273441963,-57.0,0.0,1
AA08,1558444259410166,3.518834581805846,-57.5,0.0,1
AA08,1558444259434409,3.4881549660481332,-57.5,0.0,1
AA08,1558444259483563,3.469747196593506,-58.0,0.0,1
AA08,1558444259500914,3.463611273441963,-57.5,0.0,1
AA08,1558444259536475,3.5004268123512183,-57.5,0.0,1
AA08,1558444259564311,3.469747196593506,-57.5,0.0,1
AA08,1558444259610666,3.5126986586543034,-57.5,0.0,1
AA08,1558444259625392,3.4881549660481332,-57.0,0.0,1
AA08,1558444259683981,3.451339427138878,-57.5,0.0,1
AA08,1558444259699719,3.4881549660481332,-57.5,0.0,1
AA08,1558444259746787,3.482019042896591,-57.5,0.0,1
AA08,1558444259762080,3.518834581805846,-57.5,0.0,1
AA08,1558444259805971,3.518834581805846,-57.5,0.0,1
AA08,1558444259827465,3.469747196593506,-57.5,0.0,1
AA08,1558444259873398,3.561786043866644,-57.5,0.0,1
AA08,1558444259893481,3.537242351260474,-57.5,0.0,1
AA08,1558444259938553,3.518834581805846,-57.5,0.0,1
AA08,1558444259957437,3.451339427138878,-57.5,0.0,1
AA08,1558444260002445,3.469747196593506,-57.5,0.0,1
AA08,1558444260024520,3.4881549660481332,-57.5,0.0,1
AA08,1558444260081782,3.5126986586543034,-57.5,0.0,1
AA08,1558444260102965,3.5126986586543034,-57.5,0.0,1
AA08,1558444260152786,3.5433782744120164,-57.5,0.0,1
AA08,1558444260161644,3.5126986586543034,-57.5,0.0,1
AA08,1558444260206613,3.506562735502761,-57.5,0.0,1
AA08,1558444260223815,3.5556501207151014,-57.0,0.0,1
AA08,1558444260274195,3.5556501207151014,-57.5,0.0,1
AA08,1558444260287540,3.506562735502761,-57.5,0.0,1
AA08,1558444260340786,3.561786043866644,-57.5,0.0,1
AA08,1558444260354791,3.5004268123512183,-58.0,0.0,1
AA08,1558444260401653,3.6231452753820697,-57.5,0.0,1
AA08,1558444260408828,3.475883119745048,-57.5,0.0,1
AA08,1558444260479741,3.5924656596243567,-57.0,0.0,1
AA08,1558444260500052,3.5679219670181865,-57.5,0.0,1
AA08,1558444260542176,3.5556501207151014,-58.0,0.0,1
AA08,1558444260557711,3.5740578901697293,-57.5,0.0,1
AA08,1558444260600466,3.5863297364728144,-57.5,0.0,1
AA08,1558444260619303,3.6047375059274422,-57.5,0.0,1
AA08,1558444260669610,3.6108734290789846,-57.5,0.0,1
AA08,1558444260680249,3.561786043866644,-57.5,0.0,1
AA08,1558444260731260,3.561786043866644,-57.5,0.0,1
AA08,1558444260739961,3.5679219670181865,-57.5,0.0,1
AA08,1558444260791403,3.537242351260474,-57.5,0.0,1
AA08,1558444260803627,3.549514197563559,-57.5,0.0,1
AA08,1558444260850595,3.506562735502761,-57.5,0.0,1
AA08,1558444260871675,3.5249705049573885,-57.5,0.0,1
AA08,1558444260918537,3.537242351260474,-58.0,0.0,1
AA08,1558444260928127,3.506562735502761,-58.0,0.0,1
AA08,1558444260977531,3.561786043866644,-57.5,0.0,1
AA08,1558444260999009,3.475883119745048,-57.5,0.0,1
AA08,1558444261044292,3.5556501207151014,-57.5,0.0,1
AA08,1558444261058718,3.537242351260474,-57.5,0.0,1
AA08,1558444261107540,3.537242351260474,-57.5,0.0,1
AA08,1558444261122494,3.4881549660481332,-57.5,0.0,1
AA08,1558444261171452,3.5126986586543034,-57.5,0.0,1
AA08,1558444261188448,3.469747196593506,-57.5,0.0,1
AA08,1558444261229127,3.5004268123512183,-57.5,0.0,1
AA08,1558444261251437,3.494290889199676,-57.5,0.0,1
AA08,1558444261299338,3.482019042896591,-57.5,0.0,1
AA08,1558444261321188,3.463611273441963,-57.5,0.0,1
AA08,1558444261367520,3.439067580835793,-57.5,0.0,1
AA08,1558444261381498,3.469747196593506,-58.0,0.0,1
AA08,1558444261430239,3.4881549660481332,-58.0,0.0,1
AA08,1558444261436874,3.4574753502904203,-57.5,0.0,1
AA08,1558444261485324,3.389980195623452,-58.0,0.0,1
AA08,1558444261511381,3.4881549660481332,-57.5,0.0,1
AA08,1558444261548080,3.475883119745048,-57.5,0.0,1
AA08,1558444261573647,3.4574753502904203,-57.5,0.0,1
AA08,1558444261614819,3.482019042896591,-58.0,0.0,1
AA08,1558444261642188,3.451339427138878,-57.0,0.0,1
AA08,1558444261685510,3.40838796507808,-57.5,0.0,1
AA08,1558444261703064,3.5004268123512183,-57.5,0.0,1
AA08,1558444261742349,3.463611273441963,-57.5,0.0,1
AA08,1558444261756412,3.451339427138878,-57.5,0.0,1
AA08,1558444261806239,3.475883119745048,-58.0,0.0,1
AA08,1558444261825493,3.426795734532708,-57.5,0.0,1
AA08,1558444261872616,3.475883119745048,-58.0,0.0,1
AA08,1558444261889430,3.4574753502904203,-58.0,0.0,1
AA08,1558444261930076,3.4574753502904203,-57.5,0.0,1
AA08,1558444261942585,3.43293165768425,-57.5,0.0,1
AA08,1558444261997686,3.4022520419265376,-58.0,0.0,1
AA08,1558444262009556,3.475883119745048,-57.5,0.0,1
AA08,1558444262052964,3.4574753502904203,-57.5,0.0,1
AA08,1558444262073982,3.518834581805846,-57.5,0.0,1
AA08,1558444262118856,3.4145238882296227,-58.0,0.0,1
AA08,1558444262136144,3.4145238882296227,-57.0,0.0,1
AA08,1558444262180481,3.5433782744120164,-57.5,0.0,1
AA08,1558444262200854,3.396116118774995,-58.0,0.0,1
AA08,1558444262249851,3.5004268123512183,-57.5,0.0,1
AA08,1558444262262541,3.4881549660481332,-57.5,0.0,1
AA08,1558444262313599,3.4022520419265376,-57.5,0.0,1
AA08,1558444262332325,3.445203503987335,-57.5,0.0,1
AA08,1558444262386966,3.451339427138878,-57.5,0.0,1
AA08,1558444262397930,3.445203503987335,-57.5,0.0,1
AA08,1558444262447630,3.482019042896591,-57.5,0.0,1
AA08,1558444262466206,3.482019042896591,-57.5,0.0,1
AA08,1558444262515025,3.506562735502761,-57.5,0.0,1
AA08,1558444262524873,3.5433782744120164,-57.5,0.0,1
AA08,1558444262569861,3.537242351260474,-57.5,0.0,1
AA08,1558444262588373,3.5249705049573885,-57.5,0.0,1
AA08,1558444262630625,3.494290889199676,-57.5,0.0,1
AA08,1558444262649610,3.463611273441963,-57.0,0.0,1
AA08,1558444262704060,3.5249705049573885,-57.5,0.0,1
AA08,1558444262715873,3.5311064281089313,-57.0,0.0,1
AA08,1558444262765105,3.5679219670181865,-57.5,0.0,1
AA08,1558444262774875,3.537242351260474,-57.5,0.0,1
AA08,1558444262819999,3.518834581805846,-58.0,0.0,1
AA08,1558444262835578,3.5004268123512183,-57.5,0.0,1
AA08,1558444262883939,3.4881549660481332,-57.5,0.0,1
AA08,1558444262902163,3.5249705049573885,-57.5,0.0,1
AA08,1558444262950623,3.518834581805846,-57.5,0.0,1
AA08,1558444262960545,3.5004268123512183,-57.5,0.0,1
AA08,1558444263014451,3.506562735502761,-57.5,0.0,1
AA08,1558444263021984,3.4574753502904203,-57.5,0.0,1
AA08,1558444263068396,3.506562735502761,-57.5,0.0,1
AA08,1558444263090282,3.5433782744120164,-57.5,0.0,1
AA08,1558444263138987,3.482019042896591,-57.5,0.0,1
AA08,1558444263154544,3.506562735502761,-57.5,0.0,1
AA08,1558444263193001,3.5126986586543034,-57.5,0.0,1
AA08,1558444263215134,3.5004268123512183,-57.5,0.0,1
AA08,1558444263260430,3.475883119745048,-57.5,0.0,1
AA08,1558444263283026,3.506562735502761,-57.5,0.0,1
AA08,1558444263324845,3.420659811381165,-58.0,0.0,1
AA08,1558444263342236,3.451339427138878,-57.0,0.0,1
AA08,1558444263388525,3.469747196593506,-57.5,0.0,1
AA08,1558444263412683,3.518834581805846,-57.5,0.0,1
AA08,1558444263448931,3.389980195623452,-57.5,0.0,1
AA08,1558444263474389,3.451339427138878,-58.0,0.0,1
AA08,1558444263514172,3.40838796507808,-57.5,0.0,1
AA08,1558444263536238,3.40838796507808,-57.5,0.0,1
AA08,1558444263573818,3.40838796507808,-57.5,0.0,1
AA08,1558444263597626,3.4574753502904203,-58.0,0.0,1
AA08,1558444263648486,3.3838442724719098,-57.5,0.0,1
AA08,1558444263659288,3.4022520419265376,-57.5,0.0,1
AA08,1558444263704633,3.389980195623452,-57.5,0.0,1
AA08,1558444263721488,3.389980195623452,-57.5,0.0,1
AA08,1558444263769504,3.377708349320367,-57.5,0.0,1
AA08,1558444263784586,3.420659811381165,-58.0,0.0,1
AA08,1558444263829078,3.3347568872595694,-58.0,0.0,1
AA08,1558444263850022,3.40838796507808,-58.0,0.0,1
AA08,1558444263895913,3.3470287335626545,-57.5,0.0,1
AA08,1558444263914284,3.3838442724719098,-58.0,0.0,1
AA08,1558444263957227,3.3715724261688247,-57.5,0.0,1
AA08,1558444263985046,3.377708349320367,-57.5,0.0,1
AA08,1558444264027068,3.3715724261688247,-57.5,0.0,1
AA08,1558444264038575,3.353164656714197,-57.5,0.0,1
AA08,1558444264092421,3.365436503017282,-58.0,0.0,1
AA08,1558444264105277,3.377708349320367,-58.0,0.0,1
AA08,1558444264154946,3.3715724261688247,-58.0,0.0,1
AA08,1558444264174656,3.40838796507808,-57.5,0.0,1
AA08,1558444264212829,3.3040772715018565,-58.0,0.0,1
AA08,1558444264238165,3