A996,923.125,1636535407499058,0.09203884727313846,-42.5
A996,923.125,1636535407510232,0.09817477042468103,-42.5
A996,923.125,1636535407518217,0.09817477042468103,-42.5
A996,923.125,1636535407527696,0.11658253987930872,-42.5
A996,923.125,1636535407535970,0.11658253987930872,-42.5
A996,923.125,1636535407543344,0.11658253987930872,-42.5
A996,923.125,1636535407552050,0.1043106935762236,-42.5
A996,923.125,1636535407559723,0.1227184630308513,-42.5
A996,923.125,1636535407569151,0.11044661672776616,-42.5
A996,923.125,1636535407580739,0.11658253987930872,-42.5
A996,923.125,1636535407590484,0.1043106935762236,-42.5
A996,923.125,1636535407600133,0.006135923151542565,-43.0
A996,923.125,1636535407607752,0.1227184630308513,-42.5
A996,923.125,1636535407618040,0.12885438618239387,-42.5
A996,923.125,1636535407623764,0.14726215563702155,-42.5
A996,923.125,1636535407636417,0.11044661672776616,-42.0
A996,923.125,1636535407645802,0.14726215563702155,-42.5
A996,923.125,1636535407650907,0.1043106935762236,-42.5
A996,923.125,1636535407663027,0.11658253987930872,-42.5
A996,923.125,1636535407670466,0.1227184630308513,-42.5
A996,923.125,1636535407682072,0.14112623248547898,-42.5
A996,923.125,1636535407691010,0.14112623248547898,-42.5
A996,923.125,1636535407699556,0.14726215563702155,-40.5
A996,923.125,1636535407706032,0.20248546400090464,-40.0
A996,923.125,1636535407716032,0.1227184630308513,-42.5
A996,923.125,1636535407722637,0.11044661672776616,-42.5
A996,923.125,1636535407733303,0.11658253987930872,-42.5
A996,923.125,1636535407762268,0.14726215563702155,-42.5
A996,923.125,1636535407770912,0.11658253987930872,-42.5
A996,923.125,1636535407777058,0.1043106935762236,-42.5
A996,923.125,1636535407786620,0.11044661672776616,-42.5
A996,923.125,1636535407794209,0.14112623248547898,-42.5
A996,923.125,1636535407804660,0.1349903093339364,-42.5
A996,923.125,1636535407814103,0.11658253987930872,-42.5
A996,923.125,1636535407824117,0.1227184630308513,-42.5
A996,923.125,1636535407831254,0.1227184630308513,-42.5
A996,923.125,1636535407840661,0.1349903093339364,-42.0
A996,923.125,1636535407866273,0.14112623248547898,-42.5
A996,923.125,1636535407875169,0.14726215563702155,-42.5
A996,923.125,1636535407883894,0.11044661672776616,-42.5
A996,923.125,1636535407913864,0.11044661672776616,-42.5
A996,923.125,1636535407918897,0.11658253987930872,-42.5
A996,923.125,1636535407927504,0.1043106935762236,-42.5
A996,923.125,1636535407938598,0.14112623248547898,-42.5
A996,923.125,1636535407949177,0.14726215563702155,-42.5
A996,923.125,1636535407955584,0.1227184630308513,-42.5
A996,923.125,1636535407962591,0.11044661672776616,-42.5
A996,923.125,1636535407975384,0.14726215563702155,-42.5
A996,923.125,1636535407982406,0.15339807878856412,-42.5
A996,923.125,1636535407992691,0.14112623248547898,-42.5
A996,923.125,1636535408001433,0.14726215563702155,-42.5
A996,923.125,1636535408025293,0.14112623248547898,-42.5
A996,923.125,1636535408035786,0.11658253987930872,-42.5
A996,923.125,1636535408041098,0.1227184630308513,-42.0
A996,923.125,1636535408050455,0.11044661672776616,-42.5
A996,923.125,1636535408079337,0.1227184630308513,-42.5
A996,923.125,1636535408084875,0.15339807878856412,-42.5
A996,923.125,1636535408094053,0.11044661672776616,-42.5
A996,923.125,1636535408104277,0.11044661672776616,-42.5
A996,923.125,1636535408115364,0.12885438618239387,-42.5
A996,923.125,1636535408123250,0.1227184630308513,-42.5
A996,923.125,1636535408133389,0.14112623248547898,-42.5
A996,923.125,1636535408138511,0.15339807878856412,-42.5
A996,923.125,1636535408151241,0.14726215563702155,-42.5
A996,923.125,1636535408160406,0.2270291566070749,-42.0
A996,923.125,1636535408170473,0.04295146206079795,-42.5
A996,923.125,1636535408179310,0.14112623248547898,-42.5
A996,923.125,1636535408188486,0.11044661672776616,-42.5
A996,923.125,1636535408200492,0.16566992509164924,-42.5
A996,923.125,1636535408206673,0.02454369260617026,-43.5
A996,923.125,1636535408216672,0.17794177139473438,-41.0
A996,923.125,1636535408226472,0.12885438618239387,-42.5
A996,923.125,1636535408233042,0.14112623248547898,-42.0
A996,923.125,1636535408241966,0.11658253987930872,-42.5
A996,923.125,1636535408253766,0.14726215563702155,-42.0
A996,923.125,1636535408261643,0.1227184630308513,-42.5
A996,923.125,1636535408270799,0.14726215563702155,-42.5
A996,923.125,1636535408281279,0.1227184630308513,-42.5
A996,923.125,1636535408288961,0.11658253987930872,-42.5
A996,923.125,1636535408297183,0.11658253987930872,-42.5
A996,923.125,1636535408306180,0.14112623248547898,-42.0
A996,923.125,1636535408317965,0.2086213871524472,-38.5
A996,923.125,1636535408325041,0.9817477042468103,-38.0
A996,923.125,1636535408335052,0.1227184630308513,-42.5
A996,923.125,1636535408344239,0.1227184630308513,-42.5
A996,923.125,1636535408352174,0.1043106935762236,-42.5
A996,923.125,1636535408379274,0.11044661672776616,-42.5
A996,923.125,1636535408387087,0.1227184630308513,-42.5
A996,923.125,1636535408394293,0.1227184630308513,-42.5
A996,923.125,1636535408402786,0.11658253987930872,-42.5
A996,923.125,1636535408414585,0.1349903093339364,-42.5
A996,923.125,1636535408424576,0.11658253987930872,-42.5
A996,923.125,1636535408430927,0.11658253987930872,-42.5
A996,923.125,1636535408442436,0.11658253987930872,-42.5
A996,923.125,1636535408449583,0.1349903093339364,-42.5
A996,923.125,1636535408457263,0.1043106935762236,-42.5
A996,923.125,1636535408465697,0.1349903093339364,-42.5
A996,923.125,1636535408490679,0.12885438618239387,-42.5
A996,923.125,1636535408500554,0.12885438618239387,-42.5
A996,923.125,1636535408507470,0.11658253987930872,-42.5
A996,923.125,1636535408539646,0.15339807878856412,-42.5
A996,923.125,1636535408546916,0.15339807878856412,-42.5
A996,923.125,1636535408552705,0.1595340019401067,-42.5
A996,923.125,1636535408564810,0.15339807878856412,-42.5
A996,923.125,1636535408573806,0.14112623248547898,-42.5
A996,923.125,1636535408581706,0.12885438618239387,-42.5
A996,923.125,1636535408591957,0.1043106935762236,-42.5
A996,923.125,1636535408599538,0.12885438618239387,-42.5
A996,923.125,1636535408608611,0.11044661672776616,-42.5
A996,923.125,1636535408618705,0.1349903093339364,-42.5
A996,923.125,1636535408628748,0.14112623248547898,-42.5
A996,923.125,1636535408633898,0.11658253987930872,-42.5
A996,923.125,1636535408645920,0.12885438618239387,-42.5
A996,923.125,1636535408651705,0.1227184630308513,-42.5
A996,923.125,1636535408665239,0.12885438618239387,-42.5
A996,923.125,1636535408689926,0.14112623248547898,-42.5
A996,923.125,1636535408694876,0.1227184630308513,-42.5
A996,923.125,1636535408705418,0.14726215563702155,-42.5
A996,923.125,1636535408713345,0.11044661672776616,-42.5
A996,923.125,1636535408724932,0.1718058482431918,-42.5
A996,923.125,1636535408733254,0.14112623248547898,-42.5
A996,923.125,1636535408741736,0.11044661672776616,-42.5
A996,923.125,1636535408749053,0.14726215563702155,-42.5
A996,923.125,1636535408759998,0.14112623248547898,-42.5
A996,923.125,1636535408769008,0.11658253987930872,-42.5
A996,923.125,1636535408779281,0.018407769454627694,-43.5
A996,923.125,1636535408787424,0.22089323345553233,-41.0
A996,923.125,1636535408793170,0.2086213871524472,-40.5
A996,923.125,1636535408804953,0.14112623248547898,-42.5
A996,923.125,1636535408812993,0.12885438618239387,-42.5
A996,923.125,1636535408821167,0.15339807878856412,-42.5
A996,923.125,1636535408829327,0.018407769454627694,-41.5
A996,923.125,1636535408840661,0.030679615757712823,-42.0
A996,923.125,1636535408851188,0.1227184630308513,-42.5
A996,923.125,1636535408860682,0.12885438618239387,-42.5
A996,923.125,1636535408868780,0.1349903093339364,-42.5
A996,923.125,1636535408879695,0.14726215563702155,-42.5
A996,923.125,1636535408886957,0.14726215563702155,-42.0
A996,923.125,1636535408897357,0.1349903093339364,-42.5
A996,923.125,1636535408904321,0.15339807878856412,-42.5
A996,923.125,1636535408914581,0.1043106935762236,-42.0
A996,923.125,1636535408922072,0.1227184630308513,-42.5
A996,923.125,1636535408928675,0.1349903093339364,-42.5
A996,923.125,1636535408955132,0.1227184630308513,-42.5
A996,923.125,1636535408965144,0.11658253987930872,-42.5
A996,923.125,1636535408974368,0.1227184630308513,-42.5
A996,923.125,1636535408984628,0.11658253987930872,-42.5
A996,923.125,1636535408991812,0.14112623248547898,-42.5
A996,923.125,1636535409001558,0.11044661672776616,-42.5
A996,923.125,1636535409009196,0.14726215563702155,-42.5
A996,923.125,1636535409019715,0.1043106935762236,-42.5
A996,923.125,1636535409029493,0.1349903093339364,-42.5
A996,923.125,1636535409034825,0.11044661672776616,-42.5
A996,923.125,1636535409046225,0.14112623248547898,-42.5
A996,923.125,1636535409055167,0.15339807878856412,-42.5
A996,923.125,1636535409065194,0.14726215563702155,-42.5
A996,923.125,1636535409073240,0.1349903093339364,-42.5
A996,923.125,1636535409082839,0.1227184630308513,-42.5
A996,923.125,1636535409092143,0.14112623248547898,-42.5
A996,923.125,1636535409100778,0.12885438618239387,-42.5
A996,923.125,1636535409110600,0.11658253987930872,-42.5
A996,923.125,1636535409117702,0.14112623248547898,-42.5
A996,923.125,1636535409127516,0.11658253987930872,-42.5
A996,923.125,1636535409133692,0.1349903093339364,-42.5
A996,923.125,1636535409163800,0.11658253987930872,-42.5
A996,923.125,1636535409171395,0.15339807878856412,-42.5
A996,923.125,1636535409177282,0.15339807878856412,-42.5
A996,923.125,1636535409190584,0.11658253987930872,-42.5
A996,923.125,1636535409200169,0.1227184630308513,-42.5
A996,923.125,1636535409208827,0.15339807878856412,-42.5
A996,923.125,1636535409215140,0.14112623248547898,-42.5
A996,923.125,1636535409223336,0.15339807878856412,-42.5
A996,923.125,1636535409235264,0.14112623248547898,-42.5
A996,923.125,1636535409244094,0.14112623248547898,-42.5
A996,923.125,1636535409252808,0.1595340019401067,-42.5
A996,923.125,1636535409263222,0.14112623248547898,-42.5
A996,923.125,1636535409268710,0.15339807878856412,-42.5
A996,923.125,1636535409279921,0.14112623248547898,-42.5
A996,923.125,1636535409289625,0.1349903093339364,-42.5
A996,923.125,1636535409298451,0.11044661672776616,-38.0
A996,923.125,1636535409308861,0.1349903093339364,-42.5
A996,923.125,1636535409313941,0.14726215563702155,-42.5
A996,923.125,1636535409325040,0.1227184630308513,-42.5
A996,923.125,1636535409332876,0.1227184630308513,-42.5
A996,923.125,1636535409341259,0.12885438618239387,-42.5
A996,923.125,1636535409349803,0.14112623248547898,-42.5
A996,923.125,1636535409359781,0.15339807878856412,-42.5
A996,923.125,1636535409372392,0.1043106935762236,-42.5
A996,923.125,1636535409380478,0.14726215563702155,-42.5
A996,922.375,1636535409395161,0.4356505437595221,-42.5
A996,922.375,1636535409403546,0.4172427743048944,-42.5
A996,922.375,1636535409415598,0.42337869745643697,-42.5
A996,922.375,1636535409425388,0.4295146206079795,-42.5
A996,922.375,1636535409434130,0.42337869745643697,-42.5
A996,922.375,1636535409440497,0.4356505437595221,-42.5
A996,922.375,1636535409451129,0.46019423636569234,-42.0
A996,922.375,1636535409459193,0.39269908169872414,-42.5
A996,922.375,1636535409471006,0.4540583132141498,-42.5
A996,922.375,1636535409476849,0.4295146206079795,-42.0
A996,922.375,1636535409487603,0.4540583132141498,-42.5
A996,922.375,1636535409496907,0.44178646691106466,-42.5
A996,922.375,1636535409507185,0.46019423636569234,-42.5
A996,922.375,1636535409515264,0.42337869745643697,-42.5
A996,922.375,1636535409520190,0.42337869745643697,-42.0
A996,922.375,1636535409531494,0.42337869745643697,-42.5
A996,922.375,1636535409539964,0.4479223900626072,-42.5
A996,922.375,1636535409548611,0.4295146206079795,-42.5
A996,922.375,1636535409557099,0.4540583132141498,-42.0
A996,922.375,1636535409567773,0.44178646691106466,-42.5
A996,922.375,1636535409575861,0.4295146206079795,-42.5
A996,922.375,1636535409583671,0.42337869745643697,-42.5
A996,922.375,1636535409596134,0.42337869745643697,-42.5
A996,922.375,1636535409620653,0.42337869745643697,-42.0
A996,922.375,1636535409629030,0.4356505437595221,-42.5
A996,922.375,1636535409636348,0.4356505437595221,-42.5
A996,922.375,1636535409647356,0.42337869745643697,-42.5
A996,922.375,1636535409655526,0.4356505437595221,-42.0
A996,922.375,1636535409665260,0.4295146206079795,-42.5
A996,922.375,1636535409673688,0.42337869745643697,-42.5
A996,922.375,1636535409683520,0.4172427743048944,-42.0
A996,922.375,1636535409690196,0.4295146206079795,-42.5
A996,922.375,1636535409699593,0.4295146206079795,-42.5
A996,922.375,1636535409707594,0.42337869745643697,-42.5
A996,922.375,1636535409718735,0.4479223900626072,-42.5
A996,922.375,1636535409728470,0.42337869745643697,-42.0
A996,922.375,1636535409736830,0.42337869745643697,-42.0
A996,922.375,1636535409746867,0.4479223900626072,-42.5
A996,922.375,1636535409755837,0.4172427743048944,-42.5
A996,922.375,1636535409779717,0.42337869745643697,-42.5
A996,922.375,1636535409790374,0.44178646691106466,-42.5
A996,922.375,1636535409798475,0.44178646691106466,-42.0
A996,922.375,1636535409804397,0.46019423636569234,-42.5
A996,922.375,1636535409816604,0.4663301595172349,-42.0
A996,922.375,1636535409825859,0.4172427743048944,-42.5
A996,922.375,1636535409835877,0.42337869745643697,-42.5
A996,922.375,1636535409841717,0.44178646691106466,-42.5
A996,922.375,1636535409852019,0.4295146206079795,-42.5
A996,922.375,1636535409862090,0.44178646691106466,-42.5
A996,922.375,1636535409870362,0.4724660826687775,-42.0
A996,922.375,1636535409880501,0.4356505437595221,-42.5
A996,922.375,1636535409885894,0.4540583132141498,-42.5
A996,922.375,1636535409898657,0.42337869745643697,-42.5
A996,922.375,1636535409904287,0.42337869745643697,-42.5
A996,922.375,1636535409932148,0.4540583132141498,-42.5
A996,922.375,1636535409942224,0.42337869745643697,-42.5
A996,922.375,1636535409949662,0.4479223900626072,-42.5
A996,922.375,1636535409958948,0.42337869745643697,-42.5
A996,922.375,1636535409965884,0.4295146206079795,-42.5
A996,922.375,1636535409978258,0.44178646691106466,-42.5
A996,922.375,1636535409984168,0.4540583132141498,-42.5
A996,922.375,1636535409990969,0.42337869745643697,-42.5
A996,922.375,1636535410003592,0.42337869745643697,-42.5
A996,922.375,1636535410012048,0.4479223900626072,-42.5
A996,922.375,1636535410020519,0.39269908169872414,-42.5
A996,922.375,1636535410027832,0.5154175447295755,-42.0
A996,922.375,1636535410042561,0.4295146206079795,-42.5
A996,922.375,1636535410050342,0.4295146206079795,-42.5
A996,922.375,1636535410059294,0.4479223900626072,-42.5
A996,922.375,1636535410069260,0.4295146206079795,-42.5
A996,922.375,1636535410079506,0.4540583132141498,-42.0
A996,922.375,1636535410087504,0.42337869745643697,-42.5
A996,922.375,1636535410094490,0.4295146206079795,-42.5
A996,922.375,1636535410103692,0.4295146206079795,-42.0
A996,922.375,1636535410111538,0.42337869745643697,-42.0
A996,922.375,1636535410119247,0.4479223900626072,-42.0
A996,922.375,1636535410133282,0.44178646691106466,-42.5
A996,922.375,1636535410139146,0.4356505437595221,-42.5
A996,922.375,1636535410146268,0.46019423636569234,-42.5
A996,922.375,1636535410158115,0.4172427743048944,-42.0
A996,922.375,1636535410164173,0.4479223900626072,-42.5
A996,922.375,1636535410173302,0.4356505437595221,-42.0
A996,922.375,1636535410200071,0.4295146206079795,-42.5
A996,922.375,1636535410211157,0.42337869745643697,-42.5
A996,922.375,1636535410217387,0.4295146206079795,-42.5
A996,922.375,1636535410241242,0.42337869745643697,-42.5
A996,922.375,1636535410252926,0.4663301595172349,-42.5
A996,922.375,1636535410260229,0.42337869745643697,-42.5
A996,922.375,1636535410271144,0.4295146206079795,-42.5
A996,922.375,1636535410279452,0.4295146206079795,-42.5
A996,922.375,1636535410289872,0.4172427743048944,-42.5
A996,922.375,1636535410297441,0.4295146206079795,-42.0
A996,922.375,1636535410307284,0.4540583132141498,-42.0
A996,922.375,1636535410316709,0.44178646691106466,-42.5
A996,922.375,1636535410324100,0.42337869745643697,-42.5
A996,922.375,1636535410334557,0.28225246497095796,-40.5
A996,922.375,1636535410343012,0.5276893910326605,-41.0
A996,922.375,1636535410352987,0.4356505437595221,-42.5
A996,922.375,1636535410358657,0.4479223900626072,-42.5
A996,922.375,1636535410366865,0.4172427743048944,-42.5
A996,922.375,1636535410378130,0.4295146206079795,-42.5
A996,922.375,1636535410388952,0.4356505437595221,-42.5
A996,922.375,1636535410398957,0.42337869745643697,-42.5
A996,922.375,1636535410405647,0.4172427743048944,-42.5
A996,922.375,1636535410413298,0.4479223900626072,-42.5
A996,922.375,1636535410424048,0.4479223900626072,-42.5
A996,922.375,1636535410432524,0.4356505437595221,-42.5
A996,922.375,1636535410441915,0.4295146206079795,-42.5
A996,922.375,1636535410450841,0.4295146206079795,-42.5
A996,922.375,1636535410458611,0.46019423636569234,-42.5
A996,922.375,1636535410469489,0.4295146206079795,-42.5
A996,922.375,1636535410477538,0.4111068511533518,-42.5
A996,922.375,1636535410488426,0.5890486225480862,-42.0
A996,922.375,1636535410492928,0.22089323345553233,-41.5
A996,922.375,1636535410504898,0.4172427743048944,-42.0
A996,922.375,1636535410511168,0.42337869745643697,-42.5
A996,922.375,1636535410522642,0.4479223900626072,-42.0
A996,922.375,1636535410531058,0.4540583132141498,-42.0
A996,922.375,1636535410557705,0.42337869745643697,-42.0
A996,922.375,1636535410568809,0.4295146206079795,-42.5
A996,922.375,1636535410576896,0.4295146206079795,-42.5
A996,922.375,1636535410587185,0.4663301595172349,-42.5
A996,922.375,1636535410595337,0.4356505437595221,-42.0
A996,922.375,1636535410605343,0.4172427743048944,-42.5
A996,922.375,1636535410610503,0.4295146206079795,-42.5
A996,922.375,1636535410623427,0.44178646691106466,-42.5
A996,922.375,1636535410630391,0.42337869745643697,-42.5
A996,922.375,1636535410639826,0.4295146206079795,-42.5
A996,922.375,1636535410650460,0.4479223900626072,-42.5
A996,922.375,1636535410656346,0.42337869745643697,-42.5
A996,922.375,1636535410666948,0.44178646691106466,-42.5
A996,922.375,1636535410675794,0.4295146206079795,-42.5
A996,922.375,1636535410685395,0.4540583132141498,-42.5
A996,922.375,1636535410694743,0.42337869745643697,-42.5
A996,922.375,1636535410704805,0.4295146206079795,-42.0
A996,922.375,1636535410713943,0.4479223900626072,-42.5
A996,922.375,1636535410719580,0.44178646691106466,-42.5
A996,922.375,1636535410731815,0.4356505437595221,-42.5
A996,922.375,1636535410739068,0.46019423636569234,-42.5
A996,922.375,1636535410747257,0.4540583132141498,-42.5
A996,922.375,1636535410755421,0.4540583132141498,-42.5
A996,922.375,1636535410765132,0.4295146206079795,-42.5
A996,922.375,1636535410774072,0.4663301595172349,-42.5
A996,922.375,1636535410783674,0.4540583132141498,-42.5
A996,922.375,1636535410794822,0.44178646691106466,-41.0
A996,922.375,1636535410802043,0.4111068511533518,-41.5
A996,922.375,1636535410810010,0.4111068511533518,-42.5
A996,922.375,1636535410819657,0.42337869745643697,-42.5
A996,922.375,1636535410826538,0.42337869745643697,-42.5
A996,922.375,1636535410837237,0.44178646691106466,-42.5
A996,922.375,1636535410864380,0.4479223900626072,-42.5
A996,922.375,1636535410871732,0.44178646691106466,-42.0
A996,922.375,1636535410879346,0.4295146206079795,-42.0
A996,922.375,1636535410891580,0.42337869745643697,-42.5
A996,922.375,1636535410899473,0.4295146206079795,-42.5
A996,922.375,1636535410905252,0.4663301595172349,-42.5
A996,922.375,1636535410918461,0.46019423636569234,-42.5
A996,922.375,1636535410925413,0.44178646691106466,-42.5
A996,922.375,1636535410936599,0.4356505437595221,-42.5
A996,922.375,1636535410941798,0.4540583132141498,-42.5
A996,922.375,1636535410952845,0.4295146206079795,-42.5
A996,922.375,1636535410964376,0.4356505437595221,-42.0
A996,922.375,1636535410970151,0.42337869745643697,-42.5
A996,922.375,1636535410980875,0.44178646691106466,-42.5
A996,922.375,1636535410987615,0.4479223900626072,-42.5
A996,922.375,1636535411016100,0.46019423636569234,-42.0
A996,922.375,1636535411024148,0.4479223900626072,-42.0
A996,922.375,1636535411033276,0.42337869745643697,-42.5
A996,922.375,1636535411042636,0.4356505437595221,-42.5
A996,922.375,1636535411050957,0.42337869745643697,-42.5
A996,922.375,1636535411058333,0.44178646691106466,-42.5
A996,922.375,1636535411067912,0.42337869745643697,-42.0
A996,922.375,1636535411079462,0.4479223900626072,-42.5
A996,922.375,1636535411084721,0.4295146206079795,-42.0
A996,922.375,1636535411092674,0.4356505437595221,-42.5
A996,922.375,1636535411123535,0.4295146206079795,-42.5
A996,922.375,1636535411131827,0.4295146206079795,-42.5
A996,922.375,1636535411139145,0.4295146206079795,-42.5
A996,922.375,1636535411151974,0.4663301595172349,-42.0
A996,922.375,1636535411159180,0.23316507975861744,-42.0
A996,922.375,1636535411168986,0.4663301595172349,-42.5
A996,922.375,1636535411178445,0.4356505437595221,-42.5
A996,922.375,1636535411185229,0.4295146206079795,-42.5
A996,922.375,1636535411193865,0.42337869745643697,-42.5
A996,922.375,1636535411201253,0.4295146206079795,-42.5
A996,922.375,1636535411212229,0.4295146206079795,-42.5
A996,922.375,1636535411222088,0.46019423636569234,-42.5
A996,922.375,1636535411231688,0.4540583132141498,-42.5
A996,922.375,1636535411237204,0.4295146206079795,-42.0
A996,922.375,1636535411250120,0.42337869745643697,-42.0
A996,922.375,1636535411258486,0.4295146206079795,-42.5
A996,922.375,1636535411266503,0.42337869745643697,-42.5
A996,922.375,1636535411274812,0.42337869745643697,-42.5
A996,922.375,1636535411285296,0.4540583132141498,-42.5
A996,921.625,1636535411300397,0.7424467013366504,-43.0
A996,921.625,1636535411310214,0.7424467013366504,-42.5
A996,921.625,1636535411320017,0.7485826244881929,-42.5
A996,921.625,1636535411329191,0.7240389318820226,-43.0
A996,921.625,1636535411336444,0.7117670855789375,-43.0
A996,921.625,1636535411343311,0.7363107781851077,-43.0
A996,921.625,1636535411355903,0.7485826244881929,-43.0
A996,921.625,1636535411363466,0.7485826244881929,-43.0
A996,921.625,1636535411374206,0.7669903939428205,-43.0
A996,921.625,1636535411382957,0.7792622402459057,-43.0
A996,921.625,1636535411391906,0.7301748550335652,-43.0
A996,921.625,1636535411402244,0.7363107781851077,-43.0
A996,921.625,1636535411410344,0.7424467013366504,-43.0
A996,921.625,1636535411415251,0.7485826244881929,-43.0
A996,921.625,1636535411427144,0.7301748550335652,-43.0
A996,921.625,1636535411437163,0.7547185476397354,-43.0
A996,921.625,1636535411447265,0.7363107781851077,-43.0
A996,921.625,1636535411455264,0.7301748550335652,-43.0
A996,921.625,1636535411464113,0.7731263170943632,-43.0
A996,921.625,1636535411472533,0.7363107781851077,-43.0
A996,921.625,1636535411478560,0.7424467013366504,-43.0
A996,921.625,1636535411487491,0.7363107781851077,-43.0
A996,921.625,1636535411500659,0.7363107781851077,-43.0
A996,921.625,1636535411507827,0.7424467013366504,-43.0
A996,921.625,1636535411517862,0.7485826244881929,-43.0
A996,921.625,1636535411524710,0.7547185476397354,-43.0
A996,921.625,1636535411535267,0.7424467013366504,-43.0
A996,921.625,1636535411543015,0.7853981633974483,-43.0
A996,921.625,1636535411551516,0.7485826244881929,-43.0
A996,921.625,1636535411562105,0.7424467013366504,-42.5
A996,921.625,1636535411572101,0.7363107781851077,-43.0
A996,921.625,1636535411580201,0.7547185476397354,-43.0
A996,921.625,1636535411589562,0.7363107781851077,-43.0
A996,921.625,1636535411598427,0.7485826244881929,-43.0
A996,921.625,1636535411605325,0.760854470791278,-43.0
A996,921.625,1636535411614161,0.7485826244881929,-43.0
A996,921.625,1636535411626117,0.7669903939428205,-43.0
A996,921.625,1636535411635915,0.7301748550335652,-43.0
A996,921.625,1636535411643762,0.7669903939428205,-43.0
A996,921.625,1636535411650204,0.7363107781851077,-43.0
A996,921.625,1636535411661120,0.7485826244881929,-43.0
A996,921.625,1636535411667876,0.7424467013366504,-43.0
A996,921.625,1636535411678146,0.7424467013366504,-43.0
A996,921.625,1636535411686590,0.7485826244881929,-43.0
A996,921.625,1636535411698227,0.7363107781851077,-43.0
A996,921.625,1636535411705432,0.7485826244881929,-43.0
A996,921.625,1636535411713646,0.7424467013366504,-43.0
A996,921.625,1636535411723882,0.7301748550335652,-43.0
A996,921.625,1636535411733373,0.7240389318820226,-43.0
A996,921.625,1636535411742676,0.7240389318820226,-43.0
A996,921.625,1636535411752358,0.7485826244881929,-43.0
A996,921.625,1636535411757572,0.7301748550335652,-43.0
A996,921.625,1636535411767773,0.7301748550335652,-43.0
A996,921.625,1636535411778001,0.7363107781851077,-43.0
A996,921.625,1636535411786283,0.7363107781851077,-43.0
A996,921.625,1636535411794940,0.7547185476397354,-43.0
A996,921.625,1636535411805896,0.7485826244881929,-43.0
A996,921.625,1636535411814832,0.7485826244881929,-43.0
A996,921.625,1636535411823195,0.7424467013366504,-43.0
A996,921.625,1636535411831928,0.7485826244881929,-43.0
A996,921.625,1636535411840273,0.760854470791278,-43.0
A996,921.625,1636535411850510,0.7240389318820226,-43.0
A996,921.625,1636535411856994,0.7792622402459057,-43.0
A996,921.625,1636535411865430,0.7363107781851077,-43.0
A996,921.625,1636535411876160,0.7363107781851077,-43.0
A996,921.625,1636535411885944,0.7424467013366504,-43.0
A996,921.625,1636535411895175,0.7240389318820226,-43.0
A996,921.625,1636535411904436,0.7424467013366504,-43.0
A996,921.625,1636535411913294,0.7363107781851077,-43.0
A996,921.625,1636535411920071,0.7363107781851077,-43.0
A996,921.625,1636535411928170,0.760854470791278,-43.0
A996,921.625,1636535411938413,0.7363107781851077,-43.0
A996,921.625,1636535411948205,0.7179030087304801,-43.0
A996,921.625,1636535411957064,0.7240389318820226,-43.0
A996,921.625,1636535411965167,0.7363107781851077,-43.0
A996,921.625,1636535411975433,0.7363107781851077,-43.0
A996,921.625,1636535411982572,0.7301748550335652,-43.0
A996,921.625,1636535411993991,0.7424467013366504,-43.0
A996,921.625,1636535411999771,0.7792622402459057,-43.0
A996,921.625,1636535412011420,0.7301748550335652,-43.0
A996,921.625,1636535412017434,0.7424467013366504,-43.0
A996,921.625,1636535412027922,0.7424467013366504,-43.0
A996,921.625,1636535412037075,0.662679700366597,-40.5
A996,921.625,1636535412047271,0.619728238305799,-40.5
A996,921.625,1636535412056532,0.7424467013366504,-43.0
A996,921.625,1636535412063642,0.7301748550335652,-43.0
A996,921.625,1636535412072598,0.7485826244881929,-43.0
A996,921.625,1636535412083078,0.7485826244881929,-43.0
A996,921.625,1636535412091546,0.7669903939428205,-43.0
A996,921.625,1636535412099032,0.7424467013366504,-43.0
A996,921.625,1636535412109369,0.7485826244881929,-43.0
A996,921.625,1636535412115874,0.7179030087304801,-43.0
A996,921.625,1636535412127253,0.7485826244881929,-43.0
A996,921.625,1636535412133957,0.7301748550335652,-43.0
A996,921.625,1636535412145539,0.7669903939428205,-43.0
A996,921.625,1636535412154460,0.7853981633974483,-43.0
A996,921.625,1636535412164266,0.7485826244881929,-43.0
A996,921.625,1636535412174346,0.7363107781851077,-42.5
A996,921.625,1636535412179765,0.7301748550335652,-43.0
A996,921.625,1636535412189990,0.7424467013366504,-43.0
A996,921.625,1636535412198312,0.7485826244881929,-43.0
A996,921.625,1636535412208913,0.7424467013366504,-43.0
A996,921.625,1636535412217571,0.7363107781851077,-43.0
A996,921.625,1636535412228151,0.7424467013366504,-43.0
A996,921.625,1636535412237138,0.7301748550335652,-43.0
A996,921.625,1636535412244306,0.7363107781851077,-43.0
A996,921.625,1636535412253217,0.7424467013366504,-43.0
A996,921.625,1636535412259728,0.7485826244881929,-43.0
A996,921.625,1636535412271390,0.7424467013366504,-43.0
A996,921.625,1636535412280078,0.7547185476397354,-43.0
A996,921.625,1636535412286870,0.7179030087304801,-43.0
A996,921.625,1636535412298846,0.7424467013366504,-43.0
A996,921.625,1636535412305628,0.7301748550335652,-43.0
A996,921.625,1636535412315327,0.7301748550335652,-43.0
A996,921.625,1636535412325359,0.7792622402459057,-43.0
A996,921.625,1636535412332482,0.7485826244881929,-43.0
A996,921.625,1636535412342585,0.7240389318820226,-43.0
A996,921.625,1636535412348852,0.7179030087304801,-43.0
A996,921.625,1636535412361830,0.7363107781851077,-43.0
A996,921.625,1636535412370746,0.7240389318820226,-43.0
A996,921.625,1636535412378505,0.7179030087304801,-43.0
A996,921.625,1636535412387809,0.7424467013366504,-43.0
A996,921.625,1636535412406806,0.8160777791551611,-38.5
A996,921.625,1636535412416224,0.7485826244881929,-43.0
A996,921.625,1636535412424061,0.7424467013366504,-43.0
A996,921.625,1636535412433883,0.7547185476397354,-43.0
A996,921.625,1636535412442280,0.7301748550335652,-43.0
A996,921.625,1636535412450666,0.7731263170943632,-43.0
A996,921.625,1636535412457079,0.7424467013366504,-43.0
A996,921.625,1636535412470500,0.7240389318820226,-43.0
A996,921.625,1636535412479679,0.7485826244881929,-43.0
A996,921.625,1636535412486395,0.7485826244881929,-43.0
A996,921.625,1636535412495263,0.7424467013366504,-43.0
A996,921.625,1636535412506150,0.7301748550335652,-43.0
A996,921.625,1636535412514896,0.7547185476397354,-43.0
A996,921.625,1636535412523615,0.7485826244881929,-43.0
A996,921.625,1636535412533612,0.7363107781851077,-43.0
A996,921.625,1636535412543137,0.7363107781851077,-43.0
A996,921.625,1636535412550073,0.7485826244881929,-42.5
A996,921.625,1636535412561770,0.7363107781851077,-42.5
A996,921.625,1636535412571163,0.7117670855789375,-43.0
A996,921.625,1636535412580382,0.760854470791278,-43.0
A996,921.625,1636535412589286,0.7301748550335652,-43.0
A996,921.625,1636535412597144,0.7301748550335652,-43.0
A996,921.625,1636535412604090,0.7424467013366504,-43.0
A996,921.625,1636535412615065,0.7363107781851077,-43.0
A996,921.625,1636535412625557,0.7424467013366504,-43.0
A996,921.625,1636535412631273,0.7424467013366504,-43.0
A996,921.625,1636535412639722,0.7485826244881929,-43.0
A996,921.625,1636535412648584,0.7485826244881929,-43.0
A996,921.625,1636535412660410,0.7301748550335652,-43.0
A996,921.625,1636535412669624,0.7731263170943632,-43.0
A996,921.625,1636535412677208,0.760854470791278,-43.0
A996,921.625,1636535412685089,0.7363107781851077,-43.0
A996,921.625,1636535412697864,0.7301748550335652,-43.0
A996,921.625,1636535412702447,0.7853981633974483,-43.0
A996,921.625,1636535412714276,0.7485826244881929,-43.0
A996,921.625,1636535412723869,0.7485826244881929,-43.0
A996,921.625,1636535412732134,0.7301748550335652,-43.0
A996,921.625,1636535412742206,0.760854470791278,-43.0
A996,921.625,1636535412749740,0.7363107781851077,-43.0
A996,921.625,1636535412758926,0.7547185476397354,-43.0
A996,921.625,1636535412768123,0.760854470791278,-43.0
A996,921.625,1636535412777242,0.7424467013366504,-43.0
A996,921.625,1636535412783468,0.705631162427395,-43.0
A996,921.625,1636535412792009,0.7363107781851077,-43.0
A996,921.625,1636535412803330,0.7547185476397354,-43.0
A996,921.625,1636535412810544,0.7485826244881929,-43.0
A996,921.625,1636535412823365,0.803805932852076,-43.0
A996,921.625,1636535412830861,0.7792622402459057,-43.0
A996,921.625,1636535412840119,0.7301748550335652,-43.0
A996,921.625,1636535412846526,0.7363107781851077,-43.0
A996,921.625,1636535412857428,0.7424467013366504,-43.0
A996,921.625,1636535412865539,0.7485826244881929,-43.0
A996,921.625,1636535412877088,0.7547185476397354,-43.0
A996,921.625,1636535412885393,0.7485826244881929,-43.0
A996,921.625,1636535412891009,0.7547185476397354,-43.0
A996,921.625,1636535412900018,0.7424467013366504,-43.0
A996,921.625,1636535412909999,0.7547185476397354,-43.0
A996,921.625,1636535412920587,0.7363107781851077,-43.0
A996,921.625,1636535412927062,0.7424467013366504,-43.0
A996,921.625,1636535412939101,0.7485826244881929,-43.0
A996,921.625,1636535412945170,0.7547185476397354,-43.0
A996,921.625,1636535412957090,0.7485826244881929,-43.0
A996,921.625,1636535412964804,0.7485826244881929,-43.0
A996,921.625,1636535412975739,0.7363107781851077,-43.0
A996,921.625,1636535412984466,0.7424467013366504,-43.0
A996,921.625,1636535412993125,0.7424467013366504,-43.0
A996,921.625,1636535413001625,0.760854470791278,-43.0
A996,921.625,1636535413012201,0.25770877236478773,-38.0
A996,921.625,1636535413020007,0.760854470791278,-38.5
A996,921.625,1636535413029394,0.7301748550335652,-43.0
A996,921.625,1636535413036690,0.7424467013366504,-43.0
A996,921.625,1636535413045537,0.7301748550335652,-43.0
A996,921.625,1636535413053826,0.7363107781851077,-43.0
A996,921.625,1636535413064693,0.7547185476397354,-43.0
A996,921.625,1636535413073305,0.7424467013366504,-43.0
A996,921.625,1636535413082767,0.7240389318820226,-43.0
A996,921.625,1636535413092284,0.7363107781851077,-43.0
A996,921.625,1636535413099269,0.7731263170943632,-43.0
A996,921.625,1636535413109752,0.7485826244881929,-43.0
A996,921.625,1636535413117103,0.7301748550335652,-43.0
A996,921.625,1636535413124463,0.7485826244881929,-43.0
A996,921.625,1636535413137362,0.760854470791278,-43.0
A996,921.625,1636535413144781,0.7731263170943632,-43.0
A996,921.625,1636535413156068,0.7485826244881929,-43.0
A996,921.625,1636535413163494,0.7485826244881929,-43.0
A996,921.625,1636535413172079,0.7485826244881929,-43.0
A996,921.625,1636535413178364,0.7547185476397354,-43.0
A996,921.375,1636535413196539,0.8406214717613314,-43.0
A996,921.375,1636535413204043,0.8222137023067037,-43.0
A996,921.375,1636535413214286,0.8222137023067037,-43.0
A996,921.375,1636535413225611,0.8160777791551611,-43.0
A996,921.375,1636535413233960,0.8406214717613314,-43.0
A996,921.375,1636535413241057,0.8283496254582462,-43.0
A996,921.375,1636535413252432,0.8222137023067037,-43.0
A996,921.375,1636535413259909,0.8283496254582462,-43.0
A996,921.375,1636535413268849,0.8344855486097889,-43.0
A996,921.375,1636535413292268,0.8283496254582462,-43.0
A996,921.375,1636535413304780,0.8283496254582462,-43.0
A996,921.375,1636535413312672,0.8344855486097889,-43.0
A996,921.375,1636535413320750,0.8406214717613314,-43.0
A996,921.375,1636535413332395,0.8713010875190442,-41.0
A996,921.375,1636535413339606,0.8467573949128739,-43.0
A996,921.375,1636535413349858,0.8222137023067037,-43.0
A996,921.375,1636535413358189,0.8160777791551611,-42.5
A996,921.375,1636535413363483,0.8406214717613314,-43.0
A996,921.375,1636535413374209,0.8283496254582462,-43.0
A996,921.375,1636535413381787,0.8467573949128739,-43.0
A996,921.375,1636535413395361,0.8406214717613314,-43.0
A996,921.375,1636535413402653,0.8528933180644165,-43.0
A996,921.375,1636535413408691,0.8344855486097889,-43.0
A996,921.375,1636535413419160,0.8467573949128739,-43.0
A996,921.375,1636535413428364,0.8283496254582462,-43.0
A996,921.375,1636535413438332,0.8467573949128739,-43.0
A996,921.375,1636535413446781,0.8406214717613314,-43.0
A996,921.375,1636535413455655,0.8528933180644165,-43.0
A996,921.375,1636535413463757,0.8344855486097889,-43.0
A996,921.375,1636535413472997,0.8283496254582462,-43.0
A996,921.375,1636535413482267,0.8467573949128739,-43.0
A996,921.375,1636535413491207,0.8467573949128739,-42.5
A996,921.375,1636535413500724,0.8406214717613314,-43.0
A996,921.375,1636535413508781,0.8467573949128739,-43.0
A996,921.375,1636535413515663,0.8406214717613314,-43.0
A996,921.375,1636535413524842,0.8283496254582462,-43.0
A996,921.375,1636535413536497,0.8222137023067037,-43.0
A996,921.375,1636535413543477,0.8651651643675016,-43.0
A996,921.375,1636535413554399,0.8283496254582462,-43.0
A996,921.375,1636535413561784,0.8344855486097889,-43.0
A996,921.375,1636535413573683,0.8222137023067037,-43.0
A996,921.375,1636535413582056,0.8467573949128739,-43.0
A996,921.375,1636535413589939,0.8467573949128739,-43.0
A996,921.375,1636535413600565,0.8528933180644165,-43.0
A996,921.375,1636535413608393,0.8406214717613314,-43.0
A996,921.375,1636535413618895,0.8160777791551611,-43.0
A996,921.375,1636535413625710,0.8406214717613314,-43.0
A996,921.375,1636535413636840,0.8222137023067037,-43.0
A996,921.375,1636535413643391,0.8528933180644165,-43.0
A996,921.375,1636535413654909,0.8344855486097889,-43.0
A996,921.375,1636535413661036,0.8283496254582462,-43.0
A996,921.375,1636535413670835,0.8283496254582462,-43.0
A996,921.375,1636535413682311,0.8344855486097889,-43.0
A996,921.375,1636535413690142,0.8528933180644165,-43.0
A996,921.375,1636535413699318,0.8283496254582462,-43.0
A996,921.375,1636535413709107,0.8406214717613314,-43.0
A996,921.375,1636535413718096,0.8651651643675016,-43.0
A996,921.375,1636535413726446,0.8344855486097889,-43.0
A996,921.375,1636535413732964,0.8467573949128739,-43.0
A996,921.375,1636535413743406,0.8406214717613314,-43.0
A996,921.375,1636535413750374,0.8467573949128739,-43.0
A996,921.375,1636535413762791,0.859029241215959,-43.0
A996,921.375,1636535413770989,0.8406214717613314,-43.0
A996,921.375,1636535413777437,0.8283496254582462,-43.0
A996,921.375,1636535413790379,1.0737865515199487,-41.5
A996,921.375,1636535413801527,0.8160777791551611,-41.5
A996,921.375,1636535413812266,0.8406214717613314,-43.0
A996,921.375,1636535413821269,0.8344855486097889,-43.0
A996,921.375,1636535413828485,0.8406214717613314,-43.0
A996,921.375,1636535413838472,0.8160777791551611,-43.0
A996,921.375,1636535413847695,0.8344855486097889,-43.0
A996,921.375,1636535413854865,0.8467573949128739,-43.0
A996,921.375,1636535413864139,0.8283496254582462,-43.0
A996,921.375,1636535413872010,0.8222137023067037,-43.0
A996,921.375,1636535413883679,0.8222137023067037,-43.0
A996,921.375,1636535413890139,0.8406214717613314,-43.0
A996,921.375,1636535413901277,0.8344855486097889,-43.0
A996,921.375,1636535413906449,0.8344855486097889,-43.0
A996,921.375,1636535413917727,0.8283496254582462,-43.0
A996,921.375,1636535413926460,0.8406214717613314,-43.0
A996,921.375,1636535413935432,0.8528933180644165,-43.0
A996,921.375,1636535413942553,0.9817477042468103,-41.0
A996,921.375,1636535413956440,0.7976700097005334,-41.0
A996,921.375,1636535413962063,0.8222137023067037,-43.0
A996,921.375,1636535413971222,0.8467573949128739,-43.0
A996,921.375,1636535413983440,0.8283496254582462,-43.0
A996,921.375,1636535413988029,0.8344855486097889,-43.0
A996,921.375,1636535413996261,0.8344855486097889,-43.0
A996,921.375,1636535414009469,0.8406214717613314,-43.0
A996,921.375,1636535414016156,0.8344855486097889,-43.0
A996,921.375,1636535414026198,0.8283496254582462,-43.0
A996,921.375,1636535414037037,0.8467573949128739,-43.0
A996,921.375,1636535414043248,0.8283496254582462,-43.0
A996,921.375,1636535414053112,0.8344855486097889,-43.0
A996,921.375,1636535414061766,0.8222137023067037,-43.0
A996,921.375,1636535414071093,0.8160777791551611,-43.0
A996,921.375,1636535414080751,0.8467573949128739,-43.0
A996,921.375,1636535414090295,0.8283496254582462,-43.0
A996,921.375,1636535414100290,0.6688156235181395,-41.0
A996,921.375,1636535414108347,0.9510680884890975,-41.0
A996,921.375,1636535414118138,0.8528933180644165,-43.0
A996,921.375,1636535414124027,0.8283496254582462,-43.0
A996,921.375,1636535414132703,0.8528933180644165,-43.0
A996,921.375,1636535414142536,0.8283496254582462,-43.0
A996,921.375,1636535414152650,0.8467573949128739,-43.0
A996,921.375,1636535414161015,0.8467573949128739,-43.0
A996,921.375,1636535414167066,0.8344855486097889,-43.0
A996,921.375,1636535414179125,0.8283496254582462,-43.0
A996,921.375,1636535414187828,0.8344855486097889,-43.0
A996,921.375,1636535414194773,0.8344855486097889,-43.0
A996,921.375,1636535414205422,0.8406214717613314,-43.0
A996,921.375,1636535414215626,0.8160777791551611,-43.0
A996,921.375,1636535414220772,0.8222137023067037,-43.0
A996,921.375,1636535414232877,0.8467573949128739,-43.0
A996,921.375,1636535414240272,0.8467573949128739,-43.0
A996,921.375,1636535414247861,0.8222137023067037,-43.0
A996,921.375,1636535414258156,0.8283496254582462,-42.5
A996,921.375,1636535414266252,0.9203884727313847,-42.0
A996,921.375,1636535414278206,0.8344855486097889,-43.0
A996,921.375,1636535414285882,0.8467573949128739,-43.0
A996,921.375,1636535414293836,0.8222137023067037,-43.0
A996,921.375,1636535414306346,0.8344855486097889,-43.0
A996,921.375,1636535414313951,0.8222137023067037,-43.0
A996,921.375,1636535414323191,0.8344855486097889,-43.0
A996,921.375,1636535414331725,0.8467573949128739,-43.0
A996,921.375,1636535414339862,0.8283496254582462,-43.0
A996,921.375,1636535414351168,0.8406214717613314,-43.0
A996,921.375,1636535414360782,0.8344855486097889,-43.0
A996,921.375,1636535414366809,0.8467573949128739,-43.0
A996,921.375,1636535414377423,0.8283496254582462,-43.0
A996,921.375,1636535414387064,0.8406214717613314,-43.0
A996,921.375,1636535414396264,0.8406214717613314,-43.0
A996,921.375,1636535414406379,0.8222137023067037,-43.0
A996,921.375,1636535414413097,0.8344855486097889,-43.0
A996,921.375,1636535414423320,0.8283496254582462,-43.0
A996,921.375,1636535414432052,0.8406214717613314,-43.0
A996,921.375,1636535414439961,0.8283496254582462,-43.0
A996,921.375,1636535414451190,0.8344855486097889,-43.0
A996,921.375,1636535414461146,0.8283496254582462,-43.0
A996,921.375,1636535414467926,0.8713010875190442,-43.0
A996,921.375,1636535414477861,0.8344855486097889,-43.0
A996,921.375,1636535414486927,0.8467573949128739,-43.0
A996,921.375,1636535414496308,0.8467573949128739,-43.0
A996,921.375,1636535414505840,0.8406214717613314,-43.0
A996,921.375,1636535414515086,1.0615147052168636,-41.0
A996,921.375,1636535414523399,0.8651651643675016,-41.0
A996,921.375,1636535414530525,0.859029241215959,-43.0
A996,921.375,1636535414544136,0.8283496254582462,-43.0
A996,921.375,1636535414552433,0.8344855486097889,-43.0
A996,921.375,1636535414558972,0.8283496254582462,-43.0
A996,921.375,1636535414566081,0.8406214717613314,-43.0
A996,921.375,1636535414578130,0.8344855486097889,-43.0
A996,921.375,1636535414587918,0.8283496254582462,-43.0
A996,921.375,1636535414597245,0.8099418560036186,-43.0
A996,921.375,1636535414604222,0.8222137023067037,-43.0
A996,921.375,1636535414615932,0.8222137023067037,-43.0
A996,921.375,1636535414620247,0.8406214717613314,-43.0
A996,921.375,1636535414631109,0.8528933180644165,-43.0
A996,921.375,1636535414638191,0.8406214717613314,-43.0
A996,921.375,1636535414649115,0.8467573949128739,-43.0
A996,921.375,1636535414660254,0.8344855486097889,-43.0
A996,921.375,1636535414665405,0.8406214717613314,-43.0
A996,921.375,1636535414675676,0.8406214717613314,-43.0
A996,921.375,1636535414685765,0.8344855486097889,-43.0
A996,921.375,1636535414694345,0.8222137023067037,-43.0
A996,921.375,1636535414703028,0.8344855486097889,-43.0
A996,921.375,1636535414713089,0.8467573949128739,-43.0
A996,921.375,1636535414739337,0.8344855486097889,-43.0
A996,921.375,1636535414746958,0.8467573949128739,-43.0
A996,921.375,1636535414754704,0.8406214717613314,-43.0
A996,921.375,1636535414765820,0.8406214717613314,-43.0
A996,921.375,1636535414771426,0.8406214717613314,-43.0
A996,921.375,1636535414784105,0.8406214717613314,-43.0
A996,921.375,1636535414793546,0.8283496254582462,-43.0
A996,921.375,1636535414802518,0.8528933180644165,-43.0
A996,921.375,1636535414812274,0.8344855486097889,-43.0
A996,921.375,1636535414819588,0.8222137023067037,-43.0
A996,921.375,1636535414829344,0.8344855486097889,-43.0
A996,921.375,1636535414837734,0.859029241215959,-43.0
A996,921.375,1636535414844664,0.8344855486097889,-43.0
A996,921.375,1636535414854781,0.8344855486097889,-43.0
A996,921.375,1636535414861933,0.8406214717613314,-43.0
A996,921.375,1636535414874678,0.8344855486097889,-43.0
A996,921.375,1636535414881939,0.8283496254582462,-43.0
A996,921.375,1636535414890943,0.8467573949128739,-43.0
A996,921.375,1636535414901174,0.8222137023067037,-43.0
A996,921.375,1636535414910466,0.8222137023067037,-43.0
A996,921.375,1636535414916299,0.8344855486097889,-43.0
A996,921.375,1636535414929386,0.8406214717613314,-43.0
A996,921.375,1636535414937067,0.8406214717613314,-43.0
A996,921.375,1636535414946424,0.8467573949128739,-43.0
A996,921.375,1636535414954087,0.8406214717613314,-43.0
A996,921.375,1636535414962506,0.8344855486097889,-43.0
A996,921.375,1636535414972301,0.8283496254582462,-43.0
A996,921.375,1636535414982720,0.8283496254582462,-43.0
A996,921.375,1636535414991049,0.8406214717613314,-43.0
A996,921.375,1636535414998850,0.8713010875190442,-43.0
A996,921.375,1636535415009077,0.8283496254582462,-43.0
A996,921.375,1636535415014653,0.8406214717613314,-43.0
A996,921.375,1636535415026240,0.8713010875190442,-43.0
A996,921.375,1636535415036558,0.8406214717613314,-43.0
A996,921.375,1636535415044619,0.8406214717613314,-43.0
A996,921.375,1636535415054431,0.8467573949128739,-43.0
A996,921.375,1636535415060277,0.8344855486097889,-43.0
A996,921.375,1636535415070535,0.8222137023067037,-43.0
A996,921.375,1636535415080884,0.8283496254582462,-43.0
A996,921.375,1636535415088237,0.8283496254582462,-43.0
A996,921.875,1636535415103623,0.6135923151542565,-42.5
A996,921.875,1636535415111678,0.6320000846088841,-43.0
A996,921.875,1636535415122130,0.619728238305799,-43.0
A996,921.875,1636535415132634,0.6258641614573416,-43.0
A996,921.875,1636535415138018,0.6258641614573416,-42.5
A996,921.875,1636535415151823,0.6258641614573416,-43.0
A996,921.875,1636535415157140,0.6258641614573416,-42.5
A996,921.875,1636535415167055,0.6258641614573416,-42.5
A996,921.875,1636535415175238,0.6442719309119693,-43.0
A996,921.875,1636535415199107,0.619728238305799,-42.5
A996,921.875,1636535415211972,0.6320000846088841,-42.5
A996,921.875,1636535415220395,0.619728238305799,-42.5
A996,921.875,1636535415229649,0.6320000846088841,-43.0
A996,921.875,1636535415236923,0.6258641614573416,-42.5
A996,921.875,1636535415243800,0.6135923151542565,-43.0
A996,921.875,1636535415257257,0.619728238305799,-42.5
A996,921.875,1636535415267041,0.6381360077604268,-42.5
A996,921.875,1636535415272971,0.662679700366597,-43.0
A996,921.875,1636535415284096,0.607456392002714,-43.0
A996,921.875,1636535415292243,0.607456392002714,-43.0
A996,921.875,1636535415299630,0.619728238305799,-42.5
A996,921.875,1636535415311200,0.6442719309119693,-43.0
A996,921.875,1636535415320322,0.6258641614573416,-43.0
A996,921.875,1636535415329275,0.6135923151542565,-42.5
A996,921.875,1636535415355583,0.619728238305799,-43.0
A996,921.875,1636535415359891,0.6258641614573416,-43.0
A996,921.875,1636535415370595,0.619728238305799,-42.5
A996,921.875,1636535415380843,0.6258641614573416,-42.5
A996,921.875,1636535415390377,0.6135923151542565,-43.0
A996,921.875,1636535415400127,0.619728238305799,-43.0
A996,921.875,1636535415407811,0.6442719309119693,-43.0
A996,921.875,1636535415417573,0.6135923151542565,-42.5
A996,921.875,1636535415424513,0.619728238305799,-43.0
A996,921.875,1636535415433754,0.619728238305799,-43.0
A996,921.875,1636535415445241,0.619728238305799,-42.5
A996,921.875,1636535415453191,0.6688156235181395,-42.5
A996,921.875,1636535415460380,0.6565437772150544,-42.5
A996,921.875,1636535415469053,0.619728238305799,-42.5
A996,921.875,1636535415479812,0.6320000846088841,-42.5
A996,921.875,1636535415485088,0.6258641614573416,-42.5
A996,921.875,1636535415494288,0.6320000846088841,-43.0
A996,921.875,1636535415507282,0.6504078540635119,-42.5
A996,921.875,1636535415513399,0.6688156235181395,-43.0
A996,921.875,1636535415521582,0.619728238305799,-42.5
A996,921.875,1636535415533581,0.6258641614573416,-43.0
A996,921.875,1636535415543237,0.6258641614573416,-43.0
A996,921.875,1636535415550007,0.6135923151542565,-43.0
A996,921.875,1636535415559208,0.6381360077604268,-43.0
A996,921.875,1636535415567825,0.6381360077604268,-42.5
A996,921.875,1636535415579784,0.6135923151542565,-42.5
A996,921.875,1636535415586929,0.6442719309119693,-43.0
A996,921.875,1636535415594970,0.6258641614573416,-42.5
A996,921.875,1636535415603181,0.6258641614573416,-43.0
A996,921.875,1636535415615110,0.619728238305799,-43.0
A996,921.875,1636535415621380,0.619728238305799,-43.0
A996,921.875,1636535415629283,0.6135923151542565,-43.0
A996,921.875,1636535415637982,0.6320000846088841,-43.0
A996,921.875,1636535415648966,0.6320000846088841,-42.5
A996,921.875,1636535415659171,0.6258641614573416,-42.5
A996,921.875,1636535415668700,0.6258641614573416,-43.0
A996,921.875,1636535415676752,0.6258641614573416,-43.0
A996,921.875,1636535415687000,0.6135923151542565,-42.5
A996,921.875,1636535415693797,0.607456392002714,-43.0
A996,921.875,1636535415703600,0.6320000846088841,-42.5
A996,921.875,1636535415712993,0.6442719309119693,-42.5
A996,921.875,1636535415719270,0.619728238305799,-43.0
A996,921.875,1636535415731461,0.6258641614573416,-42.5
A996,921.875,1636535415737601,0.619728238305799,-42.5
A996,921.875,1636535415747356,0.619728238305799,-42.5
A996,921.875,1636535415775234,0.619728238305799,-43.0
A996,921.875,1636535415784696,0.6135923151542565,-43.0
A996,921.875,1636535415792378,0.6258641614573416,-43.0
A996,921.875,1636535415802029,0.6442719309119693,-43.0
A996,921.875,1636535415808083,0.6442719309119693,-43.0
A996,921.875,1636535415821916,0.6442719309119693,-43.0
A996,921.875,1636535415828860,0.619728238305799,-42.5
A996,921.875,1636535415838847,0.6258641614573416,-43.0
A996,921.875,1636535415844315,0.6320000846088841,-42.5
A996,921.875,1636535415856983,0.6565437772150544,-43.0
A996,921.875,1636535415863987,0.6258641614573416,-42.5
A996,921.875,1636535415872679,0.619728238305799,-42.5
A996,921.875,1636535415884029,0.6810874698212247,-42.5
A996,921.875,1636535415889257,0.6135923151542565,-43.0
A996,921.875,1636535415898445,0.619728238305799,-42.5
A996,921.875,1636535415909138,0.607456392002714,-41.0
A996,921.875,1636535415919410,0.7301748550335652,-40.5
A996,921.875,1636535415929188,0.6320000846088841,-43.0
A996,921.875,1636535415938361,0.6320000846088841,-42.5
A996,921.875,1636535415945977,0.6320000846088841,-43.0
A996,921.875,1636535415955595,0.619728238305799,-43.0
A996,921.875,1636535415962920,0.607456392002714,-43.0
A996,921.875,1636535415972106,0.6258641614573416,-43.0
A996,921.875,1636535415982909,0.619728238305799,-43.0
A996,921.875,1636535415991824,0.607456392002714,-43.0
A996,921.875,1636535416000966,0.619728238305799,-42.5
A996,921.875,1636535416010347,0.6381360077604268,-42.5
A996,921.875,1636535416019506,0.6135923151542565,-43.0
A996,921.875,1636535416028505,0.6381360077604268,-43.0
A996,921.875,1636535416035476,0.6258641614573416,-43.0
A996,921.875,1636535416044939,0.6320000846088841,-42.5
A996,921.875,1636535416053890,0.6320000846088841,-42.5
A996,921.875,1636535416062377,0.6320000846088841,-42.5
A996,921.875,1636535416083243,0.6258641614573416,-43.0
A996,921.875,1636535416092993,0.6258641614573416,-42.5
A996,921.875,1636535416101940,0.619728238305799,-42.5
A996,921.875,1636535416111306,0.619728238305799,-42.5
A996,921.875,1636535416118530,0.6565437772150544,-42.5
A996,921.875,1636535416124882,0.6135923151542565,-42.5
A996,921.875,1636535416135046,0.6135923151542565,-43.0
A996,921.875,1636535416145893,0.619728238305799,-43.0
A996,921.875,1636535416153249,0.6688156235181395,-43.0
A996,921.875,1636535416163529,0.6258641614573416,-43.0
A996,921.875,1636535416173549,0.619728238305799,-42.5
A996,921.875,1636535416182367,0.6320000846088841,-43.0
A996,921.875,1636535416191972,0.6258641614573416,-43.0
A996,921.875,1636535416200972,0.6258641614573416,-43.0
A996,921.875,1636535416210467,0.6258641614573416,-42.5
A996,921.875,1636535416219055,0.619728238305799,-43.0
A996,921.875,1636535416227363,0.6135923151542565,-42.5
A996,921.875,1636535416236527,0.619728238305799,-43.0
A996,921.875,1636535416248094,0.6135923151542565,-42.5
A996,921.875,1636535416256411,0.619728238305799,-42.5
A996,921.875,1636535416263321,0.6135923151542565,-42.5
A996,921.875,1636535416275125,0.619728238305799,-43.0
A996,921.875,1636535416283436,0.6442719309119693,-43.0
A996,921.875,1636535416292972,0.662679700366597,-43.0
A996,921.875,1636535416301304,0.6135923151542565,-42.5
A996,921.875,1636535416309342,0.6381360077604268,-42.5
A996,921.875,1636535416316972,0.619728238305799,-42.5
A996,921.875,1636535416329273,0.619728238305799,-43.0
A996,921.875,1636535416338023,0.6135923151542565,-43.0
A996,921.875,1636535416347978,0.6504078540635119,-43.0
A996,921.875,1636535416356337,0.619728238305799,-43.0
A996,921.875,1636535416364528,0.6381360077604268,-43.0
A996,921.875,1636535416371141,0.619728238305799,-43.0
A996,921.875,1636535416380921,0.6135923151542565,-43.0
A996,921.875,1636535416388793,0.6442719309119693,-43.0
A996,921.875,1636535416397984,0.619728238305799,-42.5
A996,921.875,1636535416408101,0.619728238305799,-43.0
A996,921.875,1636535416420067,0.6442719309119693,-43.0
A996,921.875,1636535416441455,0.619728238305799,-43.0
A996,921.875,1636535416450587,0.607456392002714,-42.5
A996,921.875,1636535416463788,0.6258641614573416,-43.0
A996,921.875,1636535416471636,0.607456392002714,-43.0
A996,921.875,1636535416477488,0.619728238305799,-43.0
A996,921.875,1636535416486364,0.6442719309119693,-42.5
A996,921.875,1636535416497842,0.619728238305799,-43.0
A996,921.875,1636535416505189,0.619728238305799,-43.0
A996,921.875,1636535416516615,0.6320000846088841,-42.5
A996,921.875,1636535416526986,0.619728238305799,-42.5
A996,921.875,1636535416534715,0.7485826244881929,-41.0
A996,921.875,1636535416543954,0.662679700366597,-41.0
A996,921.875,1636535416551528,0.6504078540635119,-42.5
A996,921.875,1636535416562724,0.6320000846088841,-43.0
A996,921.875,1636535416571025,0.6013204688511713,-42.5
A996,921.875,1636535416580787,0.6135923151542565,-43.0
A996,921.875,1636535416588915,0.6135923151542565,-43.0
A996,921.875,1636535416598845,0.6381360077604268,-42.5
A996,921.875,1636535416603782,0.6135923151542565,-42.5
A996,921.875,1636535416617004,0.6504078540635119,-43.0
A996,921.875,1636535416624015,0.619728238305799,-43.0
A996,921.875,1636535416633772,0.6258641614573416,-42.5
A996,921.875,1636535416643249,0.619728238305799,-43.0
A996,921.875,1636535416651628,0.619728238305799,-43.0
A996,921.875,1636535416661408,0.6504078540635119,-42.5
A996,921.875,1636535416668605,0.6135923151542565,-42.5
A996,921.875,1636535416676714,0.6381360077604268,-42.5
A996,921.875,1636535416685950,0.6320000846088841,-42.5
A996,921.875,1636535416694308,0.619728238305799,-42.5
A996,921.875,1636535416702716,0.6135923151542565,-43.0
A996,921.875,1636535416714391,0.6135923151542565,-43.0
A996,921.875,1636535416722454,0.619728238305799,-42.5
A996,921.875,1636535416733146,0.6135923151542565,-42.5
A996,921.875,1636535416742298,0.619728238305799,-43.0
A996,921.875,1636535416749550,0.6320000846088841,-42.5
A996,921.875,1636535416758719,0.6381360077604268,-43.0
A996,921.875,1636535416767679,0.619728238305799,-43.0
A996,921.875,1636535416777470,0.619728238305799,-43.0
A996,921.875,1636535416785430,0.6688156235181395,-42.5
A996,921.875,1636535416792286,0.6258641614573416,-42.5
A996,921.875,1636535416805793,0.6258641614573416,-43.0
A996,921.875,1636535416815504,0.6381360077604268,-42.5
A996,921.875,1636535416822181,0.607456392002714,-42.5
A996,921.875,1636535416831827,0.619728238305799,-43.0
A996,921.875,1636535416840764,0.6442719309119693,-43.0
A996,921.875,1636535416846742,0.6135923151542565,-43.0
A996,921.875,1636535416855195,0.619728238305799,-43.0
A996,921.875,1636535416868361,0.6872233929727672,-42.5
A996,921.875,1636535416877584,0.6258641614573416,-42.5
A996,921.875,1636535416886773,0.6749515466696822,-43.0
A996,921.875,1636535416892229,0.6442719309119693,-42.5
A996,921.875,1636535416904692,0.6258641614573416,-42.5
A996,921.875,1636535416913651,0.6688156235181395,-43.0
A996,921.875,1636535416919350,0.6135923151542565,-42.5
A996,921.875,1636535416932093,0.6749515466696822,-43.0
A996,921.875,1636535416940365,0.619728238305799,-42.5
A996,921.875,1636535416946877,0.6258641614573416,-42.5
A996,921.875,1636535416956319,0.619728238305799,-43.0
A996,921.875,1636535416965494,0.619728238305799,-42.5
A996,921.875,1636535416975767,0.6320000846088841,-43.0
A996,921.875,1636535416985531,0.619728238305799,-42.5
A996,924.375,1636535417015347,5.896622148632405,-42.0
A996,924.375,1636535417023069,5.902758071783947,-42.0
A996,924.375,1636535417031981,5.872078456026235,-42.0
A996,924.375,1636535417067290,5.872078456026235,-42.0
A996,924.375,1636535417077520,5.902758071783947,-42.0
A996,924.375,1636535417087574,5.9088939949354895,-42.0
A996,924.375,1636535417096467,5.8659425328746915,-41.5
A996,924.375,1636535417101852,5.878214379177777,-41.5
A996,924.375,1636535417115079,5.890486225480862,-42.0
A996,924.375,1636535417121281,5.902758071783947,-42.0
A996,924.375,1636535417130458,5.915029918087033,-41.5
A996,924.375,1636535417142382,5.890486225480862,-41.5
A996,924.375,1636535417146946,5.896622148632405,-42.0
A996,924.375,1636535417173517,5.902758071783947,-42.0
A996,924.375,1636535417183735,5.896622148632405,-42.0
A996,924.375,1636535417190427,5.902758071783947,-42.0
A996,924.375,1636535417202899,5.8659425328746915,-42.0
A996,924.375,1636535417210720,5.902758071783947,-42.0
A996,924.375,1636535417217680,5.896622148632405,-42.0
A996,924.375,1636535417228988,5.902758071783947,-42.0
A996,924.375,1636535417235253,5.859806609723149,-42.0
A996,924.375,1636535417248316,5.878214379177777,-42.0
A996,924.375,1636535417255379,5.890486225480862,-42.0
A996,924.375,1636535417264476,5.902758071783947,-42.0
A996,924.375,1636535417274264,5.902758071783947,-42.0
A996,924.375,1636535417279270,5.8659425328746915,-42.0
A996,924.375,1636535417292755,5.896622148632405,-42.0
A996,924.375,1636535417301041,5.878214379177777,-42.0
A996,924.375,1636535417308850,6.191146459906448,-39.0
A996,924.375,1636535417315685,5.945709533844745,-39.0
A996,924.375,1636535417324378,5.890486225480862,-42.0
A996,924.375,1636535417334866,5.890486225480862,-42.0
A996,924.375,1636535417346242,5.921165841238575,-42.0
A996,924.375,1636535417370049,5.884350302329319,-41.5
A996,924.375,1636535417378492,5.896622148632405,-42.0
A996,924.375,1636535417389140,5.884350302329319,-41.5
A996,924.375,1636535417394643,5.902758071783947,-41.5
A996,924.375,1636535417406463,5.872078456026235,-42.0
A996,924.375,1636535417412715,5.9088939949354895,-42.0
A996,924.375,1636535417424132,5.896622148632405,-42.0
A996,924.375,1636535417434115,5.884350302329319,-42.0
A996,924.375,1636535417441833,5.896622148632405,-42.0
A996,924.375,1636535417451432,5.896622148632405,-42.0
A996,924.375,1636535417462048,5.9088939949354895,-41.0
A996,924.375,1636535417469601,5.890486225480862,-42.0
A996,924.375,1636535417477697,5.878214379177777,-42.0
A996,924.375,1636535417488140,5.902758071783947,-42.0
A996,924.375,1636535417494256,5.902758071783947,-42.0
A996,924.375,1636535417505419,5.884350302329319,-42.0
A996,924.375,1636535417514563,5.896622148632405,-42.0
A996,924.375,1636535417523599,5.890486225480862,-42.0
A996,924.375,1636535417531472,5.890486225480862,-41.5
A996,924.375,1636535417542394,5.902758071783947,-42.0
A996,924.375,1636535417549868,5.878214379177777,-42.0
A996,924.375,1636535417560801,5.8659425328746915,-42.0
A996,924.375,1636535417569453,5.872078456026235,-42.0
A996,924.375,1636535417578619,5.872078456026235,-42.0
A996,924.375,1636535417584208,5.9088939949354895,-42.0
A996,924.375,1636535417595598,5.878214379177777,-42.0
A996,924.375,1636535417601625,5.884350302329319,-42.0
A996,924.375,1636535417613099,5.878214379177777,-42.0
A996,924.375,1636535417619474,5.902758071783947,-42.0
A996,924.375,1636535417632056,5.884350302329319,-42.0
A996,924.375,1636535417639851,5.896622148632405,-42.0
A996,924.375,1636535417649686,5.902758071783947,-41.5
A996,924.375,1636535417658838,5.884350302329319,-42.0
A996,924.375,1636535417684850,5.872078456026235,-42.0
A996,924.375,1636535417692619,5.872078456026235,-42.0
A996,924.375,1636535417700866,5.915029918087033,-42.0
A996,924.375,1636535417712993,5.878214379177777,-42.0
A996,924.375,1636535417719984,5.872078456026235,-42.0
A996,924.375,1636535417730282,5.902758071783947,-42.0
A996,924.375,1636535417739224,5.884350302329319,-42.0
A996,924.375,1636535417747999,5.884350302329319,-42.0
A996,924.375,1636535417757864,5.884350302329319,-42.0
A996,924.375,1636535417764811,5.8659425328746915,-42.0
A996,924.375,1636535417790659,5.884350302329319,-42.0
A996,924.375,1636535417799236,5.890486225480862,-42.0
A996,924.375,1636535417808220,5.9088939949354895,-42.0
A996,924.375,1636535417845115,5.896622148632405,-42.0
A996,924.375,1636535417852564,5.915029918087033,-42.0
A996,924.375,1636535417862142,5.9088939949354895,-42.0
A996,924.375,1636535417869586,5.902758071783947,-41.5
A996,924.375,1636535417876236,5.884350302329319,-41.5
A996,924.375,1636535417889625,5.884350302329319,-42.0
A996,924.375,1636535417898566,5.878214379177777,-42.0
A996,924.375,1636535417905730,5.884350302329319,-42.0
A996,924.375,1636535417913107,5.878214379177777,-42.0
A996,924.375,1636535417922054,5.872078456026235,-42.0
A996,924.375,1636535417934512,5.890486225480862,-42.0
A996,924.375,1636535417943463,5.872078456026235,-42.0
A996,924.375,1636535417949097,5.890486225480862,-42.0
A996,924.375,1636535417960077,5.890486225480862,-42.0
A996,924.375,1636535417970543,5.878214379177777,-41.5
A996,924.375,1636535417996691,5.878214379177777,-42.0
A996,924.375,1636535418006293,5.872078456026235,-42.0
A996,924.375,1636535418013504,5.902758071783947,-42.0
A996,924.375,1636535418023792,5.884350302329319,-42.0
A996,924.375,1636535418029987,5.884350302329319,-42.0
A996,924.375,1636535418037583,5.884350302329319,-41.5
A996,924.375,1636535418047826,5.890486225480862,-42.0
A996,924.375,1636535418055490,5.878214379177777,-42.0
A996,924.375,1636535418067743,5.902758071783947,-42.0
A996,924.375,1636535418076218,5.884350302329319,-42.0
A996,924.375,1636535418082187,5.902758071783947,-41.5
A996,924.375,1636535418094267,5.9088939949354895,-41.5
A996,924.375,1636535418104254,5.872078456026235,-42.0
A996,924.375,1636535418110596,5.884350302329319,-42.0
A996,924.375,1636535418120514,5.872078456026235,-42.0
A996,924.375,1636535418128755,5.8659425328746915,-41.5
A996,924.375,1636535418135844,5.884350302329319,-41.5
A996,924.375,1636535418149674,5.9088939949354895,-42.0
A996,924.375,1636535418155785,5.872078456026235,-42.0
A996,924.375,1636535418163902,5.872078456026235,-42.0
A996,924.375,1636535418176641,5.878214379177777,-42.0
A996,924.375,1636535418184144,5.890486225480862,-42.0
A996,924.375,1636535418191668,5.896622148632405,-42.0
A996,924.375,1636535418200333,5.872078456026235,-42.0
A996,924.375,1636535418211640,5.902758071783947,-42.0
A996,924.375,1636535418218937,5.884350302329319,-41.5
A996,924.375,1636535418229252,5.896622148632405,-42.0
A996,924.375,1636535418236511,5.890486225480862,-42.0
A996,924.375,1636535418245379,5.915029918087033,-42.0
A996,924.375,1636535418252809,5.915029918087033,-42.0
A996,924.375,1636535418266054,5.890486225480862,-42.0
A996,924.375,1636535418273319,5.9088939949354895,-42.0
A996,924.375,1636535418299847,5.896622148632405,-42.0
A996,924.375,1636535418307957,5.878214379177777,-41.5
A996,924.375,1636535418314041,5.878214379177777,-42.0
A996,924.375,1636535418324960,5.915029918087033,-42.0
A996,924.375,1636535418334973,5.872078456026235,-42.0
A996,924.375,1636535418342520,5.884350302329319,-42.0
A996,924.375,1636535418352587,5.8659425328746915,-42.0
A996,924.375,1636535418359732,5.872078456026235,-42.0
A996,924.375,1636535418370550,5.8659425328746915,-42.0
A996,924.375,1636535418380432,5.859806609723149,-42.0
