A998,923.125,923.125,1642426749258263,-44.5,5.982525072754001,20.0,20.0
A998,923.125,923.125,1642426749266604,-44.0,6.000932842208628,20.0,20.0
A998,923.125,923.125,1642426749276736,-44.5,6.007068765360171,20.0,20.0
A998,923.125,923.125,1642426749286303,-44.0,6.000932842208628,20.0,20.0
A998,923.125,923.125,1642426749293369,-44.5,5.994796919057086,20.0,20.0
A998,923.125,923.125,1642426749304760,-44.5,6.013204688511713,20.0,20.0
A998,923.125,923.125,1642426749312032,-44.5,5.994796919057086,20.0,20.0
A998,923.125,923.125,1642426749321011,-44.0,6.007068765360171,20.0,20.0
A998,923.125,923.125,1642426749328447,-44.5,6.000932842208628,20.0,20.0
A998,923.125,923.125,1642426749337424,-44.5,6.007068765360171,20.0,20.0
A998,921.625,923.125,1642426749490223,-43.5,6.056156150572511,22.5,22.5
A998,921.625,923.125,1642426749499187,-43.5,6.068427996875596,22.5,22.5
A998,921.625,923.125,1642426749505914,-44.0,6.062292073724054,22.5,22.5
A998,921.625,923.125,1642426749514968,-43.5,6.043884304269426,22.5,22.5
A998,921.625,923.125,1642426749528182,-43.5,6.043884304269426,22.5,22.5
A998,921.625,923.125,1642426749536643,-44.0,6.056156150572511,22.5,22.5
A998,921.625,923.125,1642426749544865,-43.5,6.062292073724054,22.5,22.5
A998,921.625,923.125,1642426749553524,-44.0,6.050020227420969,22.5,22.5
A998,921.625,923.125,1642426749563986,-44.0,6.062292073724054,22.5,22.5
A998,921.625,923.125,1642426749572165,-44.0,6.062292073724054,22.5,22.5
A998,921.625,923.125,1642426749580750,-44.0,6.056156150572511,22.5,22.5
A998,922.625,923.125,1642426749699067,-43.5,6.111379458936394,25.0,25.0
A998,922.625,923.125,1642426749705387,-43.5,6.092971689481767,25.0,25.0
A998,922.625,923.125,1642426749715421,-43.5,6.092971689481767,25.0,25.0
A998,922.625,923.125,1642426749721794,-43.5,6.105243535784852,25.0,25.0
A998,922.625,923.125,1642426749734783,-43.5,6.0991076126333095,25.0,25.0
A998,922.625,923.125,1642426749741670,-43.5,6.0991076126333095,25.0,25.0
A998,922.625,923.125,1642426749749549,-43.5,6.092971689481767,25.0,25.0
A998,922.625,923.125,1642426749759311,-43.5,6.0991076126333095,25.0,25.0
A998,922.625,923.125,1642426749769734,-43.5,6.0991076126333095,25.0,25.0
A998,922.625,923.125,1642426749779911,-43.5,6.111379458936394,25.0,25.0
A998,924.125,923.125,1642426749875827,-44.0,6.135923151542564,27.5,27.5
A998,924.125,923.125,1642426749883053,-44.0,6.117515382087937,27.5,27.5
A998,924.125,923.125,1642426749894790,-44.0,6.154330920997192,27.5,27.5
A998,924.125,923.125,1642426749902486,-44.0,6.12365130523948,27.5,27.5
A998,924.125,923.125,1642426749912619,-44.0,6.14819499784565,27.5,27.5
A998,924.125,923.125,1642426749920438,-44.0,6.14819499784565,27.5,27.5
A998,924.125,923.125,1642426749931379,-43.5,6.135923151542564,27.5,27.5
A998,924.125,923.125,1642426749936600,-44.0,6.1420590746941075,27.5,27.5
A998,924.125,923.125,1642426749946631,-43.5,6.160466844148735,27.5,27.5
A998,924.125,923.125,1642426749955856,-44.0,6.12365130523948,27.5,27.5
A998,924.125,923.125,1642426749965335,-44.0,6.160466844148735,27.5,27.5
A998,923.125,923.125,1642426750064905,-44.0,6.166602767300278,27.5,27.5
A998,923.125,923.125,1642426750071506,-44.0,6.178874613603362,27.5,27.5
A998,923.125,923.125,1642426750078118,-44.0,6.17273869045182,27.5,27.5
A998,923.125,923.125,1642426750090488,-44.0,6.1850105367549055,27.5,27.5
A998,923.125,923.125,1642426750096031,-44.0,6.17273869045182,27.5,27.5
A998,923.125,923.125,1642426750108442,-44.0,6.191146459906448,27.5,27.5
A998,923.125,923.125,1642426750113996,-44.0,6.1850105367549055,27.5,27.5
A998,923.125,923.125,1642426750126445,-44.0,6.209554229361076,27.5,27.5
A998,923.125,923.125,1642426750136248,-44.0,6.2034183062095325,27.5,27.5
A998,923.125,923.125,1642426750144119,-44.0,6.209554229361076,27.5,27.5
A998,923.125,923.125,1642426750150368,-44.0,6.22182607566416,27.5,27.5
A998,923.125,923.125,1642426750162125,-44.0,6.209554229361076,27.5,27.5
A998,923.625,923.125,1642426750251384,-44.0,6.2034183062095325,27.5,27.5
A998,923.625,923.125,1642426750262180,-44.0,6.191146459906448,27.5,27.5
A998,923.625,923.125,1642426750271544,-44.0,6.215690152512618,27.5,27.5
A998,923.625,923.125,1642426750279708,-44.0,6.2034183062095325,27.5,27.5
A998,923.625,923.125,1642426750288640,-44.0,6.191146459906448,27.5,27.5
A998,923.625,923.125,1642426750298401,-44.0,6.2034183062095325,27.5,27.5
A998,923.625,923.125,1642426750306627,-44.0,6.19728238305799,27.5,27.5
A998,923.625,923.125,1642426750316125,-44.0,6.191146459906448,27.5,27.5
A998,923.625,923.125,1642426750323990,-44.0,6.19728238305799,27.5,27.5
A998,923.625,923.125,1642426750335578,-44.0,6.191146459906448,27.5,27.5
A998,923.625,923.125,1642426750342003,-44.0,6.209554229361076,27.5,27.5
A998,923.625,923.125,1642426750352300,-44.0,6.191146459906448,27.5,27.5
A998,923.625,923.125,1642426750440166,-44.5,6.062292073724054,20.0,20.0
A998,923.625,923.125,1642426750445243,-44.5,6.074563920027139,20.0,20.0
A998,923.625,923.125,1642426750452933,-44.5,6.068427996875596,20.0,20.0
A998,923.625,923.125,1642426750466422,-44.5,6.062292073724054,20.0,20.0
A998,923.625,923.125,1642426750473478,-44.5,6.068427996875596,20.0,20.0
A998,923.625,923.125,1642426750483567,-44.5,6.074563920027139,20.0,20.0
A998,923.625,923.125,1642426750490228,-44.5,6.092971689481767,20.0,20.0
A998,923.625,923.125,1642426750502241,-44.5,6.080699843178682,20.0,20.0
A998,923.625,923.125,1642426750509019,-44.5,6.068427996875596,20.0,20.0
A998,923.625,923.125,1642426750519352,-44.5,6.068427996875596,20.0,20.0
A998,923.625,923.125,1642426750529881,-44.5,6.068427996875596,20.0,20.0
A998,923.625,923.125,1642426750538348,-44.5,6.092971689481767,20.0,20.0
A998,921.625,923.125,1642426750627843,-44.5,6.068427996875596,20.0,20.0
A998,921.625,923.125,1642426750638217,-44.5,6.068427996875596,20.0,20.0
A998,921.625,923.125,1642426750646603,-44.5,6.080699843178682,20.0,20.0
A998,921.625,923.125,1642426750653543,-44.5,6.068427996875596,20.0,20.0
A998,921.625,923.125,1642426750666278,-44.5,6.068427996875596,20.0,20.0
A998,921.625,923.125,1642426750672852,-44.5,6.068427996875596,20.0,20.0
A998,921.625,923.125,1642426750683121,-44.5,6.068427996875596,20.0,20.0
A998,921.625,923.125,1642426750693301,-44.5,6.062292073724054,20.0,20.0
A998,921.625,923.125,1642426750702109,-44.5,6.062292073724054,20.0,20.0
A998,921.625,923.125,1642426750709821,-44.5,6.080699843178682,20.0,20.0
A998,921.625,923.125,1642426750719067,-44.5,6.062292073724054,20.0,20.0
A998,921.625,923.125,1642426750727347,-44.5,6.074563920027139,20.0,20.0
A998,921.625,923.125,1642426750814856,-44.0,6.117515382087937,22.5,22.5
A998,921.625,923.125,1642426750824112,-44.0,6.129787228391022,22.5,22.5
A998,921.625,923.125,1642426750831507,-44.0,6.117515382087937,22.5,22.5
A998,921.625,923.125,1642426750842631,-44.0,6.117515382087937,22.5,22.5
A998,921.625,923.125,1642426750852436,-44.0,6.111379458936394,22.5,22.5
A998,921.625,923.125,1642426750857454,-44.0,6.111379458936394,22.5,22.5
A998,921.625,923.125,1642426750869331,-44.0,6.135923151542564,22.5,22.5
A998,921.625,923.125,1642426750877682,-44.0,6.111379458936394,22.5,22.5
A998,921.625,923.125,1642426750887260,-44.0,6.12365130523948,22.5,22.5
A998,921.625,923.125,1642426750895591,-44.0,6.117515382087937,22.5,22.5
A998,921.625,923.125,1642426750906828,-44.0,6.111379458936394,22.5,22.5
A998,921.625,923.125,1642426750913255,-44.0,6.12365130523948,22.5,22.5
A998,921.625,923.125,1642426750999466,-44.5,6.166602767300278,30.0,30.0
A998,921.625,923.125,1642426751009887,-44.5,6.178874613603362,30.0,30.0
A998,921.625,923.125,1642426751020441,-44.5,6.166602767300278,30.0,30.0
A998,921.625,923.125,1642426751025877,-44.5,6.166602767300278,30.0,30.0
A998,921.625,923.125,1642426751034380,-44.5,6.166602767300278,30.0,30.0
A998,921.625,923.125,1642426751044774,-45.0,6.178874613603362,30.0,30.0
A998,921.625,923.125,1642426751054278,-44.5,6.1850105367549055,30.0,30.0
A998,921.625,923.125,1642426751066319,-44.5,6.17273869045182,30.0,30.0
A998,921.625,923.125,1642426751071108,-44.5,6.19728238305799,30.0,30.0
A998,921.625,923.125,1642426751082111,-44.5,6.191146459906448,30.0,30.0
A998,921.625,923.125,1642426751090186,-44.5,6.1850105367549055,30.0,30.0
A998,921.625,923.125,1642426751097599,-44.5,6.191146459906448,30.0,30.0
A998,923.125,923.125,1642426751183532,-44.5,6.0991076126333095,20.0,20.0
A998,923.125,923.125,1642426751192168,-44.5,6.0991076126333095,20.0,20.0
A998,923.125,923.125,1642426751198700,-44.5,6.092971689481767,20.0,20.0
A998,923.125,923.125,1642426751206744,-44.5,6.092971689481767,20.0,20.0
A998,923.125,923.125,1642426751218046,-44.5,6.086835766330224,20.0,20.0
A998,923.125,923.125,1642426751225516,-44.5,6.074563920027139,20.0,20.0
A998,923.125,923.125,1642426751234219,-44.5,6.086835766330224,20.0,20.0
A998,923.125,923.125,1642426751242746,-44.5,6.074563920027139,20.0,20.0
A998,923.125,923.125,1642426751255089,-44.5,6.080699843178682,20.0,20.0
A998,923.125,923.125,1642426751265919,-44.5,6.080699843178682,20.0,20.0
A998,923.125,923.125,1642426751271543,-44.5,6.062292073724054,20.0,20.0
A998,920.625,923.125,1642426751369606,-43.5,6.166602767300278,25.0,25.0
A998,920.625,923.125,1642426751380975,-43.5,6.160466844148735,25.0,25.0
A998,920.625,923.125,1642426751386187,-43.5,6.1420590746941075,25.0,25.0
A998,920.625,923.125,1642426751398615,-44.0,6.154330920997192,25.0,25.0
A998,920.625,923.125,1642426751408302,-43.5,6.160466844148735,25.0,25.0
A998,920.625,923.125,1642426751415365,-43.5,6.14819499784565,25.0,25.0
A998,920.625,923.125,1642426751425121,-44.0,6.14819499784565,25.0,25.0
A998,920.625,923.125,1642426751431543,-44.0,6.154330920997192,25.0,25.0
A998,920.625,923.125,1642426751444710,-43.5,6.154330920997192,25.0,25.0
A998,920.625,923.125,1642426751452797,-43.5,6.160466844148735,25.0,25.0
A998,923.125,923.125,1642426751546617,-44.5,6.056156150572511,20.0,20.0
A998,923.125,923.125,1642426751555817,-44.5,6.050020227420969,20.0,20.0
A998,923.125,923.125,1642426751563004,-44.5,6.062292073724054,20.0,20.0
A998,923.125,923.125,1642426751574465,-44.5,6.056156150572511,20.0,20.0
A998,923.125,923.125,1642426751584571,-44.5,6.056156150572511,20.0,20.0
A998,923.125,923.125,1642426751589443,-44.5,6.050020227420969,20.0,20.0
A998,923.125,923.125,1642426751598912,-44.5,6.050020227420969,20.0,20.0
A998,923.125,923.125,1642426751610931,-44.5,6.062292073724054,20.0,20.0
A998,923.125,923.125,1642426751620135,-44.5,6.056156150572511,20.0,20.0
A998,923.125,923.125,1642426751626724,-44.5,6.056156150572511,20.0,20.0
A998,923.125,923.125,1642426751634853,-44.5,6.043884304269426,20.0,20.0
A998,923.125,923.125,1642426751645153,-44.5,6.062292073724054,20.0,20.0
A998,922.125,923.125,1642426751729496,-44.0,6.191146459906448,27.5,27.5
A998,922.125,923.125,1642426751741023,-44.0,6.17273869045182,27.5,27.5
A998,922.125,923.125,1642426751747551,-44.0,6.166602767300278,27.5,27.5
A998,922.125,923.125,1642426751759260,-44.0,6.19728238305799,27.5,27.5
A998,922.125,923.125,1642426751769318,-44.0,6.1850105367549055,27.5,27.5
A998,922.125,923.125,1642426751775909,-44.0,6.191146459906448,27.5,27.5
A998,922.125,923.125,1642426751789235,-44.0,6.178874613603362,27.5,27.5
A998,922.125,923.125,1642426751793313,-44.0,6.19728238305799,27.5,27.5
A998,922.125,923.125,1642426751806922,-44.0,6.209554229361076,27.5,27.5
A998,922.125,923.125,1642426751817854,-44.0,6.178874613603362,27.5,27.5
A998,922.125,923.125,1642426751913428,-43.5,6.17273869045182,25.0,25.0
A998,922.125,923.125,1642426751922858,-44.0,6.14819499784565,25.0,25.0
A998,922.125,923.125,1642426751929238,-43.5,6.160466844148735,25.0,25.0
A998,922.125,923.125,1642426751937093,-44.0,6.154330920997192,25.0,25.0
A998,922.125,923.125,1642426751949631,-44.0,6.17273869045182,25.0,25.0
A998,922.125,923.125,1642426751957734,-44.0,6.154330920997192,25.0,25.0
A998,922.125,923.125,1642426751967452,-44.0,6.154330920997192,25.0,25.0
A998,922.125,923.125,1642426751975346,-44.0,6.17273869045182,25.0,25.0
A998,922.125,923.125,1642426751985216,-44.0,6.1420590746941075,25.0,25.0
A998,922.625,923.125,1642426752082153,-43.5,6.160466844148735,25.0,25.0
A998,922.625,923.125,1642426752089840,-43.5,6.166602767300278,25.0,25.0
A998,922.625,923.125,1642426752098920,-44.0,6.17273869045182,25.0,25.0
A998,922.625,923.125,1642426752110179,-43.5,6.160466844148735,25.0,25.0
A998,922.625,923.125,1642426752119273,-43.5,6.154330920997192,25.0,25.0
A998,922.625,923.125,1642426752125892,-44.0,6.166602767300278,25.0,25.0
A998,922.625,923.125,1642426752137224,-44.0,6.17273869045182,25.0,25.0
A998,922.625,923.125,1642426752146730,-44.0,6.154330920997192,25.0,25.0
A998,922.625,923.125,1642426752152139,-44.0,6.154330920997192,25.0,25.0
A998,922.625,923.125,1642426752163752,-44.0,6.160466844148735,25.0,25.0
A998,920.625,923.125,1642426752256853,-43.5,6.154330920997192,25.0,25.0
A998,920.625,923.125,1642426752266276,-44.0,6.178874613603362,25.0,25.0
A998,920.625,923.125,1642426752273925,-44.0,6.135923151542564,25.0,25.0
A998,920.625,923.125,1642426752282732,-43.5,6.166602767300278,25.0,25.0
A998,920.625,923.125,1642426752293161,-43.5,6.166602767300278,25.0,25.0
A998,920.625,923.125,1642426752300798,-44.0,6.1420590746941075,25.0,25.0
A998,920.625,923.125,1642426752312587,-44.0,6.1420590746941075,25.0,25.0
A998,920.625,923.125,1642426752321452,-44.0,6.166602767300278,25.0,25.0
A998,920.625,923.125,1642426752331913,-44.0,6.178874613603362,25.0,25.0
A998,920.625,923.125,1642426752421161,-45.0,6.178874613603362,30.0,30.0
A998,920.625,923.125,1642426752433506,-44.5,6.17273869045182,30.0,30.0
A998,920.625,923.125,1642426752438792,-44.5,6.160466844148735,30.0,30.0
A998,920.625,923.125,1642426752451518,-44.5,6.160466844148735,30.0,30.0
A998,920.625,923.125,1642426752460828,-45.0,6.178874613603362,30.0,30.0
A998,920.625,923.125,1642426752466961,-44.5,6.1850105367549055,30.0,30.0
A998,920.625,923.125,1642426752479006,-44.5,6.14819499784565,30.0,30.0
A998,920.625,923.125,1642426752488811,-44.5,6.160466844148735,30.0,30.0
A998,920.625,923.125,1642426752494559,-44.5,6.17273869045182,30.0,30.0
A998,920.625,923.125,1642426752507048,-44.5,6.209554229361076,30.0,30.0
A998,923.625,923.125,1642426752594826,-44.0,6.227961998815704,27.5,27.5
A998,923.625,923.125,1642426752601654,-44.0,6.19728238305799,27.5,27.5
A998,923.625,923.125,1642426752609607,-44.0,6.166602767300278,27.5,27.5
A998,923.625,923.125,1642426752622123,-44.0,6.19728238305799,27.5,27.5
A998,923.625,923.125,1642426752628557,-44.0,6.178874613603362,27.5,27.5
A998,923.625,923.125,1642426752638579,-44.0,6.17273869045182,27.5,27.5
A998,923.625,923.125,1642426752649741,-44.0,6.191146459906448,27.5,27.5
A998,923.625,923.125,1642426752658766,-44.0,6.191146459906448,27.5,27.5
A998,923.625,923.125,1642426752666689,-44.0,6.1850105367549055,27.5,27.5
A998,923.625,923.125,1642426752675681,-44.0,6.240233845118788,27.5,27.5
A998,920.625,923.125,1642426752767662,-44.0,6.160466844148735,25.0,25.0
A998,920.625,923.125,1642426752775297,-44.0,6.160466844148735,25.0,25.0
A998,920.625,923.125,1642426752786268,-44.0,6.178874613603362,25.0,25.0
A998,920.625,923.125,1642426752796367,-44.0,6.17273869045182,25.0,25.0
A998,920.625,923.125,1642426752803674,-43.5,6.178874613603362,25.0,25.0
A998,920.625,923.125,1642426752809995,-44.0,6.178874613603362,25.0,25.0
A998,920.625,923.125,1642426752820591,-43.5,6.191146459906448,25.0,25.0
A998,920.625,923.125,1642426752828672,-43.5,6.17273869045182,25.0,25.0
A998,920.625,923.125,1642426752837121,-43.5,6.160466844148735,25.0,25.0
A998,920.625,923.125,1642426752849601,-43.5,6.191146459906448,25.0,25.0
A998,924.125,923.125,1642426752953016,-44.5,6.074563920027139,20.0,20.0
A998,924.125,923.125,1642426752962986,-44.5,6.092971689481767,20.0,20.0
A998,924.125,923.125,1642426752975249,-44.5,6.129787228391022,20.0,20.0
A998,924.125,923.125,1642426752981612,-44.5,6.0991076126333095,20.0,20.0
A998,924.125,923.125,1642426752990026,-44.5,6.080699843178682,20.0,20.0
A998,924.125,923.125,1642426753001483,-44.5,6.086835766330224,20.0,20.0
A998,924.125,923.125,1642426753012157,-44.5,6.092971689481767,20.0,20.0
A998,924.125,923.125,1642426753016993,-44.5,6.092971689481767,20.0,20.0
A998,924.125,923.125,1642426753028937,-44.5,6.092971689481767,20.0,20.0
A998,924.125,923.125,1642426753037092,-44.5,6.092971689481767,20.0,20.0
A998,924.125,923.125,1642426753046266,-44.5,6.105243535784852,20.0,20.0
A998,924.125,923.125,1642426753056960,-44.5,6.111379458936394,20.0,20.0
A998,922.125,922.125,1642426753130713,-44.0,0.36815538909255385,22.5,22.5
A998,922.125,922.125,1642426753142806,-43.5,0.3620194659410113,22.5,22.5
A998,922.125,922.125,1642426753152279,-43.5,0.37429131224409645,22.5,22.5
A998,922.125,922.125,1642426753160701,-43.5,0.36815538909255385,22.5,22.5
A998,922.125,922.125,1642426753171090,-43.5,0.380427235395639,22.5,22.5
A998,922.125,922.125,1642426753177571,-43.5,0.380427235395639,22.5,22.5
A998,922.125,922.125,1642426753185422,-43.5,0.380427235395639,22.5,22.5
A998,922.125,922.125,1642426753195531,-43.5,0.380427235395639,22.5,22.5
A998,922.125,922.125,1642426753203793,-43.5,0.3865631585471816,22.5,22.5
A998,922.125,922.125,1642426753214846,-43.5,0.39269908169872414,22.5,22.5
A998,922.125,922.125,1642426753222011,-43.5,0.39269908169872414,22.5,22.5
A998,921.125,922.125,1642426753311022,-43.5,0.46019423636569234,25.0,25.0
A998,921.125,922.125,1642426753318118,-43.5,0.4540583132141498,25.0,25.0
A998,921.125,922.125,1642426753329163,-43.5,0.4663301595172349,25.0,25.0
A998,921.125,922.125,1642426753337401,-43.5,0.4540583132141498,25.0,25.0
A998,921.125,922.125,1642426753345497,-43.0,0.46019423636569234,25.0,25.0
A998,921.125,922.125,1642426753356428,-43.5,0.4663301595172349,25.0,25.0
A998,921.125,922.125,1642426753365076,-43.0,0.4724660826687775,25.0,25.0
A998,921.125,922.125,1642426753375500,-43.0,0.47860200582032003,25.0,25.0
A998,921.125,922.125,1642426753381880,-43.5,0.48473792897186263,25.0,25.0
A998,921.125,922.125,1642426753390603,-43.0,0.48473792897186263,25.0,25.0
A998,921.125,922.125,1642426753475787,-43.5,0.4663301595172349,22.5,22.5
A998,921.125,922.125,1642426753486165,-43.5,0.4908738521234052,22.5,22.5
A998,921.125,922.125,1642426753496773,-43.5,0.4908738521234052,22.5,22.5
A998,921.125,922.125,1642426753506618,-43.5,0.4908738521234052,22.5,22.5
A998,921.125,922.125,1642426753512922,-43.5,0.4908738521234052,22.5,22.5
A998,921.125,922.125,1642426753524620,-43.5,0.4908738521234052,22.5,22.5
A998,921.125,922.125,1642426753529575,-43.5,0.5154175447295755,22.5,22.5
A998,921.125,922.125,1642426753542185,-43.5,0.5092816215780329,22.5,22.5
A998,921.125,922.125,1642426753551448,-43.5,0.5154175447295755,22.5,22.5
A998,921.125,922.125,1642426753561643,-43.5,0.5154175447295755,22.5,22.5
A998,921.125,922.125,1642426753570215,-43.5,0.5092816215780329,22.5,22.5
A998,920.625,922.125,1642426753654321,-43.5,0.5399612373357456,22.5,22.5
A998,920.625,922.125,1642426753666516,-43.5,0.5460971604872883,22.5,22.5
A998,920.625,922.125,1642426753674403,-43.5,0.5522330836388308,22.5,22.5
A998,920.625,922.125,1642426753681385,-43.5,0.5460971604872883,22.5,22.5
A998,920.625,922.125,1642426753693885,-43.5,0.5460971604872883,22.5,22.5
A998,920.625,922.125,1642426753702234,-43.5,0.5522330836388308,22.5,22.5
A998,920.625,922.125,1642426753712479,-43.5,0.5645049299419159,22.5,22.5
A998,920.625,922.125,1642426753721099,-43.5,0.5706408530934585,22.5,22.5
A998,920.625,922.125,1642426753725836,-43.5,0.5583690067903734,22.5,22.5
A998,920.625,922.125,1642426753739056,-43.5,0.5460971604872883,22.5,22.5
A998,920.625,922.125,1642426753747186,-43.5,0.5767767762450011,22.5,22.5
A998,922.125,922.125,1642426755651387,-45.0,6.277049384028044,22.5,22.5
A998,921.125,922.625,1642426759535164,-45.0,5.080544369477243,30.0,30.0
A998,921.125,922.625,1642426759540777,-46.0,4.565126824747668,30.0,30.0
A998,921.125,922.625,1642426759577269,-45.5,4.09266074207889,30.0,30.0
A998,921.125,922.625,1642426759586278,-42.5,4.608078286808466,30.0,30.0
A998,921.125,922.625,1642426759610572,-46.0,4.491495746929157,30.0,30.0
A998,923.625,922.625,1642426759704396,-45.5,4.466952054322987,25.0,25.0
A998,923.625,922.625,1642426759716120,-45.5,4.448544284868359,25.0,25.0
A998,923.625,922.625,1642426759725238,-45.5,4.473087977474529,25.0,25.0
A998,923.625,922.625,1642426759732179,-44.0,4.638757902566179,25.0,25.0
A998,923.625,922.625,1642426759748458,-45.5,4.460816131171445,25.0,25.0
A998,923.625,922.625,1642426759757285,-45.5,4.430136515413731,25.0,25.0
A998,923.625,922.625,1642426759773528,-45.0,4.442408361716817,25.0,25.0
A998,923.625,922.625,1642426759782375,-45.0,4.491495746929157,25.0,25.0
A998,923.625,922.625,1642426759877511,-44.0,4.295146206079795,22.5,22.5
A998,923.625,922.625,1642426759892570,-46.0,4.405592822807561,22.5,22.5
A998,923.625,922.625,1642426759909154,-43.0,4.387185053352934,22.5,22.5
A998,923.625,922.625,1642426759919432,-45.0,4.387185053352934,22.5,22.5
A998,923.625,922.625,1642426759929481,-44.5,4.724660826687775,22.5,22.5
A998,923.625,922.625,1642426759938483,-46.0,4.448544284868359,22.5,22.5
A998,923.625,922.625,1642426759947383,-43.0,4.025165587411922,22.5,22.5
A998,920.625,922.625,1642426760041011,-46.0,4.516039439535327,30.0,30.0
A998,920.625,922.625,1642426760049162,-43.5,4.503767593232243,30.0,30.0
A998,920.625,922.625,1642426760056238,-46.0,4.503767593232243,30.0,30.0
A998,920.625,922.625,1642426760083391,-46.0,4.516039439535327,30.0,30.0
A998,920.625,922.625,1642426760094241,-46.0,4.491495746929157,30.0,30.0
A998,921.625,922.625,1642426760214001,-45.5,4.411728745959104,25.0,25.0
A998,921.625,922.625,1642426760220818,-44.5,4.485359823777615,25.0,25.0
A998,921.625,922.625,1642426760233969,-43.5,4.147884050442774,25.0,25.0
A998,921.625,922.625,1642426760244897,-45.5,4.417864669110647,25.0,25.0
A998,921.625,922.625,1642426760255304,-44.0,4.424000592262189,25.0,25.0
A998,921.625,922.625,1642426760275529,-45.5,4.430136515413731,25.0,25.0
A998,921.625,922.625,1642426760291496,-45.5,4.362641360746763,25.0,25.0
A998,920.625,922.625,1642426760388129,-45.5,4.466952054322987,25.0,25.0
A998,920.625,922.625,1642426760395060,-45.5,4.466952054322987,25.0,25.0
A998,920.625,922.625,1642426760411319,-46.0,4.473087977474529,25.0,25.0
A998,920.625,922.625,1642426760422488,-46.0,4.4362724385652745,25.0,25.0
A998,920.625,922.625,1642426760434470,-46.0,4.485359823777615,25.0,25.0
A998,920.625,922.625,1642426760445374,-46.0,4.503767593232243,25.0,25.0
A998,920.625,922.625,1642426760454718,-46.0,4.460816131171445,25.0,25.0
A998,920.625,922.625,1642426760462934,-46.0,4.473087977474529,25.0,25.0
A998,920.625,922.625,1642426760550288,-46.5,4.522175362686871,22.5,22.5
A998,920.625,922.625,1642426760562802,-47.0,4.522175362686871,22.5,22.5
A998,920.625,922.625,1642426760573518,-43.5,3.9269908169872414,22.5,22.5
A998,920.625,922.625,1642426760604779,-47.0,4.540583132141498,22.5,22.5
A998,920.625,922.625,1642426760624448,-47.0,4.509903516383785,22.5,22.5
A998,920.625,922.625,1642426760636137,-46.5,4.3074180523828804,22.5,22.5
A998,922.125,922.625,1642426760715752,-46.5,4.632621979414636,30.0,30.0
A998,921.625,923.625,1642426763280940,-45.0,4.822835597112456,25.0,25.0
A998,921.625,923.625,1642426763294263,-42.0,5.21553467881118,25.0,25.0
A998,921.625,923.625,1642426763303083,-43.5,5.2768939103266055,25.0,25.0
A998,921.625,923.625,1642426763312695,-45.0,5.184855063053467,25.0,25.0
A998,921.625,923.625,1642426763339983,-45.0,5.295301679781233,25.0,25.0
A998,921.625,923.625,1642426763349375,-45.0,5.227806525114265,25.0,25.0
A998,921.625,923.625,1642426763359497,-44.5,5.325981295538946,25.0,25.0
A998,920.625,923.625,1642426763450789,-42.5,5.332117218690489,30.0,30.0
A998,920.625,923.625,1642426763479898,-45.5,5.338253141842031,30.0,30.0
A998,920.625,923.625,1642426763494780,-45.5,5.405748296509,30.0,30.0
A998,924.125,923.625,1642426763616051,-45.5,5.3198453723874035,22.5,22.5
A998,924.125,923.625,1642426763625821,-45.5,5.387340527054372,22.5,22.5
A998,924.125,923.625,1642426763641473,-43.0,5.43029198911517,22.5,22.5
A998,924.125,923.625,1642426763680238,-45.0,5.3627968344482015,22.5,22.5
A998,924.125,923.625,1642426763692720,-44.5,5.798447378207723,22.5,22.5
A998,924.125,923.625,1642426763700588,-41.0,5.313709449235861,22.5,22.5
A998,920.625,923.625,1642426763810625,-45.0,5.497787143782138,27.5,27.5
A998,920.625,923.625,1642426763821142,-43.5,5.5100589900852235,27.5,27.5
A998,920.625,923.625,1642426763826863,-42.5,5.497787143782138,27.5,27.5
A998,920.625,923.625,1642426763838139,-45.0,5.50392306693368,27.5,27.5
A998,920.625,923.625,1642426763860042,-42.0,5.4671075280244255,27.5,27.5
A998,920.625,923.625,1642426763868511,-45.0,5.5284667595398505,27.5,27.5
A998,920.625,923.625,1642426763874993,-44.5,5.620505606812989,27.5,27.5
A998,920.625,923.625,1642426763886519,-45.0,5.577554144752192,27.5,27.5
A998,921.125,923.625,1642426763982104,-44.0,5.45483568172134,20.0,20.0
A998,921.125,923.625,1642426763990923,-45.5,5.442563835418255,20.0,20.0
A998,921.125,923.625,1642426763997132,-42.5,5.399612373357457,20.0,20.0
A998,921.125,923.625,1642426764010619,-41.0,5.117359908386499,20.0,20.0
A998,921.125,923.625,1642426764020380,-45.5,5.700272607783043,20.0,20.0
A998,921.125,923.625,1642426764027179,-43.0,5.473243451175968,20.0,20.0
A998,921.125,923.625,1642426764051921,-42.5,5.485515297479052,20.0,20.0
A998,921.125,923.625,1642426764064829,-45.5,5.6573211457222445,20.0,20.0
A998,921.625,923.625,1642426764139668,-45.5,5.497787143782138,20.0,20.0
A998,921.625,923.625,1642426764148966,-45.5,5.522330836388308,20.0,20.0
A998,921.625,923.625,1642426764160890,-45.5,5.460971604872882,20.0,20.0
A998,921.625,923.625,1642426764169288,-45.5,5.295301679781233,20.0,20.0
A998,921.625,923.625,1642426764179425,-45.5,5.553010452146021,20.0,20.0
A998,921.625,923.625,1642426764190119,-45.5,5.5284667595398505,20.0,20.0
A998,921.625,923.625,1642426764218318,-45.0,5.522330836388308,20.0,20.0
A998,921.625,923.625,1642426764226199,-44.0,5.5714182216006485,20.0,20.0
A998,921.625,923.625,1642426764237857,-43.5,5.595961914206819,20.0,20.0
A998,921.125,923.625,1642426764322991,-44.0,5.66959299202533,25.0,25.0
A998,921.125,923.625,1642426764336163,-40.5,5.332117218690489,25.0,25.0
A998,921.125,923.625,1642426764343581,-42.5,5.8659425328746915,25.0,25.0
A998,921.125,923.625,1642426764353299,-44.0,5.66959299202533,25.0,25.0
A998,921.125,923.625,1642426764362667,-43.5,5.730952223540755,25.0,25.0
A998,921.125,923.625,1642426764373347,-43.5,6.166602767300278,25.0,25.0
A998,921.125,923.625,1642426764382053,-43.5,5.706408530934585,25.0,25.0
A998,921.125,923.625,1642426764389765,-43.5,5.724816300389213,25.0,25.0
A998,921.125,923.625,1642426764401553,-44.0,5.724816300389213,25.0,25.0
A998,921.125,923.625,1642426764412041,-41.5,5.553010452146021,25.0,25.0
A998,920.625,923.625,1642426764493500,-44.0,5.767767762450011,25.0,25.0
A998,920.625,923.625,1642426764504898,-43.5,5.221670601962723,25.0,25.0
A998,920.625,923.625,1642426764516052,-41.0,5.375068680751287,25.0,25.0
A998,920.625,923.625,1642426764523057,-43.5,5.712544454086128,25.0,25.0
A998,920.625,920.625,1642426764541036,-44.0,0.8774370106705868,25.0,25.0
A998,920.625,920.625,1642426764548917,-44.0,0.8713010875190442,25.0,25.0
A998,920.625,920.625,1642426764556374,-44.0,0.8958447801252144,25.0,25.0
A998,920.625,920.625,1642426764567397,-44.0,0.8958447801252144,25.0,25.0
A998,920.625,920.625,1642426764575063,-44.0,0.8774370106705868,25.0,25.0
A998,921.125,920.625,1642426764666819,-44.5,0.9326603190344698,30.0,30.0
A998,921.125,920.625,1642426764672978,-44.5,0.9326603190344698,30.0,30.0
A998,921.125,920.625,1642426764681970,-44.5,0.944932165337555,30.0,30.0
A998,921.125,920.625,1642426764689543,-44.5,0.9326603190344698,30.0,30.0
A998,921.125,920.625,1642426764699210,-44.5,0.944932165337555,30.0,30.0
A998,921.125,920.625,1642426764709204,-44.5,0.944932165337555,30.0,30.0
A998,921.125,920.625,1642426764717267,-44.5,0.9387962421860124,30.0,30.0
A998,921.125,920.625,1642426764728687,-44.5,0.944932165337555,30.0,30.0
A998,921.125,920.625,1642426764736028,-44.5,0.9510680884890975,30.0,30.0
A998,921.125,920.625,1642426764747160,-44.5,0.9510680884890975,30.0,30.0
A998,921.125,920.625,1642426764756139,-44.5,0.9510680884890975,30.0,30.0
A998,921.125,920.625,1642426764831274,-44.0,0.9510680884890975,27.5,27.5
A998,921.125,920.625,1642426764838247,-44.0,0.9387962421860124,27.5,27.5
A998,921.125,920.625,1642426764850141,-44.0,0.944932165337555,27.5,27.5
A998,921.125,920.625,1642426764858752,-44.0,0.9510680884890975,27.5,27.5
A998,921.125,920.625,1642426764867445,-44.0,0.9326603190344698,27.5,27.5
A998,921.125,920.625,1642426764877793,-44.0,0.9387962421860124,27.5,27.5
A998,921.125,920.625,1642426764886268,-44.0,0.944932165337555,27.5,27.5
A998,921.125,920.625,1642426764895535,-44.0,0.9326603190344698,27.5,27.5
A998,921.125,920.625,1642426764904732,-44.0,0.9387962421860124,27.5,27.5
A998,921.125,920.625,1642426764913008,-44.0,0.9265243958829272,27.5,27.5
A998,921.125,920.625,1642426764919159,-44.0,0.944932165337555,27.5,27.5
A998,923.125,920.625,1642426765008428,-45.5,0.7915340865489908,20.0,20.0
A998,923.125,920.625,1642426765019832,-45.0,0.803805932852076,20.0,20.0
A998,923.125,920.625,1642426765028178,-45.5,0.803805932852076,20.0,20.0
A998,923.125,920.625,1642426765036970,-45.0,0.803805932852076,20.0,20.0
A998,923.125,920.625,1642426765043041,-45.5,0.7731263170943632,20.0,20.0
A998,923.125,920.625,1642426765051787,-45.5,0.7792622402459057,20.0,20.0
A998,923.125,920.625,1642426765065222,-45.5,0.8099418560036186,20.0,20.0
A998,923.125,920.625,1642426765070709,-45.0,0.7915340865489908,20.0,20.0
A998,923.125,920.625,1642426765082171,-45.5,0.7792622402459057,20.0,20.0
A998,923.125,920.625,1642426765091191,-45.5,0.7915340865489908,20.0,20.0
A998,923.625,920.625,1642426765188561,-45.5,0.7179030087304801,20.0,20.0
A998,923.625,920.625,1642426765196410,-45.5,0.7240389318820226,20.0,20.0
A998,923.625,920.625,1642426765204978,-45.5,0.7179030087304801,20.0,20.0
A998,923.625,920.625,1642426765212887,-45.5,0.6994952392758523,20.0,20.0
A998,923.625,920.625,1642426765224443,-45.5,0.705631162427395,20.0,20.0
A998,923.625,920.625,1642426765230796,-45.5,0.7363107781851077,20.0,20.0
A998,923.625,920.625,1642426765243909,-45.5,0.7301748550335652,20.0,20.0
A998,923.625,920.625,1642426765249901,-45.5,0.6872233929727672,20.0,20.0
A998,923.625,920.625,1642426765262345,-45.5,0.6872233929727672,20.0,20.0
A998,923.625,920.625,1642426765267931,-45.5,0.6933593161243098,20.0,20.0
A998,921.125,920.625,1642426765397986,-45.0,0.6565437772150544,22.5,22.5
A998,921.125,920.625,1642426765403686,-45.0,0.6565437772150544,22.5,22.5
A998,921.125,920.625,1642426765415746,-45.0,0.6442719309119693,22.5,22.5
A998,921.125,920.625,1642426765423904,-45.0,0.6565437772150544,22.5,22.5
A998,921.125,920.625,1642426765433718,-45.0,0.662679700366597,22.5,22.5
A998,921.125,920.625,1642426765441758,-45.0,0.6442719309119693,22.5,22.5
A998,921.125,920.625,1642426765451102,-45.0,0.6320000846088841,22.5,22.5
A998,921.125,920.625,1642426765462052,-45.0,0.6688156235181395,22.5,22.5
A998,921.125,920.625,1642426765468710,-45.0,0.6320000846088841,22.5,22.5
A998,921.125,920.625,1642426765475079,-45.0,0.6258641614573416,22.5,22.5
A998,921.125,920.625,1642426765485848,-45.0,0.619728238305799,22.5,22.5
A998,920.625,920.625,1642426765573956,-44.5,0.6504078540635119,27.5,27.5
A998,920.625,920.625,1642426765582278,-44.5,0.6688156235181395,27.5,27.5
A998,920.625,920.625,1642426765589651,-45.0,0.6504078540635119,27.5,27.5
A998,920.625,920.625,1642426765600559,-44.5,0.6504078540635119,27.5,27.5
A998,920.625,920.625,1642426765609113,-44.5,0.6565437772150544,27.5,27.5
A998,920.625,920.625,1642426765618948,-44.5,0.6442719309119693,27.5,27.5
A998,920.625,920.625,1642426765626287,-44.5,0.619728238305799,27.5,27.5
A998,920.625,920.625,1642426765633639,-44.5,0.6442719309119693,27.5,27.5
A998,920.625,920.625,1642426765643667,-44.5,0.6320000846088841,27.5,27.5
A998,920.625,920.625,1642426765654472,-44.5,0.6258641614573416,27.5,27.5
A998,923.625,920.625,1642426765736127,-45.0,0.5092816215780329,22.5,22.5
A998,923.625,920.625,1642426765746247,-45.0,0.4970097752749477,22.5,22.5
A998,923.625,920.625,1642426765753895,-45.0,0.48473792897186263,22.5,22.5
A998,923.625,920.625,1642426765765385,-45.0,0.4970097752749477,22.5,22.5
A998,923.625,920.625,1642426765773284,-45.0,0.47860200582032003,22.5,22.5
A998,923.625,920.625,1642426765780790,-45.0,0.4663301595172349,22.5,22.5
A998,923.625,920.625,1642426765788671,-45.0,0.4724660826687775,22.5,22.5
A998,923.625,920.625,1642426765801220,-45.0,0.4724660826687775,22.5,22.5
A998,923.625,920.625,1642426765811294,-45.0,0.4540583132141498,22.5,22.5
A998,923.625,920.625,1642426765817233,-45.0,0.44178646691106466,22.5,22.5
A998,923.625,920.625,1642426765826442,-45.0,0.4479223900626072,22.5,22.5
A998,923.125,920.625,1642426765909271,-45.5,0.37429131224409645,20.0,20.0
A998,923.125,920.625,1642426765915821,-46.0,0.36815538909255385,20.0,20.0
A998,923.125,920.625,1642426765925869,-46.0,0.36815538909255385,20.0,20.0
A998,923.125,920.625,1642426765935378,-46.0,0.35588354278946877,20.0,20.0
A998,923.125,920.625,1642426765946075,-46.0,0.34974761963792617,20.0,20.0
A998,923.125,920.625,1642426765952500,-46.0,0.3374757733348411,20.0,20.0
A998,923.125,920.625,1642426765964508,-46.0,0.3374757733348411,20.0,20.0
A998,923.125,920.625,1642426765973154,-46.0,0.3374757733348411,20.0,20.0
A998,923.125,920.625,1642426765982743,-46.0,0.3313398501832985,20.0,20.0
A998,923.125,920.625,1642426765990270,-46.0,0.3313398501832985,20.0,20.0
A998,923.125,920.625,1642426765997427,-46.0,0.32520392703175593,20.0,20.0
A998,924.125,920.625,1642426766080328,-45.0,0.3988350048502667,30.0,30.0
A998,924.125,920.625,1642426766089626,-45.5,0.3988350048502667,30.0,30.0
A998,924.125,920.625,1642426766098231,-45.0,0.39269908169872414,30.0,30.0
A998,924.125,920.625,1642426766104579,-45.5,0.3865631585471816,30.0,30.0
A998,924.125,920.625,1642426766114028,-45.5,0.3865631585471816,30.0,30.0
A998,924.125,920.625,1642426766126350,-45.0,0.380427235395639,30.0,30.0
A998,924.125,920.625,1642426766131996,-45.5,0.3865631585471816,30.0,30.0
A998,924.125,920.625,1642426766143446,-45.0,0.39269908169872414,30.0,30.0
A998,924.125,920.625,1642426766150920,-45.5,0.36815538909255385,30.0,30.0
A998,924.125,920.625,1642426766163165,-45.0,0.380427235395639,30.0,30.0
A998,924.125,920.625,1642426766168174,-45.5,0.380427235395639,30.0,30.0
A998,921.625,920.625,1642426766252289,-45.0,0.3129320807286708,27.5,27.5
A998,921.625,920.625,1642426766262951,-45.0,0.3129320807286708,27.5,27.5
A998,921.625,920.625,1642426766268945,-45.0,0.30679615757712825,27.5,27.5
A998,921.625,920.625,1642426766279815,-45.0,0.3190680038802134,27.5,27.5
A998,921.625,920.625,1642426766286925,-45.0,0.30679615757712825,27.5,27.5
A998,921.625,920.625,1642426766298097,-45.0,0.2945243112740431,27.5,27.5
A998,921.625,920.625,1642426766307743,-45.0,0.30066023442558565,27.5,27.5
A998,921.625,920.625,1642426766314651,-45.0,0.2945243112740431,27.5,27.5
A998,921.625,920.625,1642426766325661,-45.0,0.28225246497095796,27.5,27.5
A998,921.625,920.625,1642426766333555,-45.0,0.28838838812250056,27.5,27.5
A998,921.625,920.625,1642426766342887,-45.0,0.2699806186678728,27.5,27.5
A998,921.125,921.125,1642426766438287,-46.0,0.030679615757712823,30.0,30.0
A998,921.125,921.125,1642426766445186,-46.0,0.006135923151542565,30.0,30.0
A998,921.125,921.125,1642426766453722,-46.0,0.030679615757712823,30.0,30.0
A998,921.125,921.125,1642426766464656,-46.0,0.01227184630308513,30.0,30.0
A998,921.125,921.125,1642426766475359,-46.0,0.018407769454627694,30.0,30.0
A998,921.125,921.125,1642426766483274,-46.0,0.030679615757712823,30.0,30.0
A998,921.125,921.125,1642426766492532,-46.0,0.0,30.0,30.0
A998,921.125,921.125,1642426766499898,-46.0,6.277049384028044,30.0,30.0
A998,921.125,921.125,1642426766509196,-46.0,0.0,30.0,30.0
A998,921.125,921.125,1642426766601299,-46.0,6.166602767300278,25.0,25.0
A998,921.125,921.125,1642426766612189,-46.0,6.160466844148735,25.0,25.0
A998,921.125,921.125,1642426766618994,-45.5,6.14819499784565,25.0,25.0
A998,921.125,921.125,1642426766627349,-46.0,6.154330920997192,25.0,25.0
A998,921.125,921.125,1642426766639917,-46.0,6.135923151542564,25.0,25.0
A998,921.125,921.125,1642426766647159,-45.5,6.154330920997192,25.0,25.0
A998,921.125,921.125,1642426766656177,-46.0,6.14819499784565,25.0,25.0
A998,921.125,921.125,1642426766662816,-45.5,6.1420590746941075,25.0,25.0
A998,921.125,921.125,1642426766674107,-45.5,6.12365130523948,25.0,25.0
A998,921.125,921.125,1642426766682542,-46.0,6.129787228391022,25.0,25.0
A998,924.125,921.125,1642426766766950,-46.5,6.037748381117884,20.0,20.0
A998,924.125,921.125,1642426766775333,-47.0,6.019340611663256,20.0,20.0
A998,924.125,921.125,1642426766784053,-47.0,6.025476534814799,20.0,20.0
A998,924.125,921.125,1642426766795259,-46.5,6.062292073724054,20.0,20.0
A998,924.125,921.125,1642426766802050,-47.0,6.025476534814799,20.0,20.0
A998,924.125,921.125,1642426766814442,-47.0,6.050020227420969,20.0,20.0
A998,924.125,921.125,1642426766818504,-47.0,6.031612457966341,20.0,20.0
A998,924.125,921.125,1642426766830925,-46.5,6.031612457966341,20.0,20.0
A998,924.125,921.125,1642426766838306,-47.0,6.031612457966341,20.0,20.0
A998,924.125,921.125,1642426766846800,-47.0,6.013204688511713,20.0,20.0
A998,924.125,921.125,1642426766857832,-47.0,6.043884304269426,20.0,20.0
A998,923.625,921.125,1642426766946945,-46.5,6.013204688511713,20.0,20.0
A998,923.625,921.125,1642426766954534,-47.0,5.994796919057086,20.0,20.0
A998,923.625,921.125,1642426766965496,-47.0,6.025476534814799,20.0,20.0
A998,923.625,921.125,1642426766974721,-46.5,6.025476534814799,20.0,20.0
A998,923.625,921.125,1642426766984461,-47.0,6.000932842208628,20.0,20.0
A998,923.625,921.125,1642426766994341,-47.0,6.007068765360171,20.0,20.0
A998,923.625,921.125,1642426767002708,-47.0,5.976389149602458,20.0,20.0
A998,923.625,921.125,1642426767009713,-47.0,5.982525072754001,20.0,20.0
A998,923.625,921.125,1642426767021350,-47.0,5.982525072754001,20.0,20.0
A998,923.625,921.125,1642426767029089,-47.0,5.976389149602458,20.0,20.0
A998,920.625,920.625,1642426768339993,-44.0,6.013204688511713,30.0,30.0
A998,920.625,920.625,1642426768352053,-46.5,6.007068765360171,30.0,30.0
A998,920.625,920.625,1642426768372030,-46.5,6.031612457966341,30.0,30.0
A998,920.625,920.625,1642426768376142,-43.5,6.000932842208628,30.0,30.0
A998,920.625,920.625,1642426768389545,-46.5,6.007068765360171,30.0,30.0
A998,920.625,920.625,1642426768400271,-43.0,5.964117303299373,30.0,30.0
A998,920.625,920.625,1642426768407656,-42.5,6.252505691421874,30.0,30.0
A998,923.125,920.625,1642426768501664,-46.5,5.872078456026235,25.0,25.0
A998,923.125,920.625,1642426768508670,-46.0,6.025476534814799,25.0,25.0
A998,923.125,920.625,1642426768519363,-46.0,6.068427996875596,25.0,25.0
A998,923.125,920.625,1642426768531338,-46.0,5.970253226450915,25.0,25.0
A998,923.125,920.625,1642426768561871,-43.0,5.8659425328746915,25.0,25.0
A998,923.125,920.625,1642426768580950,-43.0,5.957981380147831,25.0,25.0
A998,923.625,920.625,1642426768680415,-47.0,6.019340611663256,22.5,22.5
A998,923.625,920.625,1642426768686664,-45.0,5.829126993965437,22.5,22.5
A998,923.625,920.625,1642426768695518,-45.0,5.798447378207723,22.5,22.5
A998,923.625,920.625,1642426768708198,-47.0,5.872078456026235,22.5,22.5
A998,923.625,920.625,1642426768721609,-45.0,6.0991076126333095,22.5,22.5
A998,923.625,920.625,1642426768728065,-46.0,5.8659425328746915,22.5,22.5
A998,923.625,920.625,1642426768739885,-47.0,5.71868037723767,22.5,22.5
A998,923.625,920.625,1642426768748195,-47.0,5.8659425328746915,22.5,22.5
A998,922.125,920.625,1642426768852759,-47.5,5.859806609723149,20.0,20.0
A998,922.125,920.625,1642426768869821,-45.5,5.841398840268521,20.0,20.0
A998,922.125,920.625,1642426768880353,-47.5,5.822991070813893,20.0,20.0
A998,922.125,920.625,1642426768901461,-48.0,5.878214379177777,20.0,20.0
A998,922.125,920.625,1642426768912219,-47.5,5.878214379177777,20.0,20.0
A998,922.125,920.625,1642426768921829,-47.5,5.878214379177777,20.0,20.0
A998,923.625,923.625,1642426770236307,-47.5,4.3503695144436785,22.5,22.5
A998,923.625,923.625,1642426770244842,-47.5,4.344233591292136,22.5,22.5
A998,923.625,923.625,1642426770251836,-47.5,4.331961744989051,22.5,22.5
A998,923.625,923.625,1642426770262829,-47.5,4.374913207049849,22.5,22.5
A998,923.625,923.625,1642426770270985,-47.5,4.362641360746763,22.5,22.5
A998,923.625,923.625,1642426770278669,-47.5,4.362641360746763,22.5,22.5
A998,923.625,923.625,1642426770286886,-47.5,4.338097668140593,22.5,22.5
A998,921.125,923.625,1642426770372160,-48.5,4.344233591292136,20.0,20.0
A998,921.125,923.625,1642426770380523,-48.0,4.338097668140593,20.0,20.0
A998,921.125,923.625,1642426770392279,-48.0,4.338097668140593,20.0,20.0
A998,921.125,923.625,1642426770401102,-48.5,4.3503695144436785,20.0,20.0
A998,921.125,923.625,1642426770409320,-48.5,4.356505437595221,20.0,20.0
A998,921.125,923.625,1642426770415720,-48.0,4.331961744989051,20.0,20.0
A998,921.125,923.625,1642426770427007,-48.5,4.362641360746763,20.0,20.0
A998,921.125,923.625,1642426770434008,-48.0,4.338097668140593,20.0,20.0
A998,921.125,923.625,1642426770443489,-48.0,4.344233591292136,20.0,20.0
A998,921.125,923.625,1642426770454738,-48.0,4.331961744989051,20.0,20.0
A998,921.125,923.625,1642426770460847,-48.5,4.325825821837508,20.0,20.0
A998,922.125,923.625,1642426770549684,-48.5,4.325825821837508,20.0,20.0
A998,922.125,923.625,1642426770560652,-48.0,4.3503695144436785,20.0,20.0
A998,922.125,923.625,1642426770569447,-48.5,4.356505437595221,20.0,20.0
A998,922.125,923.625,1642426770581237,-48.0,4.368777283898306,20.0,20.0
A998,922.125,923.625,1642426770589412,-48.0,4.331961744989051,20.0,20.0
A998,922.125,923.625,1642426770596217,-48.0,4.356505437595221,20.0,20.0
A998,922.125,923.625,1642426770603714,-48.5,4.362641360746763,20.0,20.0
A998,922.125,923.625,1642426770616052,-48.0,4.374913207049849,20.0,20.0
A998,922.125,923.625,1642426770623524,-48.5,4.381049130201391,20.0,20.0
A998,922.125,923.625,1642426770635523,-48.0,4.387185053352934,20.0,20.0
A998,922.125,923.625,1642426770711739,-47.0,4.411728745959104,25.0,25.0
A998,922.125,923.625,1642426770723172,-47.0,4.442408361716817,25.0,25.0
A998,922.125,923.625,1642426770731970,-47.0,4.4362724385652745,25.0,25.0
A998,922.125,923.625,1642426770740152,-47.0,4.424000592262189,25.0,25.0
A998,922.125,923.625,1642426770751547,-47.0,4.424000592262189,25.0,25.0
A998,922.125,923.625,1642426770761175,-47.0,4.430136515413731,25.0,25.0
A998,922.125,923.625,1642426770770142,-47.0,4.460816131171445,25.0,25.0
A998,922.125,923.625,1642426770774515,-47.0,4.4362724385652745,25.0,25.0
A998,922.125,923.625,1642426770783947,-47.0,4.4362724385652745,25.0,25.0
A998,922.125,923.625,1642426770792720,-47.0,4.460816131171445,25.0,25.0
A998,922.125,923.625,1642426770805633,-47.0,4.442408361716817,25.0,25.0
A998,924.125,923.625,1642426770904354,-46.5,4.473087977474529,25.0,25.0
A998,924.125,923.625,1642426770912542,-46.5,4.460816131171445,25.0,25.0
A998,924.125,923.625,1642426770921987,-46.5,4.473087977474529,25.0,25.0
A998,924.125,923.625,1642426770932466,-46.5,4.473087977474529,25.0,25.0
A998,924.125,923.625,1642426770940828,-46.5,4.466952054322987,25.0,25.0
A998,924.125,923.625,1642426770949224,-46.5,4.454680208019902,25.0,25.0
A998,924.125,923.625,1642426770959636,-46.5,4.473087977474529,25.0,25.0
A998,924.125,923.625,1642426770966061,-46.5,4.460816131171445,25.0,25.0
A998,924.125,923.625,1642426770974278,-46.5,4.466952054322987,25.0,25.0
A998,924.125,923.625,1642426770981702,-46.5,4.460816131171445,25.0,25.0
A998,924.125,923.625,1642426770992959,-46.5,4.454680208019902,25.0,25.0
A998,923.625,923.625,1642426771073911,-46.5,4.424000592262189,22.5,22.5
A998,923.625,923.625,1642426771084298,-47.0,4.424000592262189,22.5,22.5
A998,923.625,923.625,1642426771094833,-47.0,4.448544284868359,22.5,22.5
A998,923.625,923.625,1642426771103584,-47.0,4.424000592262189,22.5,22.5
A998,923.625,923.625,1642426771110349,-47.0,4.4362724385652745,22.5,22.5
A998,923.625,923.625,1642426771121290,-47.0,4.4362724385652745,22.5,22.5
A998,923.625,923.625,1642426771128057,-47.0,4.430136515413731,22.5,22.5
A998,923.625,923.625,1642426771140309,-47.0,4.442408361716817,22.5,22.5
A998,923.625,923.625,1642426771149727,-46.5,4.442408361716817,22.5,22.5
A998,923.625,923.625,1642426771159174,-47.0,4.448544284868359,22.5,22.5
A998,923.625,923.625,1642426771165101,-47.0,4.4362724385652745,22.5,22.5
A998,923.125,923.625,1642426771251253,-47.0,4.399456899656019,20.0,20.0
A998,923.125,923.625,1642426771259948,-47.5,4.417864669110647,20.0,20.0
A998,923.125,923.625,1642426771270352,-47.5,4.417864669110647,20.0,20.0
A998,923.125,923.625,1642426771278010,-47.5,4.405592822807561,20.0,20.0
A998,923.125,923.625,1642426771286562,-47.5,4.430136515413731,20.0,20.0
A998,923.125,923.625,1642426771295571,-47.5,4.424000592262189,20.0,20.0
A998,923.125,923.625,1642426771304887,-47.0,4.399456899656019,20.0,20.0
A998,923.125,923.625,1642426771315761,-47.5,4.417864669110647,20.0,20.0
A998,923.125,923.625,1642426771323913,-47.5,4.424000592262189,20.0,20.0
A998,923.125,923.625,1642426771334211,-47.5,4.411728745959104,20.0,20.0
A998,921.125,923.625,1642426771420040,-46.0,4.534447208989955,30.0,30.0
A998,921.125,923.625,1642426771428600,-46.5,4.540583132141498,30.0,30.0
A998,921.125,923.625,1642426771437799,-46.5,4.540583132141498,30.0,30.0
A998,921.125,923.625,1642426771447882,-46.5,4.522175362686871,30.0,30.0
A998,921.125,923.625,1642426771454354,-46.5,4.528311285838413,30.0,30.0
A998,921.125,923.625,1642426771462574,-46.5,4.528311285838413,30.0,30.0
A998,921.125,923.625,1642426771473755,-46.5,4.522175362686871,30.0,30.0
A998,921.125,923.625,1642426771481728,-46.5,4.546719055293041,30.0,30.0
A998,921.125,923.625,1642426771490732,-46.0,4.546719055293041,30.0,30.0
A998,921.125,923.625,1642426771501744,-46.5,4.528311285838413,30.0,30.0
A998,924.125,923.625,1642426771595294,-47.5,4.411728745959104,20.0,20.0
A998,924.125,923.625,1642426771604842,-47.5,4.399456899656019,20.0,20.0
A998,924.125,923.625,1642426771614988,-47.5,4.411728745959104,20.0,20.0
A998,924.125,923.625,1642426771619920,-47.5,4.424000592262189,20.0,20.0
A998,924.125,923.625,1642426771628406,-47.5,4.417864669110647,20.0,20.0
A998,924.125,923.625,1642426771638427,-47.5,4.417864669110647,20.0,20.0
A998,924.125,923.625,1642426771650392,-47.5,4.417864669110647,20.0,20.0
A998,924.125,923.625,1642426771657123,-47.5,4.417864669110647,20.0,20.0
A998,924.125,923.625,1642426771667688,-47.5,4.405592822807561,20.0,20.0
A998,924.125,923.625,1642426771675328,-47.5,4.399456899656019,20.0,20.0
A998,920.625,923.625,1642426771755576,-46.5,4.454680208019902,25.0,25.0
A998,920.625,923.625,1642426771765334,-46.5,4.473087977474529,25.0,25.0
A998,920.625,923.625,1642426771775980,-46.5,4.454680208019902,25.0,25.0
A998,920.625,923.625,1642426771783257,-46.5,4.479223900626073,25.0,25.0
A998,920.625,923.625,1642426771790804,-46.5,4.454680208019902,25.0,25.0
A998,920.625,923.625,1642426771804022,-46.5,4.460816131171445,25.0,25.0
A998,920.625,923.625,1642426771809892,-46.5,4.473087977474529,25.0,25.0
A998,920.625,923.625,1642426771817040,-46.5,4.448544284868359,25.0,25.0
A998,920.625,923.625,1642426771825699,-46.5,4.460816131171445,25.0,25.0
A998,920.625,923.625,1642426771837615,-46.5,4.460816131171445,25.0,25.0
A998,920.625,923.625,1642426771844337,-46.5,4.454680208019902,25.0,25.0
A998,921.625,923.625,1642426771926494,-46.0,4.466952054322987,27.5,27.5
A998,921.625,923.625,1642426771938543,-46.0,4.485359823777615,27.5,27.5
A998,921.625,923.625,1642426771942650,-46.0,4.491495746929157,27.5,27.5
A998,921.625,923.625,1642426771955318,-46.0,4.4976316700806995,27.5,27.5
A998,921.625,923.625,1642426771964611,-46.0,4.516039439535327,27.5,27.5
A998,921.625,923.625,1642426771973649,-46.0,4.516039439535327,27.5,27.5
A998,921.625,923.625,1642426771980591,-46.0,4.503767593232243,27.5,27.5
A998,921.625,923.625,1642426771988457,-46.0,4.509903516383785,27.5,27.5
A998,921.625,923.625,1642426771999028,-46.0,4.491495746929157,27.5,27.5
A998,921.625,923.625,1642426772010476,-46.0,4.509903516383785,27.5,27.5
A998,921.625,923.625,1642426772017252,-46.0,4.4976316700806995,27.5,27.5
A998,923.625,923.625,1642426772101781,-46.5,4.528311285838413,30.0,30.0
A998,923.625,923.625,1642426772110790,-46.5,4.534447208989955,30.0,30.0
A998,923.625,923.625,1642426772120012,-46.5,4.522175362686871,30.0,30.0
A998,923.625,923.625,1642426772135687,-46.5,4.540583132141498,30.0,30.0
A998,923.625,923.625,1642426772144786,-46.5,4.516039439535327,30.0,30.0
A998,923.625,923.625,1642426772154989,-46.5,4.534447208989955,30.0,30.0
A998,923.625,923.625,1642426772164422,-46.5,4.534447208989955,30.0,30.0
A998,923.625,923.625,1642426772171436,-46.5,4.534447208989955,30.0,30.0
A998,923.625,923.625,1642426772178813,-46.5,4.528311285838413,30.0,30.0
A998,923.625,923.625,1642426772191888,-46.5,4.540583132141498,30.0,30.0
A998,921.625,923.625,1642426772268820,-46.5,4.460816131171445,25.0,25.0
A998,921.625,923.625,1642426772280510,-46.5,4.460816131171445,25.0,25.0
A998,921.625,923.625,1642426772286330,-46.5,4.454680208019902,25.0,25.0
A998,921.625,923.625,1642426772298732,-46.5,4.460816131171445,25.0,25.0
A998,921.625,923.625,1642426772306069,-46.5,4.454680208019902,25.0,25.0
A998,921.625,923.625,1642426772316670,-46.5,4.454680208019902,25.0,25.0
A998,921.625,923.625,1642426772324808,-46.5,4.448544284868359,25.0,25.0
A998,921.625,923.625,1642426772333552,-46.5,4.460816131171445,25.0,25.0
A998,921.625,923.625,1642426772343849,-46.5,4.454680208019902,25.0,25.0
A998,921.625,923.625,1642426772352465,-46.5,4.442408361716817,25.0,25.0
A998,921.625,923.625,1642426772359846,-46.5,4.460816131171445,25.0,25.0
A998,924.125,923.625,1642426772444426,-46.5,4.485359823777615,27.5,27.5
A998,924.125,923.625,1642426772451349,-46.5,4.485359823777615,27.5,27.5
A998,924.125,923.625,1642426772463071,-46.5,4.522175362686871,27.5,27.5
A998,924.125,923.625,1642426772471149,-46.5,4.491495746929157,27.5,27.5
A998,924.125,923.625,1642426772480348,-46.5,4.503767593232243,27.5,27.5
A998,924.125,923.625,1642426772490428,-46.5,4.522175362686871,27.5,27.5
A998,924.125,923.625,1642426772495506,-46.5,4.491495746929157,27.5,27.5
A998,924.125,923.625,1642426772503547,-46.5,4.485359823777615,27.5,27.5
A998,924.125,923.625,1642426772516983,-46.5,4.491495746929157,27.5,27.5
A998,924.125,923.625,1642426772525387,-46.5,4.473087977474529,27.5,27.5
A998,924.125,923.625,1642426772532338,-46.5,4.503767593232243,27.5,27.5
A998,920.625,923.625,1642426772613757,-46.5,4.522175362686871,30.0,30.0
A998,920.625,923.625,1642426772623622,-46.5,4.552854978444583,30.0,30.0
A998,920.625,923.625,1642426772629641,-46.5,4.534447208989955,30.0,30.0
A998,920.625,923.625,1642426772642443,-46.5,4.546719055293041,30.0,30.0
A998,920.625,923.625,1642426772650069,-46.5,4.528311285838413,30.0,30.0
A998,920.625,923.625,1642426772659346,-46.5,4.528311285838413,30.0,30.0
A998,920.625,923.625,1642426772665614,-46.5,4.516039439535327,30.0,30.0
A998,920.625,923.625,1642426772674319,-46.5,4.540583132141498,30.0,30.0
A998,920.625,923.625,1642426772686178,-46.5,4.522175362686871,30.0,30.0
A998,920.625,923.625,1642426772696022,-46.5,4.534447208989955,30.0,30.0
A998,920.625,923.625,1642426772703272,-46.5,4.558990901596125,30.0,30.0
A998,920.625,923.625,1642426772782207,-46.5,4.509903516383785,30.0,30.0
A998,920.625,923.625,1642426772794127,-46.5,4.546719055293041,30.0,30.0
A998,920.625,923.625,1642426772799784,-46.5,4.552854978444583,30.0,30.0
A998,920.625,923.625,1642426772810585,-46.5,4.528311285838413,30.0,30.0
A998,920.625,923.625,1642426772819956,-46.5,4.534447208989955,30.0,30.0
A998,920.625,923.625,1642426772826761,-46.5,4.534447208989955,30.0,30.0
A998,920.625,923.625,1642426772837789,-46.5,4.558990901596125,30.0,30.0
A998,920.625,923.625,1642426772846340,-46.5,4.534447208989955,30.0,30.0
A998,920.625,923.625,1642426772853918,-46.5,4.534447208989955,30.0,30.0
A998,920.625,923.625,1642426772862643,-46.5,4.522175362686871,30.0,30.0
A998,920.625,923.625,1642426772874297,-46.5,4.558990901596125,30.0,30.0
A998,921.125,923.625,1642426772957706,-46.5,4.534447208989955,30.0,30.0
A998,921.125,923.625,1642426772966717,-46.5,4.558990901596125,30.0,30.0
A998,921.125,923.625,1642426772976553,-46.5,4.528311285838413,30.0,30.0
A998,921.125,923.625,1642426772986484,-46.5,4.522175362686871,30.0,30.0
A998,921.125,923.625,1642426772992889,-46.5,4.528311285838413,30.0,30.0
A998,921.125,923.625,1642426773002107,-46.5,4.534447208989955,30.0,30.0
A998,921.125,923.625,1642426773008960,-46.5,4.546719055293041,30.0,30.0
A998,921.125,923.625,1642426773021106,-46.5,4.546719055293041,30.0,30.0
A998,921.125,923.625,1642426773028969,-46.5,4.528311285838413,30.0,30.0
A998,921.125,923.625,1642426773039413,-46.5,4.565126824747668,30.0,30.0
A998,921.125,923.625,1642426773046651,-46.5,4.552854978444583,30.0,30.0
