A998,922.125,922.125,1642425303198007,-48.5,0.30066023442558565,27.5,27.5
A998,922.125,922.125,1642425303206726,-48.5,0.3129320807286708,27.5,27.5
A998,922.125,922.125,1642425303218134,-48.5,0.3436116964863836,27.5,27.5
A998,922.125,922.125,1642425303224048,-48.5,0.3190680038802134,27.5,27.5
A998,922.125,922.125,1642425303234693,-48.5,0.3190680038802134,27.5,27.5
A998,922.125,922.125,1642425303240806,-48.5,0.3129320807286708,27.5,27.5
A998,922.125,922.125,1642425303250393,-48.5,0.3190680038802134,27.5,27.5
A998,922.125,922.125,1642425303259565,-48.5,0.30679615757712825,27.5,27.5
A998,922.125,922.125,1642425303271419,-48.5,0.30679615757712825,27.5,27.5
A998,922.125,922.125,1642425303280255,-48.5,0.32520392703175593,27.5,27.5
A998,922.125,922.125,1642425303290095,-48.5,0.32520392703175593,27.5,27.5
A998,921.125,922.125,1642425303450248,-50.0,0.23930100291016002,20.0,20.0
A998,921.125,922.125,1642425303457286,-50.0,0.23930100291016002,20.0,20.0
A998,921.125,922.125,1642425303469353,-50.0,0.25157284921324513,20.0,20.0
A998,921.125,922.125,1642425303475267,-50.0,0.23316507975861744,20.0,20.0
A998,921.125,922.125,1642425303485747,-50.0,0.2454369260617026,20.0,20.0
A998,921.125,922.125,1642425303495633,-50.0,0.23930100291016002,20.0,20.0
A998,921.125,922.125,1642425303504061,-50.0,0.2454369260617026,20.0,20.0
A998,921.125,922.125,1642425303513099,-50.0,0.2454369260617026,20.0,20.0
A998,921.125,922.125,1642425303521643,-50.0,0.23930100291016002,20.0,20.0
A998,921.125,922.125,1642425303530387,-50.0,0.2454369260617026,20.0,20.0
A998,921.125,922.125,1642425303539839,-50.0,0.23316507975861744,20.0,20.0
A998,921.625,922.125,1642425303664145,-48.0,0.3988350048502667,30.0,30.0
A998,921.625,922.125,1642425303676679,-48.0,0.39269908169872414,30.0,30.0
A998,921.625,922.125,1642425303684163,-48.0,0.4049709280018093,30.0,30.0
A998,921.625,922.125,1642425303695736,-48.0,0.380427235395639,30.0,30.0
A998,921.625,922.125,1642425303701920,-48.0,0.3988350048502667,30.0,30.0
A998,921.625,922.125,1642425303712687,-48.0,0.3865631585471816,30.0,30.0
A998,921.625,922.125,1642425303721039,-48.5,0.4111068511533518,30.0,30.0
A998,921.625,922.125,1642425303729763,-48.0,0.39269908169872414,30.0,30.0
A998,921.625,922.125,1642425303737011,-48.0,0.3988350048502667,30.0,30.0
A998,921.625,922.125,1642425303746854,-48.0,0.39269908169872414,30.0,30.0
A998,921.625,922.125,1642425303753765,-48.0,0.3988350048502667,30.0,30.0
A998,921.625,922.125,1642425303767044,-48.0,0.4049709280018093,30.0,30.0
A998,924.125,922.125,1642425303864691,-50.0,0.23930100291016002,20.0,20.0
A998,924.125,922.125,1642425303875056,-50.0,0.2454369260617026,20.0,20.0
A998,924.125,922.125,1642425303883124,-50.0,0.23930100291016002,20.0,20.0
A998,924.125,922.125,1642425303893299,-50.0,0.25157284921324513,20.0,20.0
A998,924.125,922.125,1642425303902653,-50.0,0.25770877236478773,20.0,20.0
A998,924.125,922.125,1642425303909431,-50.0,0.2454369260617026,20.0,20.0
A998,924.125,922.125,1642425303919465,-50.0,0.2454369260617026,20.0,20.0
A998,924.125,922.125,1642425303929566,-50.0,0.25770877236478773,20.0,20.0
A998,924.125,922.125,1642425303939601,-50.0,0.25157284921324513,20.0,20.0
A998,924.125,922.125,1642425303948367,-50.0,0.23930100291016002,20.0,20.0
A998,921.625,922.125,1642425304057048,-49.5,0.28225246497095796,22.5,22.5
A998,921.625,922.125,1642425304066246,-49.5,0.2761165418194154,22.5,22.5
A998,921.625,922.125,1642425304073668,-49.5,0.2638446955163303,22.5,22.5
A998,921.625,922.125,1642425304081871,-49.5,0.2638446955163303,22.5,22.5
A998,921.625,922.125,1642425304093968,-49.5,0.2761165418194154,22.5,22.5
A998,921.625,922.125,1642425304101558,-49.5,0.2699806186678728,22.5,22.5
A998,921.625,922.125,1642425304110058,-49.5,0.2699806186678728,22.5,22.5
A998,921.625,922.125,1642425304118725,-49.5,0.2761165418194154,22.5,22.5
A998,921.625,922.125,1642425304129967,-49.5,0.2638446955163303,22.5,22.5
A998,921.625,922.125,1642425304139762,-49.5,0.2761165418194154,22.5,22.5
A998,921.625,922.125,1642425304233678,-48.5,0.37429131224409645,27.5,27.5
A998,921.625,922.125,1642425304243346,-48.5,0.35588354278946877,27.5,27.5
A998,921.625,922.125,1642425304249334,-48.5,0.3374757733348411,27.5,27.5
A998,921.625,922.125,1642425304260559,-48.5,0.34974761963792617,27.5,27.5
A998,921.625,922.125,1642425304270811,-48.5,0.34974761963792617,27.5,27.5
A998,921.625,922.125,1642425304280195,-48.5,0.34974761963792617,27.5,27.5
A998,921.625,922.125,1642425304289741,-48.5,0.3374757733348411,27.5,27.5
A998,921.625,922.125,1642425304297428,-48.5,0.35588354278946877,27.5,27.5
A998,921.625,922.125,1642425304305859,-48.5,0.3374757733348411,27.5,27.5
A998,921.625,922.125,1642425304314897,-48.5,0.3436116964863836,27.5,27.5
A998,921.625,922.125,1642425304326264,-48.5,0.35588354278946877,27.5,27.5
A998,923.125,922.125,1642425304423015,-50.0,0.2454369260617026,20.0,20.0
A998,923.125,922.125,1642425304430207,-50.0,0.25157284921324513,20.0,20.0
A998,923.125,922.125,1642425304438298,-50.0,0.25157284921324513,20.0,20.0
A998,923.125,922.125,1642425304449850,-50.0,0.25770877236478773,20.0,20.0
A998,923.125,922.125,1642425304456119,-50.0,0.2761165418194154,20.0,20.0
A998,923.125,922.125,1642425304465960,-50.0,0.2638446955163303,20.0,20.0
A998,923.125,922.125,1642425304476299,-50.0,0.2638446955163303,20.0,20.0
A998,923.125,922.125,1642425304485554,-50.0,0.2638446955163303,20.0,20.0
A998,923.125,922.125,1642425304495869,-50.0,0.2761165418194154,20.0,20.0
A998,923.125,922.125,1642425304502676,-50.0,0.2638446955163303,20.0,20.0
A998,923.125,922.125,1642425304512487,-50.0,0.2638446955163303,20.0,20.0
A998,923.125,922.125,1642425304523096,-50.0,0.2638446955163303,20.0,20.0
A998,922.625,922.125,1642425304606837,-50.0,0.2699806186678728,20.0,20.0
A998,922.625,922.125,1642425304616183,-50.0,0.2699806186678728,20.0,20.0
A998,922.625,922.125,1642425304622949,-50.0,0.2638446955163303,20.0,20.0
A998,922.625,922.125,1642425304633055,-50.0,0.2699806186678728,20.0,20.0
A998,922.625,922.125,1642425304638940,-50.0,0.2761165418194154,20.0,20.0
A998,922.625,922.125,1642425304650815,-50.0,0.2638446955163303,20.0,20.0
A998,922.625,922.125,1642425304661401,-50.0,0.2699806186678728,20.0,20.0
A998,922.625,922.125,1642425304669809,-50.0,0.2699806186678728,20.0,20.0
A998,922.625,922.125,1642425304675953,-50.0,0.2699806186678728,20.0,20.0
A998,922.625,922.125,1642425304686147,-50.0,0.28225246497095796,20.0,20.0
A998,920.625,922.125,1642425304788110,-48.0,0.4724660826687775,30.0,30.0
A998,920.625,922.125,1642425304793380,-49.5,0.25157284921324513,30.0,30.0
A998,920.625,922.125,1642425304803254,-47.0,0.4172427743048944,30.0,30.0
A998,920.625,922.125,1642425304815845,-48.0,0.4479223900626072,30.0,30.0
A998,920.625,922.125,1642425304822226,-48.0,0.5031456984264903,30.0,30.0
A998,920.625,922.125,1642425304832300,-48.5,0.4540583132141498,30.0,30.0
A998,920.625,922.125,1642425304840773,-48.0,0.4908738521234052,30.0,30.0
A998,920.625,922.125,1642425304850961,-48.0,0.4908738521234052,30.0,30.0
A998,920.625,922.125,1642425304857850,-48.0,0.4724660826687775,30.0,30.0
A998,920.625,922.125,1642425305004199,-49.0,0.3988350048502667,25.0,25.0
A998,920.625,922.125,1642425305014737,-49.0,0.36815538909255385,25.0,25.0
A998,920.625,922.125,1642425305024293,-48.5,0.3865631585471816,25.0,25.0
A998,920.625,922.125,1642425305032532,-49.0,0.37429131224409645,25.0,25.0
A998,920.625,922.125,1642425305043490,-49.0,0.3865631585471816,25.0,25.0
A998,920.625,922.125,1642425305051240,-49.0,0.3865631585471816,25.0,25.0
A998,920.625,922.125,1642425305056821,-49.0,0.3865631585471816,25.0,25.0
A998,920.625,922.125,1642425305066014,-48.5,0.3988350048502667,25.0,25.0
A998,920.625,922.125,1642425305078171,-49.0,0.37429131224409645,25.0,25.0
A998,923.125,920.625,1642425305176721,-48.5,1.0983302441261191,27.5,27.5
A998,923.125,920.625,1642425305183963,-48.5,1.0921943209745766,27.5,27.5
A998,923.125,920.625,1642425305192872,-48.5,1.0921943209745766,27.5,27.5
A998,923.125,920.625,1642425305201964,-48.5,1.1167380135807468,27.5,27.5
A998,923.125,920.625,1642425305212257,-48.5,1.1044661672776617,27.5,27.5
A998,923.125,920.625,1642425305222396,-48.5,1.1106020904292042,27.5,27.5
A998,923.125,920.625,1642425305231012,-48.5,1.0983302441261191,27.5,27.5
A998,923.125,920.625,1642425305238174,-48.5,1.1167380135807468,27.5,27.5
A998,923.125,920.625,1642425305246116,-48.5,1.1044661672776617,27.5,27.5
A998,923.125,920.625,1642425305255427,-48.5,1.0921943209745766,27.5,27.5
A998,923.125,920.625,1642425305266660,-48.5,1.1228739367322893,27.5,27.5
A998,922.125,920.625,1642425305362656,-48.5,1.1106020904292042,25.0,25.0
A998,922.125,920.625,1642425305374500,-49.0,1.141281706186917,25.0,25.0
A998,922.125,920.625,1642425305378510,-48.5,1.1228739367322893,25.0,25.0
A998,922.125,920.625,1642425305392364,-48.5,1.1290098598838318,25.0,25.0
A998,922.125,920.625,1642425305397150,-48.5,1.1228739367322893,25.0,25.0
A998,922.125,920.625,1642425305409399,-48.5,1.1228739367322893,25.0,25.0
A998,922.125,920.625,1642425305418861,-48.5,1.1290098598838318,25.0,25.0
A998,922.125,920.625,1642425305426543,-48.5,1.1228739367322893,25.0,25.0
A998,922.125,920.625,1642425305436211,-48.5,1.1228739367322893,25.0,25.0
A998,922.125,920.625,1642425305445276,-48.5,1.1044661672776617,25.0,25.0
A998,922.125,920.625,1642425305453137,-48.5,1.1351457830353744,25.0,25.0
A998,921.625,920.625,1642425305543228,-49.0,1.0921943209745766,22.5,22.5
A998,921.625,920.625,1642425305548675,-49.0,1.0983302441261191,22.5,22.5
A998,921.625,920.625,1642425305560560,-49.0,1.0799224746714913,22.5,22.5
A998,921.625,920.625,1642425305570266,-49.0,1.055378782065321,22.5,22.5
A998,921.625,920.625,1642425305577749,-49.0,1.0799224746714913,22.5,22.5
A998,921.625,920.625,1642425305584793,-49.0,1.0983302441261191,22.5,22.5
A998,921.625,920.625,1642425305595355,-49.0,1.086058397823034,22.5,22.5
A998,921.625,920.625,1642425305606633,-49.0,1.1106020904292042,22.5,22.5
A998,921.625,920.625,1642425305612077,-49.0,1.0983302441261191,22.5,22.5
A998,921.625,920.625,1642425305625685,-49.5,1.0921943209745766,22.5,22.5
A998,921.625,920.625,1642425305634990,-49.0,1.1167380135807468,22.5,22.5
A998,923.625,920.625,1642425305722095,-49.5,1.0921943209745766,20.0,20.0
A998,923.625,920.625,1642425305731939,-49.5,1.0615147052168636,20.0,20.0
A998,923.625,920.625,1642425305741349,-49.5,1.0921943209745766,20.0,20.0
A998,923.625,920.625,1642425305752737,-49.5,1.0921943209745766,20.0,20.0
A998,923.625,920.625,1642425305762053,-50.0,1.0983302441261191,20.0,20.0
A998,923.625,920.625,1642425305766984,-50.0,1.086058397823034,20.0,20.0
A998,923.625,920.625,1642425305781457,-49.5,1.0799224746714913,20.0,20.0
A998,923.625,920.625,1642425305788720,-50.0,1.0799224746714913,20.0,20.0
A998,923.625,920.625,1642425305797696,-49.5,1.0983302441261191,20.0,20.0
A998,923.625,920.625,1642425305808809,-49.5,1.0983302441261191,20.0,20.0
A998,922.125,920.625,1642425305888115,-48.5,1.1290098598838318,25.0,25.0
A998,922.125,920.625,1642425305900171,-48.5,1.141281706186917,25.0,25.0
A998,922.125,920.625,1642425305908013,-48.5,1.1290098598838318,25.0,25.0
A998,922.125,920.625,1642425305916538,-48.5,1.1290098598838318,25.0,25.0
A998,922.125,920.625,1642425305926570,-48.5,1.141281706186917,25.0,25.0
A998,922.125,920.625,1642425305937176,-48.5,1.141281706186917,25.0,25.0
A998,922.125,920.625,1642425305943888,-48.5,1.1290098598838318,25.0,25.0
A998,922.125,920.625,1642425305954604,-48.5,1.141281706186917,25.0,25.0
A998,922.125,920.625,1642425305964682,-48.5,1.1535535524900022,25.0,25.0
A998,922.125,920.625,1642425305972451,-48.5,1.1290098598838318,25.0,25.0
A998,922.125,920.625,1642425305979930,-48.5,1.141281706186917,25.0,25.0
A998,922.125,920.625,1642425306073136,-49.0,1.1106020904292042,22.5,22.5
A998,922.125,920.625,1642425306081570,-49.0,1.1044661672776617,22.5,22.5
A998,922.125,920.625,1642425306088092,-49.0,1.1044661672776617,22.5,22.5
A998,922.125,920.625,1642425306100314,-49.0,1.1106020904292042,22.5,22.5
A998,922.125,920.625,1642425306107648,-49.0,1.1106020904292042,22.5,22.5
A998,922.125,920.625,1642425306118783,-49.0,1.1106020904292042,22.5,22.5
A998,922.125,920.625,1642425306125353,-49.0,1.1044661672776617,22.5,22.5
A998,922.125,920.625,1642425306134259,-49.0,1.1106020904292042,22.5,22.5
A998,922.125,920.625,1642425306143565,-49.0,1.0921943209745766,22.5,22.5
A998,922.125,920.625,1642425306153767,-49.0,1.1106020904292042,22.5,22.5
A998,921.125,920.625,1642425306245156,-48.0,1.1596894756415448,27.5,27.5
A998,921.125,920.625,1642425306252375,-48.0,1.1535535524900022,27.5,27.5
A998,921.125,920.625,1642425306262441,-48.0,1.1719613219446299,27.5,27.5
A998,921.125,920.625,1642425306272999,-48.0,1.1535535524900022,27.5,27.5
A998,921.125,920.625,1642425306282613,-48.0,1.1596894756415448,27.5,27.5
A998,921.125,920.625,1642425306288615,-48.0,1.1474176293384597,27.5,27.5
A998,921.125,920.625,1642425306299511,-48.0,1.1535535524900022,27.5,27.5
A998,921.125,920.625,1642425306309105,-48.0,1.1596894756415448,27.5,27.5
A998,921.125,920.625,1642425306317809,-48.0,1.1658253987930873,27.5,27.5
A998,921.125,920.625,1642425306329181,-48.0,1.1535535524900022,27.5,27.5
A998,922.625,920.625,1642425306419919,-48.0,1.2210487071569704,30.0,30.0
A998,922.625,920.625,1642425306427196,-47.5,1.2640001692177683,30.0,30.0
A998,922.625,920.625,1642425306438901,-47.5,1.2578642460662257,30.0,30.0
A998,922.625,920.625,1642425306448371,-47.5,1.2578642460662257,30.0,30.0
A998,922.625,920.625,1642425306456932,-47.5,1.2640001692177683,30.0,30.0
A998,922.625,920.625,1642425306463204,-47.5,1.2640001692177683,30.0,30.0
A998,922.625,920.625,1642425306477128,-47.5,1.2701360923693108,30.0,30.0
A998,922.625,920.625,1642425306486060,-47.5,1.282407938672396,30.0,30.0
A998,922.625,920.625,1642425306493374,-47.5,1.2701360923693108,30.0,30.0
A998,922.625,920.625,1642425306501596,-47.5,1.3008157081270237,30.0,30.0
A998,921.625,920.625,1642425306587578,-47.5,1.2885438618239387,30.0,30.0
A998,921.625,920.625,1642425306597402,-47.5,1.2946797849754812,30.0,30.0
A998,921.625,920.625,1642425306603895,-47.5,1.3008157081270237,30.0,30.0
A998,921.625,920.625,1642425306614996,-47.5,1.282407938672396,30.0,30.0
A998,921.625,920.625,1642425306625157,-47.5,1.2885438618239387,30.0,30.0
A998,921.625,920.625,1642425306632264,-47.5,1.2885438618239387,30.0,30.0
A998,921.625,920.625,1642425306640866,-47.5,1.2885438618239387,30.0,30.0
A998,921.625,920.625,1642425306651320,-47.5,1.3008157081270237,30.0,30.0
A998,921.625,920.625,1642425306661652,-47.5,1.2640001692177683,30.0,30.0
A998,921.625,920.625,1642425306666290,-47.5,1.3069516312785663,30.0,30.0
A998,921.125,920.625,1642425306765396,-47.5,1.2885438618239387,30.0,30.0
A998,921.125,920.625,1642425306773782,-47.5,1.2946797849754812,30.0,30.0
A998,921.125,920.625,1642425306781203,-47.5,1.282407938672396,30.0,30.0
A998,921.125,920.625,1642425306794143,-47.5,1.2946797849754812,30.0,30.0
A998,921.125,920.625,1642425306799847,-47.5,1.2885438618239387,30.0,30.0
A998,921.125,920.625,1642425306809280,-47.5,1.2885438618239387,30.0,30.0
A998,921.125,920.625,1642425306820706,-47.5,1.2946797849754812,30.0,30.0
A998,921.125,920.625,1642425306826614,-47.5,1.2762720155208536,30.0,30.0
A998,921.125,920.625,1642425306839561,-47.5,1.2946797849754812,30.0,30.0
A998,921.125,920.625,1642425306845469,-47.5,1.2885438618239387,30.0,30.0
A998,924.125,920.625,1642425306926621,-48.0,1.2087768608538851,25.0,25.0
A998,924.125,920.625,1642425306940285,-48.0,1.214912784005428,25.0,25.0
A998,924.125,920.625,1642425306948938,-48.0,1.2087768608538851,25.0,25.0
A998,924.125,920.625,1642425306956213,-48.0,1.2026409377023426,25.0,25.0
A998,924.125,920.625,1642425306967840,-48.0,1.2333205534600555,25.0,25.0
A998,924.125,920.625,1642425306974311,-48.0,1.2210487071569704,25.0,25.0
A998,924.125,920.625,1642425306983275,-48.0,1.214912784005428,25.0,25.0
A998,924.125,924.125,1642425307000661,-47.5,5.853670686571607,25.0,25.0
A998,924.125,924.125,1642425307008295,-47.5,5.853670686571607,25.0,25.0
A998,924.125,924.125,1642425307017540,-47.5,5.8475347634200645,25.0,25.0
A998,921.125,924.125,1642425307106085,-47.0,5.964117303299373,30.0,30.0
A998,921.125,924.125,1642425307114971,-47.0,5.970253226450915,30.0,30.0
A998,921.125,924.125,1642425307126633,-47.0,5.976389149602458,30.0,30.0
A998,921.125,924.125,1642425307132723,-47.0,5.9518454569962875,30.0,30.0
A998,921.125,924.125,1642425307140773,-47.0,5.982525072754001,30.0,30.0
A998,921.125,924.125,1642425307154626,-47.5,5.9518454569962875,30.0,30.0
A998,921.125,924.125,1642425307158952,-47.0,5.970253226450915,30.0,30.0
A998,921.125,924.125,1642425307167620,-47.5,5.957981380147831,30.0,30.0
A998,921.125,924.125,1642425307177601,-47.5,5.9518454569962875,30.0,30.0
A998,921.125,924.125,1642425307188800,-47.5,5.964117303299373,30.0,30.0
A998,923.625,924.125,1642425307269781,-48.0,5.835262917116979,25.0,25.0
A998,923.625,924.125,1642425307278578,-47.5,5.8475347634200645,25.0,25.0
A998,923.625,924.125,1642425307288418,-47.5,5.822991070813893,25.0,25.0
A998,923.625,924.125,1642425307297702,-47.5,5.859806609723149,25.0,25.0
A998,923.625,924.125,1642425307305612,-48.0,5.841398840268521,25.0,25.0
A998,923.625,924.125,1642425307317023,-48.0,5.829126993965437,25.0,25.0
A998,923.625,924.125,1642425307324012,-48.0,5.835262917116979,25.0,25.0
A998,923.625,924.125,1642425307334354,-48.0,5.835262917116979,25.0,25.0
A998,923.625,924.125,1642425307341416,-48.0,5.822991070813893,25.0,25.0
A998,923.625,924.125,1642425307349053,-47.5,5.841398840268521,25.0,25.0
A998,923.625,924.125,1642425307360709,-47.5,5.822991070813893,25.0,25.0
A998,922.625,924.125,1642425307448900,-48.5,5.7616318392984684,20.0,20.0
A998,922.625,924.125,1642425307454816,-48.5,5.767767762450011,20.0,20.0
A998,922.625,924.125,1642425307464552,-49.0,5.786175531904639,20.0,20.0
A998,922.625,924.125,1642425307474608,-48.5,5.780039608753096,20.0,20.0
A998,922.625,924.125,1642425307481773,-48.5,5.7616318392984684,20.0,20.0
A998,922.625,924.125,1642425307492174,-49.0,5.767767762450011,20.0,20.0
A998,922.625,924.125,1642425307501204,-49.0,5.7616318392984684,20.0,20.0
A998,922.625,924.125,1642425307509530,-49.0,5.780039608753096,20.0,20.0
A998,922.625,924.125,1642425307518899,-49.0,5.773903685601553,20.0,20.0
A998,922.625,924.125,1642425307528111,-49.0,5.767767762450011,20.0,20.0
A998,922.125,924.125,1642425307613842,-47.5,5.878214379177777,27.5,27.5
A998,922.125,924.125,1642425307623498,-47.5,5.890486225480862,27.5,27.5
A998,922.125,924.125,1642425307631808,-47.5,5.872078456026235,27.5,27.5
A998,922.125,924.125,1642425307641425,-47.5,5.878214379177777,27.5,27.5
A998,922.125,924.125,1642425307650963,-47.5,5.859806609723149,27.5,27.5
A998,922.125,924.125,1642425307661537,-47.5,5.896622148632405,27.5,27.5
A998,922.125,924.125,1642425307671379,-47.5,5.884350302329319,27.5,27.5
A998,922.125,924.125,1642425307678532,-47.5,5.890486225480862,27.5,27.5
A998,922.125,924.125,1642425307686182,-47.5,5.884350302329319,27.5,27.5
A998,922.125,924.125,1642425307695192,-47.5,5.896622148632405,27.5,27.5
A998,922.125,924.125,1642425307708307,-47.5,5.890486225480862,27.5,27.5
A998,921.625,924.125,1642425307810599,-48.5,5.822991070813893,22.5,22.5
A998,921.625,924.125,1642425307822511,-48.0,5.810719224510809,22.5,22.5
A998,921.625,924.125,1642425307830644,-48.5,5.8045833013592665,22.5,22.5
A998,921.625,924.125,1642425307837156,-48.5,5.810719224510809,22.5,22.5
A998,921.625,924.125,1642425307847245,-48.5,5.810719224510809,22.5,22.5
A998,921.625,924.125,1642425307854644,-48.5,5.816855147662351,22.5,22.5
A998,921.625,924.125,1642425307867743,-48.5,5.816855147662351,22.5,22.5
A998,921.625,924.125,1642425307875584,-48.0,5.810719224510809,22.5,22.5
A998,921.625,924.125,1642425307882082,-48.5,5.810719224510809,22.5,22.5
A998,921.625,924.125,1642425307894854,-48.5,5.829126993965437,22.5,22.5
A998,920.625,924.125,1642425307983494,-48.0,5.853670686571607,25.0,25.0
A998,920.625,924.125,1642425307993520,-48.0,5.8659425328746915,25.0,25.0
A998,920.625,924.125,1642425308001809,-48.0,5.853670686571607,25.0,25.0
A998,920.625,924.125,1642425308012711,-48.0,5.8659425328746915,25.0,25.0
A998,920.625,924.125,1642425308020309,-48.0,5.859806609723149,25.0,25.0
A998,920.625,924.125,1642425308029263,-47.5,5.853670686571607,25.0,25.0
A998,920.625,924.125,1642425308039389,-48.0,5.872078456026235,25.0,25.0
A998,920.625,924.125,1642425308047005,-48.0,5.8659425328746915,25.0,25.0
A998,920.625,924.125,1642425308056507,-48.0,5.878214379177777,25.0,25.0
A998,920.625,924.125,1642425308064359,-48.0,5.872078456026235,25.0,25.0
A998,921.625,924.125,1642425308153995,-47.5,6.025476534814799,30.0,30.0
A998,921.625,924.125,1642425308163414,-47.5,6.025476534814799,30.0,30.0
A998,921.625,924.125,1642425308170755,-47.5,6.031612457966341,30.0,30.0
A998,921.625,924.125,1642425308181909,-47.5,6.037748381117884,30.0,30.0
A998,921.625,924.125,1642425308188469,-47.5,6.025476534814799,30.0,30.0
A998,921.625,924.125,1642425308199892,-47.5,6.043884304269426,30.0,30.0
A998,921.625,924.125,1642425308205339,-47.5,6.031612457966341,30.0,30.0
A998,921.625,924.125,1642425308217201,-47.5,6.056156150572511,30.0,30.0
A998,921.625,924.125,1642425308224264,-47.5,6.025476534814799,30.0,30.0
A998,921.625,924.125,1642425308232003,-47.5,6.019340611663256,30.0,30.0
A998,921.625,924.125,1642425308243883,-47.5,6.019340611663256,30.0,30.0
A998,922.625,924.125,1642425308316893,-47.5,5.964117303299373,27.5,27.5
A998,922.625,924.125,1642425308329054,-48.0,5.9518454569962875,27.5,27.5
A998,922.625,924.125,1642425308337778,-48.0,5.982525072754001,27.5,27.5
A998,922.625,924.125,1642425308346807,-48.0,5.964117303299373,27.5,27.5
A998,922.625,924.125,1642425308356676,-47.5,5.945709533844745,27.5,27.5
A998,922.625,924.125,1642425308363490,-48.0,5.970253226450915,27.5,27.5
A998,922.625,924.125,1642425308372702,-47.5,5.964117303299373,27.5,27.5
A998,922.625,924.125,1642425308381441,-47.5,5.964117303299373,27.5,27.5
A998,922.625,924.125,1642425308391834,-47.5,5.970253226450915,27.5,27.5
A998,922.625,924.125,1642425308399704,-47.5,5.964117303299373,27.5,27.5
A998,922.625,924.125,1642425308410254,-48.0,5.964117303299373,27.5,27.5
A998,922.625,924.125,1642425308419532,-48.0,5.976389149602458,27.5,27.5
A998,922.125,924.125,1642425308499409,-47.5,5.976389149602458,27.5,27.5
A998,922.125,924.125,1642425308504030,-47.5,5.994796919057086,27.5,27.5
A998,922.125,924.125,1642425308515024,-48.0,6.000932842208628,27.5,27.5
A998,922.125,924.125,1642425308525736,-48.0,6.000932842208628,27.5,27.5
A998,922.125,924.125,1642425308532984,-48.0,5.976389149602458,27.5,27.5
A998,922.125,924.125,1642425308543111,-47.5,6.007068765360171,27.5,27.5
A998,922.125,924.125,1642425308549390,-47.5,6.000932842208628,27.5,27.5
A998,922.125,924.125,1642425308561681,-48.0,6.019340611663256,27.5,27.5
A998,922.125,924.125,1642425308570027,-47.5,6.019340611663256,27.5,27.5
A998,922.125,924.125,1642425308575847,-47.5,6.000932842208628,27.5,27.5
A998,922.125,924.125,1642425308586416,-47.5,6.019340611663256,27.5,27.5
A998,923.125,924.125,1642425308682715,-47.5,6.117515382087937,30.0,30.0
A998,923.125,924.125,1642425308691772,-47.5,6.111379458936394,30.0,30.0
A998,923.125,924.125,1642425308699011,-47.5,6.135923151542564,30.0,30.0
A998,923.125,924.125,1642425308708571,-48.0,6.129787228391022,30.0,30.0
A998,923.125,924.125,1642425308716827,-47.5,6.129787228391022,30.0,30.0
A998,923.125,924.125,1642425308727553,-47.5,6.14819499784565,30.0,30.0
A998,923.125,924.125,1642425308736049,-47.5,6.14819499784565,30.0,30.0
A998,923.125,924.125,1642425308746188,-47.5,6.17273869045182,30.0,30.0
A998,923.125,924.125,1642425308754441,-47.5,6.154330920997192,30.0,30.0
A998,923.125,924.125,1642425308762475,-47.5,6.154330920997192,30.0,30.0
A998,924.125,924.125,1642425308849446,-48.0,6.062292073724054,25.0,25.0
A998,924.125,924.125,1642425308861372,-48.0,6.068427996875596,25.0,25.0
A998,924.125,924.125,1642425308870338,-48.0,6.062292073724054,25.0,25.0
A998,924.125,924.125,1642425308877594,-48.0,6.068427996875596,25.0,25.0
A998,924.125,924.125,1642425308884942,-48.0,6.068427996875596,25.0,25.0
A998,924.125,924.125,1642425308904048,-48.0,6.062292073724054,25.0,25.0
A998,924.125,924.125,1642425308913602,-48.0,6.068427996875596,25.0,25.0
A998,924.125,924.125,1642425308919877,-48.0,6.062292073724054,25.0,25.0
A998,924.125,924.125,1642425308931330,-48.0,6.074563920027139,25.0,25.0
A998,924.125,924.125,1642425309021272,-48.0,6.2034183062095325,30.0,30.0
A998,924.125,924.125,1642425309030708,-48.0,6.19728238305799,30.0,30.0
A998,924.125,924.125,1642425309040859,-47.5,6.19728238305799,30.0,30.0
A998,924.125,924.125,1642425309051308,-48.0,6.2034183062095325,30.0,30.0
A998,924.125,924.125,1642425309059491,-48.0,6.191146459906448,30.0,30.0
A998,924.125,924.125,1642425309066463,-47.5,6.19728238305799,30.0,30.0
A998,924.125,924.125,1642425309076165,-47.5,6.22182607566416,30.0,30.0
A998,924.125,924.125,1642425309085731,-48.0,6.19728238305799,30.0,30.0
A998,924.125,924.125,1642425309093881,-48.0,6.191146459906448,30.0,30.0
A998,924.125,924.125,1642425309105426,-48.0,6.209554229361076,30.0,30.0
A998,924.125,924.125,1642425309113604,-48.0,6.191146459906448,30.0,30.0
A998,921.125,924.125,1642425309191412,-48.5,6.050020227420969,22.5,22.5
A998,921.125,924.125,1642425309199011,-48.5,6.080699843178682,22.5,22.5
A998,921.125,924.125,1642425309204790,-48.5,6.062292073724054,22.5,22.5
A998,921.125,924.125,1642425309215898,-48.5,6.074563920027139,22.5,22.5
A998,921.125,924.125,1642425309223499,-48.5,6.037748381117884,22.5,22.5
A998,921.125,924.125,1642425309235796,-48.5,6.050020227420969,22.5,22.5
A998,921.125,924.125,1642425309245302,-48.5,6.050020227420969,22.5,22.5
A998,921.125,924.125,1642425309250075,-48.5,6.068427996875596,22.5,22.5
A998,921.125,924.125,1642425309261226,-48.5,6.068427996875596,22.5,22.5
A998,921.125,924.125,1642425309271606,-48.5,6.074563920027139,22.5,22.5
A998,921.125,924.125,1642425309281623,-48.5,6.056156150572511,22.5,22.5
A998,923.125,924.125,1642425309363192,-48.0,6.12365130523948,25.0,25.0
A998,923.125,924.125,1642425309374052,-48.0,6.117515382087937,25.0,25.0
A998,923.125,924.125,1642425309382761,-48.5,6.135923151542564,25.0,25.0
A998,923.125,924.125,1642425309390891,-48.0,6.12365130523948,25.0,25.0
A998,923.125,924.125,1642425309400905,-48.0,6.135923151542564,25.0,25.0
A998,923.125,924.125,1642425309407862,-48.0,6.135923151542564,25.0,25.0
A998,923.125,924.125,1642425309418364,-48.0,6.135923151542564,25.0,25.0
A998,923.125,924.125,1642425309426699,-48.0,6.1420590746941075,25.0,25.0
A998,923.125,924.125,1642425309436856,-48.5,6.154330920997192,25.0,25.0
A998,923.125,924.125,1642425309444761,-48.0,6.1420590746941075,25.0,25.0
A998,923.125,924.125,1642425309453495,-48.0,6.14819499784565,25.0,25.0
A998,921.125,924.125,1642425309540904,-48.0,6.22182607566416,27.5,27.5
A998,921.125,924.125,1642425309546628,-48.0,6.252505691421874,27.5,27.5
A998,921.125,924.125,1642425309559332,-48.0,6.209554229361076,27.5,27.5
A998,921.125,924.125,1642425309564784,-48.0,6.209554229361076,27.5,27.5
A998,921.125,924.125,1642425309574587,-48.0,6.22182607566416,27.5,27.5
A998,921.125,924.125,1642425309584118,-48.0,6.215690152512618,27.5,27.5
A998,921.125,924.125,1642425309593577,-48.0,6.234097921967246,27.5,27.5
A998,921.125,924.125,1642425309604025,-48.0,6.227961998815704,27.5,27.5
A998,921.125,924.125,1642425309610733,-48.0,6.215690152512618,27.5,27.5
A998,921.125,924.125,1642425309620025,-48.0,6.215690152512618,27.5,27.5
A998,921.125,924.125,1642425309631393,-48.0,6.22182607566416,27.5,27.5
A998,922.125,924.125,1642425309717399,-48.0,0.030679615757712823,30.0,30.0
A998,922.125,924.125,1642425309724774,-47.5,0.018407769454627694,30.0,30.0
A998,922.125,924.125,1642425309736005,-47.5,0.04908738521234052,30.0,30.0
A998,922.125,924.125,1642425309741179,-48.0,0.04295146206079795,30.0,30.0
A998,922.125,924.125,1642425309751997,-47.5,0.04908738521234052,30.0,30.0
A998,922.125,924.125,1642425309762903,-48.0,0.03681553890925539,30.0,30.0
A998,922.125,924.125,1642425309769417,-47.5,0.04908738521234052,30.0,30.0
A998,922.125,924.125,1642425309777656,-47.5,0.04295146206079795,30.0,30.0
A998,922.125,924.125,1642425309788240,-47.5,0.04295146206079795,30.0,30.0
A998,922.125,924.125,1642425309797703,-47.5,0.05522330836388308,30.0,30.0
A998,922.125,924.125,1642425309806738,-47.5,0.0674951546669682,30.0,30.0
A998,923.625,924.125,1642425309883109,-47.5,0.07976700097005335,30.0,30.0
A998,923.625,924.125,1642425309894283,-47.5,0.07363107781851078,30.0,30.0
A998,923.625,924.125,1642425309903791,-47.5,0.0859029241215959,30.0,30.0
A998,923.625,924.125,1642425309910826,-47.5,0.07363107781851078,30.0,30.0
A998,923.625,924.125,1642425309921116,-47.5,0.07363107781851078,30.0,30.0
A998,923.625,924.125,1642425309930974,-47.5,0.09203884727313846,30.0,30.0
A998,923.625,924.125,1642425309938533,-47.5,0.07976700097005335,30.0,30.0
A998,923.625,924.125,1642425309949717,-47.5,0.11044661672776616,30.0,30.0
A998,923.625,924.125,1642425309955381,-47.5,0.09817477042468103,30.0,30.0
A998,923.625,924.125,1642425309964479,-47.5,0.09203884727313846,30.0,30.0
A998,923.625,924.125,1642425309973253,-47.5,0.09817477042468103,30.0,30.0
A998,922.625,924.125,1642425310059086,-48.0,0.04908738521234052,27.5,27.5
A998,922.625,924.125,1642425310069463,-48.0,0.030679615757712823,27.5,27.5
A998,922.625,924.125,1642425310078542,-48.0,0.02454369260617026,27.5,27.5
A998,922.625,924.125,1642425310090075,-47.5,0.0674951546669682,27.5,27.5
A998,922.625,924.125,1642425310098506,-48.0,0.04295146206079795,27.5,27.5
A998,922.625,924.125,1642425310108251,-48.0,0.04295146206079795,27.5,27.5
A998,922.625,924.125,1642425310117531,-48.0,0.03681553890925539,27.5,27.5
A998,922.625,924.125,1642425310124929,-48.0,0.04908738521234052,27.5,27.5
A998,922.625,924.125,1642425310132418,-48.0,0.05522330836388308,27.5,27.5
A998,922.625,924.125,1642425310144157,-47.5,0.04908738521234052,27.5,27.5
A998,922.625,924.125,1642425310154524,-47.5,0.04295146206079795,27.5,27.5
A998,920.625,924.125,1642425310243773,-47.5,0.14112623248547898,30.0,30.0
A998,920.625,924.125,1642425310252781,-47.5,0.14112623248547898,30.0,30.0
A998,920.625,924.125,1642425310264066,-47.5,0.14112623248547898,30.0,30.0
A998,920.625,924.125,1642425310272647,-47.5,0.14726215563702155,30.0,30.0
A998,920.625,924.125,1642425310278802,-47.5,0.16566992509164924,30.0,30.0
A998,920.625,924.125,1642425310290649,-47.5,0.15339807878856412,30.0,30.0
A998,920.625,924.125,1642425310299453,-47.5,0.1595340019401067,30.0,30.0
A998,920.625,924.125,1642425310310586,-47.5,0.17794177139473438,30.0,30.0
A998,920.625,924.125,1642425310317607,-47.5,0.15339807878856412,30.0,30.0
A998,920.625,924.125,1642425310326551,-47.5,0.1595340019401067,30.0,30.0
A998,923.125,924.125,1642425310417790,-49.0,0.02454369260617026,22.5,22.5
A998,923.125,924.125,1642425310426516,-48.5,0.018407769454627694,22.5,22.5
A998,923.125,924.125,1642425310435739,-49.0,0.030679615757712823,22.5,22.5
A998,923.125,924.125,1642425310445558,-48.5,0.02454369260617026,22.5,22.5
A998,923.125,924.125,1642425310451498,-48.5,0.02454369260617026,22.5,22.5
A998,923.125,924.125,1642425310462713,-49.0,0.030679615757712823,22.5,22.5
A998,923.125,924.125,1642425310469247,-48.5,0.02454369260617026,22.5,22.5
A998,923.125,924.125,1642425310481794,-48.5,0.04295146206079795,22.5,22.5
A998,923.125,924.125,1642425310490633,-48.5,0.03681553890925539,22.5,22.5
A998,923.125,924.125,1642425310499471,-48.5,0.030679615757712823,22.5,22.5
A998,921.625,924.125,1642425310584323,-48.0,0.07976700097005335,25.0,25.0
A998,921.625,924.125,1642425310590062,-48.0,0.0674951546669682,25.0,25.0
A998,921.625,924.125,1642425310600698,-48.0,0.07363107781851078,25.0,25.0
A998,921.625,924.125,1642425310608824,-48.0,0.07976700097005335,25.0,25.0
A998,921.625,924.125,1642425310618101,-48.0,0.07976700097005335,25.0,25.0
A998,921.625,924.125,1642425310628732,-48.0,0.07363107781851078,25.0,25.0
A998,921.625,924.125,1642425310635793,-48.0,0.09203884727313846,25.0,25.0
A998,921.625,924.125,1642425310644701,-48.0,0.1043106935762236,25.0,25.0
A998,921.625,924.125,1642425310655244,-48.0,0.0674951546669682,25.0,25.0
A998,921.625,924.125,1642425310664231,-48.0,0.0859029241215959,25.0,25.0
A998,921.625,924.125,1642425310674298,-48.0,0.09203884727313846,25.0,25.0
A998,920.625,924.125,1642425310750012,-48.0,0.07976700097005335,25.0,25.0
A998,920.625,924.125,1642425310762797,-48.0,0.0859029241215959,25.0,25.0
A998,920.625,924.125,1642425310768451,-48.0,0.09203884727313846,25.0,25.0
A998,920.625,924.125,1642425310778115,-48.0,0.09203884727313846,25.0,25.0
A998,920.625,920.625,1642425310798493,-48.0,1.736466251886546,25.0,25.0
A998,920.625,920.625,1642425310802528,-48.0,1.7426021750380885,25.0,25.0
A998,920.625,920.625,1642425310813967,-48.0,1.736466251886546,25.0,25.0
A998,920.625,920.625,1642425310820490,-48.0,1.7426021750380885,25.0,25.0
A998,920.625,920.625,1642425310833088,-48.0,1.761009944492716,25.0,25.0
A998,920.625,920.625,1642425310842451,-48.0,1.736466251886546,25.0,25.0
A998,923.125,920.625,1642425310930140,-47.5,1.8285050991596843,30.0,30.0
A998,923.125,920.625,1642425310940424,-47.5,1.8407769454627694,30.0,30.0
A998,923.125,920.625,1642425310946714,-47.5,1.8407769454627694,30.0,30.0
A998,923.125,920.625,1642425310956455,-47.5,1.8285050991596843,30.0,30.0
A998,923.125,920.625,1642425310965432,-47.5,1.8285050991596843,30.0,30.0
A998,923.125,920.625,1642425310977466,-47.5,1.846912868614312,30.0,30.0
A998,923.125,920.625,1642425310981637,-47.5,1.8407769454627694,30.0,30.0
A998,923.125,920.625,1642425310995522,-47.5,1.846912868614312,30.0,30.0
A998,923.125,920.625,1642425311002213,-47.5,1.8346410223112268,30.0,30.0
A998,923.125,920.625,1642425311011833,-47.5,1.846912868614312,30.0,30.0
A998,921.625,920.625,1642425311103466,-48.0,1.718058482431918,25.0,25.0
A998,921.625,920.625,1642425311112261,-48.0,1.7241944055834606,25.0,25.0
A998,921.625,920.625,1642425311118627,-48.0,1.7241944055834606,25.0,25.0
A998,921.625,920.625,1642425311131494,-48.0,1.7303303287350031,25.0,25.0
A998,921.625,920.625,1642425311136690,-48.0,1.7303303287350031,25.0,25.0
A998,921.625,920.625,1642425311148168,-48.0,1.718058482431918,25.0,25.0
A998,921.625,920.625,1642425311155317,-48.0,1.7303303287350031,25.0,25.0
A998,921.625,920.625,1642425311164310,-48.0,1.7119225592803755,25.0,25.0
A998,921.625,920.625,1642425311174832,-48.0,1.718058482431918,25.0,25.0
A998,921.625,920.625,1642425311183599,-48.0,1.718058482431918,25.0,25.0
A998,921.625,920.625,1642425311277313,-47.5,1.748738098189631,27.5,27.5
A998,921.625,920.625,1642425311287206,-47.5,1.761009944492716,27.5,27.5
A998,921.625,920.625,1642425311291302,-47.5,1.761009944492716,27.5,27.5
A998,921.625,920.625,1642425311303673,-47.5,1.761009944492716,27.5,27.5
A998,921.625,920.625,1642425311314412,-47.5,1.7794177139473437,27.5,27.5
A998,921.625,920.625,1642425311318534,-48.0,1.7671458676442586,27.5,27.5
A998,921.625,920.625,1642425311330436,-47.5,1.7671458676442586,27.5,27.5
A998,921.625,920.625,1642425311339412,-47.5,1.7671458676442586,27.5,27.5
A998,921.625,920.625,1642425311345242,-47.5,1.7548740213411735,27.5,27.5
A998,921.625,920.625,1642425311356089,-47.5,1.7671458676442586,27.5,27.5
A998,924.125,920.625,1642425311442170,-47.5,1.8100973297050567,30.0,30.0
A998,924.125,920.625,1642425311451418,-47.5,1.8039614065535141,30.0,30.0
A998,924.125,920.625,1642425311459282,-47.5,1.8039614065535141,30.0,30.0
A998,924.125,920.625,1642425311469396,-47.5,1.8100973297050567,30.0,30.0
A998,924.125,920.625,1642425311476909,-47.5,1.8285050991596843,30.0,30.0
A998,924.125,920.625,1642425311485662,-47.5,1.8162332528565992,30.0,30.0
A998,924.125,920.625,1642425311493750,-47.5,1.8162332528565992,30.0,30.0
A998,924.125,920.625,1642425311502550,-47.5,1.8100973297050567,30.0,30.0
A998,924.125,920.625,1642425311515044,-47.5,1.7916895602504288,30.0,30.0
A998,924.125,920.625,1642425311523816,-47.5,1.8223691760081417,30.0,30.0
A998,924.125,920.625,1642425311529328,-47.5,1.8162332528565992,30.0,30.0
A998,921.625,920.625,1642425311614786,-47.5,1.7978254834019713,30.0,30.0
A998,921.625,920.625,1642425311623180,-47.5,1.7855536370988863,30.0,30.0
A998,921.625,920.625,1642425311628623,-47.5,1.8162332528565992,30.0,30.0
A998,921.625,920.625,1642425311640923,-47.5,1.8100973297050567,30.0,30.0
A998,921.625,920.625,1642425311649746,-47.5,1.8039614065535141,30.0,30.0
A998,921.625,920.625,1642425311657401,-47.5,1.7916895602504288,30.0,30.0
A998,921.625,920.625,1642425311667219,-47.5,1.7978254834019713,30.0,30.0
A998,921.625,920.625,1642425311675938,-47.5,1.7916895602504288,30.0,30.0
A998,921.625,920.625,1642425311682676,-47.5,1.7855536370988863,30.0,30.0
A998,921.625,920.625,1642425311696085,-47.5,1.7732817907958012,30.0,30.0
A998,921.625,920.625,1642425311703546,-47.5,1.8039614065535141,30.0,30.0
A998,924.125,920.625,1642425311786110,-48.0,1.7119225592803755,27.5,27.5
A998,924.125,920.625,1642425311796316,-48.0,1.705786636128833,27.5,27.5
A998,924.125,920.625,1642425311802822,-48.0,1.705786636128833,27.5,27.5
A998,924.125,920.625,1642425311813202,-48.0,1.7241944055834606,27.5,27.5
A998,924.125,920.625,1642425311821333,-48.0,1.705786636128833,27.5,27.5
A998,924.125,920.625,1642425311832413,-48.0,1.705786636128833,27.5,27.5
A998,924.125,920.625,1642425311838242,-48.0,1.705786636128833,27.5,27.5
A998,924.125,920.625,1642425311851352,-48.0,1.6935147898257479,27.5,27.5
A998,924.125,920.625,1642425311857723,-48.0,1.6996507129772904,27.5,27.5
A998,924.125,920.625,1642425311868899,-48.0,1.718058482431918,27.5,27.5
A998,924.125,920.625,1642425311877988,-48.0,1.705786636128833,27.5,27.5
A998,920.625,920.625,1642425311965086,-49.5,1.607611865704152,20.0,20.0
A998,920.625,920.625,1642425311977398,-49.5,1.5707963267948966,20.0,20.0
A998,920.625,920.625,1642425311987061,-50.0,1.5830681730979816,20.0,20.0
A998,920.625,920.625,1642425311995217,-50.0,1.5830681730979816,20.0,20.0
A998,920.625,920.625,1642425312003885,-50.0,1.576932249946439,20.0,20.0
A998,920.625,920.625,1642425312013984,-49.5,1.5830681730979816,20.0,20.0
A998,920.625,920.625,1642425312022433,-50.0,1.5953400194010667,20.0,20.0
A998,920.625,920.625,1642425312032528,-49.5,1.5830681730979816,20.0,20.0
A998,920.625,920.625,1642425312037696,-50.0,1.5953400194010667,20.0,20.0
A998,920.625,920.625,1642425312049363,-50.0,1.5892040962495242,20.0,20.0
A998,922.125,920.625,1642425312139740,-48.0,1.6689710972195777,27.5,27.5
A998,922.125,920.625,1642425312152446,-48.0,1.6566992509164924,27.5,27.5
A998,922.125,920.625,1642425312162541,-48.0,1.6812429435226628,27.5,27.5
A998,922.125,920.625,1642425312169811,-48.0,1.6566992509164924,27.5,27.5
A998,922.125,920.625,1642425312179421,-48.0,1.6689710972195777,27.5,27.5
A998,922.125,920.625,1642425312188907,-48.0,1.6812429435226628,27.5,27.5
A998,922.125,920.625,1642425312197334,-48.0,1.6566992509164924,27.5,27.5
A998,922.125,920.625,1642425312206098,-48.0,1.6566992509164924,27.5,27.5
A998,922.125,920.625,1642425312213950,-48.0,1.6505633277649499,27.5,27.5
A998,922.125,920.625,1642425312221127,-48.0,1.662835174068035,27.5,27.5
A998,921.125,920.625,1642425312306129,-48.0,1.6444274046134073,27.5,27.5
A998,921.125,920.625,1642425312317820,-48.0,1.6198837120072371,27.5,27.5
A998,921.125,920.625,1642425312326214,-48.0,1.6260196351587797,27.5,27.5
A998,921.125,920.625,1642425312332042,-48.0,1.6260196351587797,27.5,27.5
A998,921.125,920.625,1642425312345124,-48.0,1.6137477888556946,27.5,27.5
A998,921.125,920.625,1642425312352254,-48.0,1.6321555583103222,27.5,27.5
A998,921.125,920.625,1642425312361249,-48.0,1.6198837120072371,27.5,27.5
A998,921.125,920.625,1642425312371084,-48.0,1.6137477888556946,27.5,27.5
A998,921.125,920.625,1642425312380228,-48.0,1.6260196351587797,27.5,27.5
A998,921.125,920.625,1642425312391917,-48.0,1.6137477888556946,27.5,27.5
A998,921.125,920.625,1642425312399993,-48.0,1.6137477888556946,27.5,27.5
A998,920.625,920.625,1642425312482685,-48.0,1.5892040962495242,27.5,27.5
A998,920.625,920.625,1642425312490838,-48.0,1.5830681730979816,27.5,27.5
A998,920.625,920.625,1642425312499069,-48.0,1.5892040962495242,27.5,27.5
A998,920.625,920.625,1642425312505872,-48.0,1.5953400194010667,27.5,27.5
A998,920.625,920.625,1642425312519228,-48.0,1.5892040962495242,27.5,27.5
A998,920.625,920.625,1642425312527067,-48.0,1.6014759425526093,27.5,27.5
A998,920.625,920.625,1642425312538360,-48.0,1.5830681730979816,27.5,27.5
A998,920.625,920.625,1642425312545921,-48.0,1.5707963267948966,27.5,27.5
A998,920.625,920.625,1642425312551511,-48.0,1.5707963267948966,27.5,27.5
A998,920.625,920.625,1642425312561239,-48.0,1.5830681730979816,27.5,27.5
A998,920.625,920.625,1642425312571414,-48.5,1.5892040962495242,27.5,27.5
A998,923.125,920.625,1642425312649035,-48.5,1.564660403643354,27.5,27.5
A998,923.125,920.625,1642425312661537,-48.5,1.5462526341887264,27.5,27.5
A998,923.125,920.625,1642425312666483,-48.5,1.5462526341887264,27.5,27.5
A998,923.125,920.625,1642425312677787,-48.0,1.552388557340269,27.5,27.5
A998,923.125,920.625,1642425312685788,-48.0,1.5401167110371838,27.5,27.5
A998,923.125,923.125,1642425312700474,-47.5,0.4111068511533518,27.5,27.5
A998,923.125,923.125,1642425312712631,-47.5,0.3988350048502667,27.5,27.5
A998,923.125,923.125,1642425312723086,-47.5,0.4111068511533518,27.5,27.5
A998,923.125,923.125,1642425312731138,-47.5,0.4049709280018093,27.5,27.5
A998,923.125,923.125,1642425312740171,-47.5,0.3988350048502667,27.5,27.5
A998,922.625,923.125,1642425312831098,-49.0,0.28225246497095796,20.0,20.0
A998,922.625,923.125,1642425312840602,-49.0,0.25770877236478773,20.0,20.0
A998,922.625,923.125,1642425312846963,-49.0,0.25157284921324513,20.0,20.0
A998,922.625,923.125,1642425312859939,-49.0,0.25770877236478773,20.0,20.0
A998,922.625,923.125,1642425312866634,-49.0,0.2638446955163303,20.0,20.0
A998,922.625,923.125,1642425312876372,-49.0,0.2638446955163303,20.0,20.0
A998,922.625,923.125,1642425312887128,-49.0,0.25157284921324513,20.0,20.0
A998,922.625,923.125,1642425312892854,-49.0,0.2699806186678728,20.0,20.0
A998,922.625,923.125,1642425312903754,-49.0,0.2638446955163303,20.0,20.0
A998,922.625,923.125,1642425312915483,-49.0,0.25770877236478773,20.0,20.0
A998,923.125,923.125,1642425312998308,-48.0,0.2761165418194154,25.0,25.0
A998,923.125,923.125,1642425313009905,-48.0,0.28838838812250056,25.0,25.0
A998,923.125,923.125,1642425313017479,-48.0,0.30066023442558565,25.0,25.0
A998,923.125,923.125,1642425313030203,-47.5,0.28838838812250056,25.0,25.0
A998,923.125,923.125,1642425313037920,-48.0,0.28838838812250056,25.0,25.0
A998,923.125,923.125,1642425313043733,-48.0,0.30066023442558565,25.0,25.0
A998,923.125,923.125,1642425313057073,-48.0,0.28225246497095796,25.0,25.0
A998,923.125,923.125,1642425313064389,-48.0,0.30066023442558565,25.0,25.0
A998,923.125,923.125,1642425313074678,-48.0,0.28838838812250056,25.0,25.0
A998,923.125,923.125,1642425313081915,-48.0,0.28838838812250056,25.0,25.0
A998,923.125,923.125,1642425313092203,-48.0,0.28225246497095796,25.0,25.0
A998,922.125,923.125,1642425313173740,-48.0,0.25770877236478773,25.0,25.0
A998,922.125,923.125,1642425313182781,-48.0,0.2761165418194154,25.0,25.0
A998,922.125,923.125,1642425313192913,-48.0,0.2638446955163303,25.0,25.0
A998,922.125,923.125,1642425313201995,-48.0,0.25157284921324513,25.0,25.0
A998,922.125,923.125,1642425313209030,-48.0,0.2638446955163303,25.0,25.0
A998,922.125,923.125,1642425313221936,-48.0,0.25770877236478773,25.0,25.0
A998,922.125,923.125,1642425313227888,-48.0,0.25157284921324513,25.0,25.0
A998,922.125,923.125,1642425313239711,-48.0,0.23316507975861744,25.0,25.0
A998,922.125,923.125,1642425313244493,-48.0,0.2454369260617026,25.0,25.0
A998,922.125,923.125,1642425313255884,-48.0,0.25157284921324513,25.0,25.0
A998,922.125,923.125,1642425313265917,-48.0,0.25157284921324513,25.0,25.0
A998,922.125,923.125,1642425313345269,-48.5,0.2454369260617026,22.5,22.5
A998,922.125,923.125,1642425313356989,-48.5,0.2270291566070749,22.5,22.5
A998,922.125,923.125,1642425313365996,-48.5,0.1902136176978195,22.5,22.5
A998,922.125,923.125,1642425313374835,-48.5,0.2454369260617026,22.5,22.5
A998,922.125,923.125,1642425313382182,-48.5,0.20248546400090464,22.5,22.5
A998,922.125,923.125,1642425313392139,-48.5,0.21475731030398976,22.5,22.5
A998,922.125,923.125,1642425313401361,-48.5,0.19634954084936207,22.5,22.5
A998,922.125,923.125,1642425313408818,-48.5,0.1902136176978195,22.5,22.5
A998,922.125,923.125,1642425313419803,-48.5,0.1902136176978195,22.5,22.5
A998,922.125,923.125,1642425313426695,-48.5,0.1902136176978195,22.5,22.5
A998,922.125,923.125,1642425313438327,-48.5,0.1718058482431918,22.5,22.5
A998,923.125,923.125,1642425313522700,-48.0,0.1902136176978195,25.0,25.0
A998,923.125,923.125,1642425313531713,-48.0,0.18407769454627693,25.0,25.0
A998,923.125,923.125,1642425313539620,-48.0,0.1902136176978195,25.0,25.0
A998,923.125,923.125,1642425313549360,-48.0,0.1902136176978195,25.0,25.0
A998,923.125,923.125,1642425313555684,-48.0,0.1718058482431918,25.0,25.0
A998,923.125,923.125,1642425313566330,-48.0,0.16566992509164924,25.0,25.0
A998,923.125,923.125,1642425313573808,-48.0,0.1718058482431918,25.0,25.0
A998,923.125,923.125,1642425313585062,-48.5,0.16566992509164924,25.0,25.0
A998,923.125,923.125,1642425313593797,-48.0,0.1718058482431918,25.0,25.0
A998,923.125,923.125,1642425313600807,-48.0,0.16566992509164924,25.0,25.0
A998,923.125,923.125,1642425313612042,-48.0,0.14726215563702155,25.0,25.0
A998,921.125,923.125,1642425313695211,-47.5,0.1718058482431918,27.5,27.5
A998,921.125,923.125,1642425313705212,-47.5,0.1595340019401067,27.5,27.5
A998,921.125,923.125,1642425313714514,-48.0,0.16566992509164924,27.5,27.5
A998,921.125,923.125,1642425313721258,-47.5,0.16566992509164924,27.5,27.5
A998,921.125,923.125,1642425313734449,-47.5,0.16566992509164924,27.5,27.5
A998,921.125,923.125,1642425313741419,-47.5,0.15339807878856412,27.5,27.5
A998,921.125,923.125,1642425313747269,-47.5,0.1595340019401067,27.5,27.5
A998,921.125,923.125,1642425313759128,-47.5,0.14726215563702155,27.5,27.5
A998,921.125,923.125,1642425313766434,-47.5,0.14726215563702155,27.5,27.5
A998,921.125,923.125,1642425313776131,-47.5,0.15339807878856412,27.5,27.5
A998,921.125,923.125,1642425313784169,-48.0,0.15339807878856412,27.5,27.5
A998,920.625,923.125,1642425313863803,-49.5,6.270913460876501,20.0,20.0
A998,920.625,923.125,1642425313873386,-49.5,0.0,20.0,20.0
A998,920.625,923.125,1642425313879137,-49.5,6.270913460876501,20.0,20.0
A998,920.625,923.125,1642425313892301,-50.0,6.277049384028044,20.0,20.0
A998,920.625,923.125,1642425313902504,-49.5,6.258641614573416,20.0,20.0
A998,920.625,923.125,1642425313910982,-50.0,6.270913460876501,20.0,20.0
A998,920.625,923.125,1642425313918019,-49.5,6.270913460876501,20.0,20.0
A998,920.625,923.125,1642425313925561,-50.0,6.240233845118788,20.0,20.0
A998,920.625,923.125,1642425313934291,-49.5,6.264777537724958,20.0,20.0
A998,920.625,923.125,1642425313946217,-50.0,6.264777537724958,20.0,20.0
A998,920.625,923.125,1642425313952486,-49.5,6.270913460876501,20.0,20.0
A998,923.625,923.125,1642425314035158,-48.0,0.09817477042468103,30.0,30.0
A998,923.625,923.125,1642425314043913,-48.0,0.11044661672776616,30.0,30.0
A998,923.625,923.125,1642425314053983,-48.0,0.1043106935762236,30.0,30.0
A998,923.625,923.125,1642425314061082,-48.0,0.07363107781851078,30.0,30.0
A998,923.625,923.125,1642425314072461,-48.0,0.0859029241215959,30.0,30.0
A998,923.625,923.125,1642425314077895,-48.0,0.11658253987930872,30.0,30.0
A998,923.625,923.125,1642425314090661,-48.0,0.07976700097005335,30.0,30.0
A998,923.625,923.125,1642425314097232,-48.0,0.07976700097005335,30.0,30.0
A998,923.625,923.125,1642425314106438,-48.0,0.0674951546669682,30.0,30.0
A998,923.625,923.125,1642425314117040,-48.0,0.07363107781851078,30.0,30.0
A998,923.625,923.125,1642425314126627,-48.0,0.0674951546669682,30.0,30.0
A998,921.625,923.125,1642425314214552,-48.0,6.258641614573416,27.5,27.5
A998,921.625,923.125,1642425314223767,-48.5,6.252505691421874,27.5,27.5
A998,921.625,923.125,1642425314229211,-48.5,6.270913460876501,27.5,27.5
A998,921.625,923.125,1642425314242845,-48.5,6.2463697682703305,27.5,27.5
A998,921.625,923.125,1642425314251327,-48.5,6.258641614573416,27.5,27.5
A998,921.625,923.125,1642425314257690,-48.5,6.2463697682703305,27.5,27.5
A998,921.625,923.125,1642425314270778,-48.5,6.234097921967246,27.5,27.5
A998,921.625,923.125,1642425314280002,-48.5,6.2463697682703305,27.5,27.5
A998,921.625,923.125,1642425314288628,-48.5,6.22182607566416,27.5,27.5
A998,921.625,923.125,1642425314297081,-48.5,6.2463697682703305,27.5,27.5
A998,920.625,923.125,1642425314374021,-48.5,6.178874613603362,25.0,25.0
A998,920.625,923.125,1642425314386327,-48.5,6.166602767300278,25.0,25.0
A998,920.625,923.125,1642425314395514,-48.5,6.17273869045182,25.0,25.0
A998,920.625,923.125,1642425314403899,-48.5,6.160466844148735,25.0,25.0
A998,920.625,923.125,1642425314413122,-48.5,6.160466844148735,25.0,25.0
A998,920.625,923.125,1642425314418762,-48.5,6.166602767300278,25.0,25.0
A998,920.625,923.125,1642425314428691,-48.5,6.14819499784565,25.0,25.0
A998,920.625,923.125,1642425314440388,-48.5,6.14819499784565,25.0,25.0
A998,920.625,923.125,1642425314448744,-48.5,6.17273869045182,25.0,25.0
A998,920.625,923.125,1642425314458457,-48.5,6.14819499784565,25.0,25.0
A998,920.625,923.125,1642425314468466,-48.5,6.135923151542564,25.0,25.0
A998,921.125,923.125,1642425314547798,-49.0,6.092971689481767,22.5,22.5
A998,921.125,923.125,1642425314554165,-49.0,6.074563920027139,22.5,22.5
A998,921.125,923.125,1642425314565862,-49.0,6.074563920027139,22.5,22.5
A998,921.125,923.125,1642425314574224,-49.0,6.086835766330224,22.5,22.5
A998,921.125,923.125,1642425314583850,-49.0,6.068427996875596,22.5,22.5
A998,921.125,921.125,1642425314597516,-49.5,0.7117670855789375,22.5,22.5
A998,921.125,921.125,1642425314605938,-49.5,0.7485826244881929,22.5,22.5
A998,921.125,921.125,1642425314615189,-49.5,0.7301748550335652,22.5,22.5
A998,921.125,921.125,1642425314628139,-49.5,0.7117670855789375,22.5,22.5
A998,921.125,921.125,1642425314635178,-49.5,0.7424467013366504,22.5,22.5
A998,921.125,921.125,1642425314645463,-49.5,0.7179030087304801,22.5,22.5
A998,920.625,921.125,1642425314728500,-48.5,0.7915340865489908,27.5,27.5
A998,920.625,921.125,1642425314735009,-48.5,0.7792622402459057,27.5,27.5
A998,920.625,921.125,1642425314747317,-48.5,0.7976700097005334,27.5,27.5
A998,920.625,921.125,1642425314755911,-48.5,0.7853981633974483,27.5,27.5
A998,920.625,921.125,1642425314765799,-48.5,0.7669903939428205,27.5,27.5
A998,920.625,921.125,1642425314774995,-48.5,0.7547185476397354,27.5,27.5
A998,920.625,921.125,1642425314783435,-48.5,0.7792622402459057,27.5,27.5
A998,920.625,921.125,1642425314793643,-48.5,0.7853981633974483,27.5,27.5
A998,920.625,921.125,1642425314802999,-48.5,0.7853981633974483,27.5,27.5
A998,920.625,921.125,1642425314809823,-48.5,0.7485826244881929,27.5,27.5
A998,923.125,921.125,1642425314896428,-49.0,0.7179030087304801,25.0,25.0
A998,923.125,921.125,1642425314907618,-49.0,0.6994952392758523,25.0,25.0
A998,923.125,921.125,1642425314915324,-49.0,0.6749515466696822,25.0,25.0
A998,923.125,921.125,1642425314924602,-49.0,0.7117670855789375,25.0,25.0
A998,923.125,921.125,1642425314931495,-49.0,0.6872233929727672,25.0,25.0
A998,923.125,921.125,1642425314944782,-49.0,0.705631162427395,25.0,25.0
A998,923.125,921.125,1642425314952630,-49.0,0.6933593161243098,25.0,25.0
A998,923.125,921.125,1642425314962552,-49.0,0.6994952392758523,25.0,25.0
A998,923.125,921.125,1642425314971341,-49.0,0.6810874698212247,25.0,25.0
A998,923.125,921.125,1642425314978490,-49.0,0.6749515466696822,25.0,25.0
A998,923.125,921.125,1642425314987705,-49.0,0.6872233929727672,25.0,25.0
A998,923.125,921.125,1642425315074647,-49.0,0.6688156235181395,25.0,25.0
A998,923.125,921.125,1642425315084666,-49.0,0.6688156235181395,25.0,25.0
A998,923.125,921.125,1642425315094607,-49.0,0.6872233929727672,25.0,25.0
A998,923.125,921.125,1642425315099911,-49.0,0.6504078540635119,25.0,25.0
A998,923.125,921.125,1642425315112272,-49.0,0.705631162427395,25.0,25.0
A998,923.125,921.125,1642425315122140,-49.0,0.6688156235181395,25.0,25.0
A998,923.125,921.125,1642425315128912,-49.0,0.6749515466696822,25.0,25.0
A998,923.125,921.125,1642425315139227,-49.0,0.6810874698212247,25.0,25.0
A998,923.125,921.125,1642425315144704,-49.0,0.6565437772150544,25.0,25.0
A998,923.125,921.125,1642425315154438,-49.0,0.662679700366597,25.0,25.0
A998,923.125,921.125,1642425315167375,-49.0,0.6504078540635119,25.0,25.0
A998,922.625,921.125,1642425315243296,-49.0,0.6381360077604268,25.0,25.0
A998,922.625,921.125,1642425315251181,-49.0,0.6504078540635119,25.0,25.0
A998,922.625,921.125,1642425315264042,-48.5,0.6320000846088841,25.0,25.0
A998,922.625,921.125,1642425315273604,-49.0,0.6381360077604268,25.0,25.0
A998,922.625,921.125,1642425315280109,-48.5,0.6258641614573416,25.0,25.0
A998,922.625,921.125,1642425315290320,-49.0,0.6504078540635119,25.0,25.0
A998,922.625,921.125,1642425315300456,-48.5,0.6135923151542565,25.0,25.0
A998,922.625,921.125,1642425315307029,-48.5,0.6135923151542565,25.0,25.0
A998,922.625,921.125,1642425315318639,-49.0,0.6258641614573416,25.0,25.0
A998,922.625,921.125,1642425315328327,-49.0,0.6320000846088841,25.0,25.0
A998,922.625,921.125,1642425315337335,-48.5,0.6442719309119693,25.0,25.0
A998,921.125,921.125,1642425315429435,-48.5,0.6320000846088841,27.5,27.5
A998,921.125,921.125,1642425315440464,-48.0,0.6381360077604268,27.5,27.5
A998,921.125,921.125,1642425315447173,-48.5,0.662679700366597,27.5,27.5
A998,921.125,921.125,1642425315453823,-48.5,0.619728238305799,27.5,27.5
A998,921.125,921.125,1642425315463366,-48.0,0.6381360077604268,27.5,27.5
A998,921.125,921.125,1642425315474902,-48.5,0.619728238305799,27.5,27.5
A998,921.125,921.125,1642425315482615,-48.0,0.619728238305799,27.5,27.5
A998,921.125,921.125,1642425315493297,-48.0,0.6258641614573416,27.5,27.5
A998,921.125,921.125,1642425315501133,-48.0,0.6135923151542565,27.5,27.5
A998,921.125,921.125,1642425315510221,-48.0,0.6381360077604268,27.5,27.5
A998,921.125,921.125,1642425315521954,-48.0,0.6258641614573416,27.5,27.5
A998,923.625,921.125,1642425315606801,-48.5,0.5645049299419159,25.0,25.0
A998,923.625,921.125,1642425315617803,-49.0,0.5460971604872883,25.0,25.0
A998,923.625,921.125,1642425315627027,-48.5,0.5338253141842031,25.0,25.0
A998,923.625,921.125,1642425315635387,-48.5,0.5399612373357456,25.0,25.0
A998,923.625,921.125,1642425315644702,-48.5,0.5522330836388308,25.0,25.0
A998,923.625,921.125,1642425315650676,-48.5,0.5399612373357456,25.0,25.0
A998,923.625,921.125,1642425315663895,-48.5,0.5338253141842031,25.0,25.0
A998,923.625,921.125,1642425315670563,-48.5,0.5338253141842031,25.0,25.0
A998,923.625,921.125,1642425315681231,-48.5,0.5522330836388308,25.0,25.0
A998,923.625,921.125,1642425315690681,-48.5,0.5338253141842031,25.0,25.0
A998,923.625,921.125,1642425315697760,-48.5,0.5154175447295755,25.0,25.0
A998,923.625,921.125,1642425315782216,-49.0,0.46019423636569234,22.5,22.5
A998,923.625,921.125,1642425315791660,-49.0,0.4540583132141498,22.5,22.5
A998,923.625,921.125,1642425315797279,-49.0,0.4540583132141498,22.5,22.5
A998,923.625,921.125,1642425315810870,-49.0,0.44178646691106466,22.5,22.5
A998,923.625,921.125,1642425315819280,-49.0,0.4540583132141498,22.5,22.5
A998,923.625,921.125,1642425315829719,-49.0,0.4356505437595221,22.5,22.5
A998,923.625,921.125,1642425315838111,-49.5,0.4172427743048944,22.5,22.5
A998,923.625,921.125,1642425315844014,-49.0,0.4295146206079795,22.5,22.5
A998,923.625,921.125,1642425315854991,-49.0,0.42337869745643697,22.5,22.5
A998,923.625,921.125,1642425315863975,-49.0,0.4479223900626072,22.5,22.5
A998,923.625,921.125,1642425315871425,-49.5,0.4111068511533518,22.5,22.5
A998,923.125,921.125,1642425315950286,-48.5,0.4172427743048944,25.0,25.0
A998,923.125,921.125,1642425315960901,-48.5,0.42337869745643697,25.0,25.0
A998,923.125,921.125,1642425315968794,-48.5,0.4111068511533518,25.0,25.0
A998,923.125,921.125,1642425315975828,-48.5,0.4111068511533518,25.0,25.0
A998,923.125,921.125,1642425315987182,-48.5,0.4049709280018093,25.0,25.0
A998,923.125,921.125,1642425315994679,-48.5,0.3988350048502667,25.0,25.0
A998,923.125,921.125,1642425316001550,-48.5,0.4049709280018093,25.0,25.0
A998,923.125,921.125,1642425316012567,-48.5,0.4049709280018093,25.0,25.0
A998,923.125,921.125,1642425316021294,-48.5,0.3988350048502667,25.0,25.0
A998,923.125,921.125,1642425316032746,-48.5,0.39269908169872414,25.0,25.0
A998,923.125,921.125,1642425316040231,-48.5,0.3865631585471816,25.0,25.0
A998,924.125,921.125,1642425316122571,-49.5,0.3313398501832985,20.0,20.0
A998,924.125,921.125,1642425316130968,-50.0,0.3313398501832985,20.0,20.0
A998,924.125,921.125,1642425316140425,-50.0,0.3190680038802134,20.0,20.0
A998,924.125,921.125,1642425316147975,-49.5,0.3190680038802134,20.0,20.0
A998,924.125,921.125,1642425316157238,-50.0,0.3190680038802134,20.0,20.0
A998,924.125,921.125,1642425316168013,-50.0,0.3129320807286708,20.0,20.0
A998,924.125,921.125,1642425316174430,-50.0,0.30066023442558565,20.0,20.0
A998,924.125,921.125,1642425316182503,-50.0,0.3129320807286708,20.0,20.0
A998,924.125,921.125,1642425316193316,-50.0,0.3129320807286708,20.0,20.0
A998,924.125,921.125,1642425316203129,-50.0,0.3129320807286708,20.0,20.0
A998,924.125,921.125,1642425316211061,-49.5,0.30679615757712825,20.0,20.0
A998,924.125,921.125,1642425316220523,-49.5,0.30679615757712825,20.0,20.0
A998,923.125,921.125,1642425316296987,-49.0,0.30679615757712825,22.5,22.5
A998,923.125,921.125,1642425316305151,-49.0,0.3436116964863836,22.5,22.5
A998,923.125,921.125,1642425316314133,-49.0,0.30679615757712825,22.5,22.5
A998,923.125,921.125,1642425316322785,-49.0,0.3129320807286708,22.5,22.5
A998,923.125,921.125,1642425316333748,-49.5,0.32520392703175593,22.5,22.5
A998,923.125,921.125,1642425316343562,-49.0,0.30679615757712825,22.5,22.5
A998,923.125,921.125,1642425316349243,-49.5,0.3129320807286708,22.5,22.5
A998,923.125,921.125,1642425316360734,-49.5,0.3190680038802134,22.5,22.5
A998,923.125,921.125,1642425316370804,-49.0,0.3190680038802134,22.5,22.5
A998,923.125,921.125,1642425316378116,-49.0,0.32520392703175593,22.5,22.5
A998,923.125,921.125,1642425316389335,-49.0,0.30679615757712825,22.5,22.5
A998,920.625,921.125,1642425316485718,-48.0,0.4111068511533518,30.0,30.0
A998,920.625,920.625,1642425316500027,-48.5,0.662679700366597,30.0,30.0
A998,920.625,920.625,1642425316511282,-48.0,0.6320000846088841,30.0,30.0
A998,920.625,920.625,1642425316520926,-48.0,0.6320000846088841,30.0,30.0
A998,920.625,920.625,1642425316531311,-48.5,0.6381360077604268,30.0,30.0
A998,920.625,920.625,1642425316538145,-48.5,0.6504078540635119,30.0,30.0
A998,920.625,920.625,1642425316548481,-48.0,0.6504078540635119,30.0,30.0
A998,920.625,920.625,1642425316558558,-48.5,0.6749515466696822,30.0,30.0
A998,920.625,920.625,1642425316563516,-48.5,0.6442719309119693,30.0,30.0
A998,920.625,920.625,1642425316574361,-48.5,0.6381360077604268,30.0,30.0
A998,923.625,920.625,1642425316669145,-48.5,0.5583690067903734,27.5,27.5
A998,923.625,920.625,1642425316678931,-48.5,0.5645049299419159,27.5,27.5
A998,923.625,920.625,1642425316684878,-48.5,0.5522330836388308,27.5,27.5
A998,923.625,920.625,1642425316697996,-48.5,0.5399612373357456,27.5,27.5
A998,923.625,920.625,1642425316706431,-48.5,0.5522330836388308,27.5,27.5
A998,923.625,920.625,1642425316715995,-48.5,0.521553467881118,27.5,27.5
A998,923.625,920.625,1642425316723039,-48.5,0.5460971604872883,27.5,27.5
A998,923.625,920.625,1642425316733388,-48.5,0.5399612373357456,27.5,27.5
A998,923.625,920.625,1642425316739943,-48.5,0.5522330836388308,27.5,27.5
A998,923.625,920.625,1642425316751628,-48.5,0.5399612373357456,27.5,27.5
A998,921.125,920.625,1642425316832409,-49.5,0.4663301595172349,22.5,22.5
A998,921.125,920.625,1642425316841568,-49.5,0.4540583132141498,22.5,22.5
A998,921.125,920.625,1642425316850987,-49.5,0.4663301595172349,22.5,22.5
A998,921.125,920.625,1642425316860024,-49.5,0.4663301595172349,22.5,22.5
A998,921.125,920.625,1642425316869724,-49.0,0.46019423636569234,22.5,22.5
A998,921.125,920.625,1642425316878542,-49.5,0.4356505437595221,22.5,22.5
A998,921.125,920.625,1642425316888575,-49.0,0.47860200582032003,22.5,22.5
A998,921.125,920.625,1642425316894528,-49.0,0.4540583132141498,22.5,22.5
A998,921.125,920.625,1642425316906261,-49.5,0.4479223900626072,22.5,22.5
A998,921.125,920.625,1642425316914879,-49.5,0.4479223900626072,22.5,22.5
A998,921.125,920.625,1642425316922812,-49.5,0.4540583132141498,22.5,22.5
A998,923.625,920.625,1642425317003416,-48.5,0.5154175447295755,27.5,27.5
A998,923.625,920.625,1642425317013701,-48.5,0.5154175447295755,27.5,27.5
A998,923.625,920.625,1642425317022285,-48.5,0.5031456984264903,27.5,27.5
A998,923.625,920.625,1642425317032661,-48.5,0.521553467881118,27.5,27.5
A998,923.625,920.625,1642425317041823,-48.5,0.5031456984264903,27.5,27.5
A998,923.625,920.625,1642425317047345,-48.5,0.5154175447295755,27.5,27.5
A998,923.625,920.625,1642425317055550,-48.5,0.5092816215780329,27.5,27.5
A998,923.625,920.625,1642425317064977,-48.0,0.5031456984264903,27.5,27.5
A998,923.625,920.625,1642425317077969,-48.5,0.5092816215780329,27.5,27.5
A998,923.625,920.625,1642425317084769,-48.0,0.5092816215780329,27.5,27.5
A998,923.625,920.625,1642425317091908,-48.5,0.5154175447295755,27.5,27.5
A998,923.125,920.625,1642425317177934,-48.0,0.5583690067903734,30.0,30.0
A998,923.125,920.625,1642425317187399,-48.0,0.5460971604872883,30.0,30.0
A998,923.125,920.625,1642425317197530,-48.5,0.5522330836388308,30.0,30.0
A998,923.125,920.625,1642425317203486,-48.0,0.5522330836388308,30.0,30.0
A998,923.125,920.625,1642425317212848,-48.0,0.5399612373357456,30.0,30.0
A998,923.125,920.625,1642425317222779,-48.0,0.5460971604872883,30.0,30.0
A998,923.125,920.625,1642425317233825,-48.0,0.5522330836388308,30.0,30.0
A998,923.125,920.625,1642425317238914,-48.0,0.5338253141842031,30.0,30.0
A998,923.125,920.625,1642425317248586,-48.0,0.5338253141842031,30.0,30.0
A998,923.125,920.625,1642425317260948,-48.0,0.5460971604872883,30.0,30.0
A998,923.125,920.625,1642425317266727,-48.0,0.5522330836388308,30.0,30.0
A998,924.125,920.625,1642425317352082,-50.0,0.39269908169872414,20.0,20.0
A998,924.125,920.625,1642425317358835,-50.0,0.3865631585471816,20.0,20.0
A998,924.125,920.625,1642425317370016,-49.5,0.36815538909255385,20.0,20.0
A998,924.125,920.625,1642425317376442,-50.0,0.3988350048502667,20.0,20.0
A998,924.125,920.625,1642425317385697,-50.0,0.3865631585471816,20.0,20.0
A998,924.125,920.625,1642425317394660,-50.0,0.37429131224409645,20.0,20.0
A998,924.125,920.625,1642425317401046,-50.0,0.380427235395639,20.0,20.0
A998,924.125,920.625,1642425317414099,-50.0,0.39269908169872414,20.0,20.0
A998,924.125,920.625,1642425317421425,-50.0,0.380427235395639,20.0,20.0
A998,924.125,920.625,1642425317431276,-50.0,0.380427235395639,20.0,20.0
A998,924.125,920.625,1642425317441317,-50.0,0.39269908169872414,20.0,20.0
A998,923.625,920.625,1642425317523942,-48.0,0.5276893910326605,30.0,30.0
A998,923.625,920.625,1642425317528768,-48.0,0.5154175447295755,30.0,30.0
A998,923.625,920.625,1642425317542280,-48.0,0.5338253141842031,30.0,30.0
A998,923.625,920.625,1642425317548257,-48.0,0.5154175447295755,30.0,30.0
A998,923.625,920.625,1642425317560327,-48.0,0.5154175447295755,30.0,30.0
A998,923.625,920.625,1642425317568240,-48.0,0.5154175447295755,30.0,30.0
A998,923.625,920.625,1642425317578800,-48.0,0.5460971604872883,30.0,30.0
A998,923.625,920.625,1642425317584540,-48.0,0.5092816215780329,30.0,30.0
A998,923.625,920.625,1642425317597052,-48.0,0.5276893910326605,30.0,30.0
A998,923.625,920.625,1642425317603777,-48.0,0.5276893910326605,30.0,30.0
A998,923.625,920.625,1642425317614920,-48.0,0.5092816215780329,30.0,30.0
A998,923.125,920.625,1642425317703957,-48.0,0.5092816215780329,30.0,30.0
A998,923.125,920.625,1642425317710628,-48.0,0.521553467881118,30.0,30.0
A998,923.125,920.625,1642425317722077,-48.0,0.5031456984264903,30.0,30.0
A998,923.125,920.625,1642425317731301,-48.0,0.521553467881118,30.0,30.0
A998,923.125,920.625,1642425317738359,-48.0,0.4970097752749477,30.0,30.0
A998,923.125,920.625,1642425317750078,-48.0,0.5092816215780329,30.0,30.0
A998,923.125,920.625,1642425317757367,-48.0,0.5154175447295755,30.0,30.0
A998,923.125,920.625,1642425317765263,-48.0,0.5031456984264903,30.0,30.0
A998,923.125,920.625,1642425317773178,-48.0,0.5276893910326605,30.0,30.0
A998,923.125,920.625,1642425317782772,-48.0,0.5092816215780329,30.0,30.0
A998,920.625,920.625,1642425317865422,-49.0,0.4049709280018093,25.0,25.0
A998,920.625,920.625,1642425317876357,-48.5,0.4049709280018093,25.0,25.0
A998,920.625,920.625,1642425317881038,-49.0,0.4111068511533518,25.0,25.0
A998,920.625,920.625,1642425317893464,-48.5,0.4049709280018093,25.0,25.0
A998,920.625,920.625,1642425317901133,-48.5,0.3988350048502667,25.0,25.0
A998,920.625,920.625,1642425317911732,-49.0,0.4049709280018093,25.0,25.0
A998,920.625,920.625,1642425317919380,-49.0,0.39269908169872414,25.0,25.0
A998,920.625,920.625,1642425317928603,-49.0,0.4111068511533518,25.0,25.0
A998,920.625,920.625,1642425317936858,-49.0,0.39269908169872414,25.0,25.0
A998,920.625,920.625,1642425317944041,-49.0,0.39269908169872414,25.0,25.0
A998,920.625,920.625,1642425317955275,-49.0,0.4111068511533518,25.0,25.0
A998,922.125,920.625,1642425318041390,-48.5,0.4111068511533518,25.0,25.0
A998,922.125,920.625,1642425318050099,-49.0,0.4049709280018093,25.0,25.0
A998,922.125,920.625,1642425318060368,-49.0,0.4111068511533518,25.0,25.0
A998,922.125,920.625,1642425318068810,-48.5,0.4172427743048944,25.0,25.0
A998,922.125,920.625,1642425318079688,-49.0,0.4356505437595221,25.0,25.0
A998,922.125,920.625,1642425318088083,-48.5,0.4356505437595221,25.0,25.0
A998,922.125,920.625,1642425318097902,-48.5,0.4356505437595221,25.0,25.0
A998,922.125,920.625,1642425318104963,-49.0,0.4356505437595221,25.0,25.0
A998,922.125,920.625,1642425318114148,-48.5,0.4356505437595221,25.0,25.0
A998,922.125,920.625,1642425318122685,-48.5,0.4479223900626072,25.0,25.0
A998,922.125,920.625,1642425318134094,-49.0,0.4295146206079795,25.0,25.0
A998,924.125,920.625,1642425318213937,-48.5,0.4663301595172349,27.5,27.5
A998,924.125,920.625,1642425318226267,-48.0,0.4540583132141498,27.5,27.5
A998,924.125,920.625,1642425318235259,-48.0,0.4724660826687775,27.5,27.5
A998,924.125,920.625,1642425318244034,-48.0,0.47860200582032003,27.5,27.5
A998,924.125,920.625,1642425318253272,-48.0,0.46019423636569234,27.5,27.5
A998,924.125,920.625,1642425318264269,-48.5,0.4663301595172349,27.5,27.5
A998,924.125,920.625,1642425318273201,-48.5,0.4663301595172349,27.5,27.5
A998,924.125,920.625,1642425318280404,-48.0,0.4479223900626072,27.5,27.5
A998,924.125,920.625,1642425318292416,-48.0,0.4663301595172349,27.5,27.5
A998,924.125,920.625,1642425318299712,-48.5,0.4540583132141498,27.5,27.5
A998,924.125,920.625,1642425318307341,-48.5,0.4724660826687775,27.5,27.5
A998,921.125,921.125,1642425318401628,-48.0,0.28838838812250056,30.0,30.0
A998,921.125,921.125,1642425318407891,-48.0,0.28225246497095796,30.0,30.0
A998,921.125,921.125,1642425318419788,-48.0,0.28838838812250056,30.0,30.0
A998,921.125,921.125,1642425318426696,-48.0,0.30066023442558565,30.0,30.0
A998,921.125,921.125,1642425318434688,-48.0,0.28225246497095796,30.0,30.0
A998,921.125,921.125,1642425318446162,-48.0,0.2761165418194154,30.0,30.0
A998,921.125,921.125,1642425318457392,-48.0,0.28225246497095796,30.0,30.0
A998,921.125,921.125,1642425318466326,-48.0,0.2638446955163303,30.0,30.0
A998,921.125,921.125,1642425318472060,-48.0,0.28838838812250056,30.0,30.0
A998,923.125,921.125,1642425318562948,-48.0,0.28225246497095796,30.0,30.0
A998,923.125,921.125,1642425318573678,-48.0,0.2699806186678728,30.0,30.0
A998,923.125,921.125,1642425318585368,-48.0,0.28225246497095796,30.0,30.0
A998,923.125,921.125,1642425318593254,-48.0,0.2761165418194154,30.0,30.0
A998,923.125,921.125,1642425318604385,-48.0,0.2638446955163303,30.0,30.0
A998,923.125,921.125,1642425318611357,-48.0,0.28225246497095796,30.0,30.0
A998,923.125,921.125,1642425318619531,-48.0,0.2761165418194154,30.0,30.0
A998,923.125,921.125,1642425318629679,-48.0,0.28225246497095796,30.0,30.0
A998,923.125,921.125,1642425318640438,-48.0,0.2761165418194154,30.0,30.0
A998,923.125,921.125,1642425318645209,-48.0,0.2761165418194154,30.0,30.0
A998,923.125,921.125,1642425318733305,-49.5,0.1227184630308513,22.5,22.5
A998,923.125,921.125,1642425318745010,-49.0,0.1349903093339364,22.5,22.5
A998,923.125,921.125,1642425318751214,-49.5,0.14112623248547898,22.5,22.5
A998,923.125,921.125,1642425318761387,-49.5,0.14726215563702155,22.5,22.5
A998,923.125,921.125,1642425318770933,-49.5,0.1349903093339364,22.5,22.5
A998,923.125,921.125,1642425318781596,-49.0,0.15339807878856412,22.5,22.5
A998,923.125,921.125,1642425318791067,-49.0,0.12885438618239387,22.5,22.5
A998,923.125,921.125,1642425318796988,-49.0,0.1227184630308513,22.5,22.5
A998,923.125,921.125,1642425318808181,-49.5,0.1227184630308513,22.5,22.5
A998,923.125,921.125,1642425318816661,-49.0,0.1227184630308513,22.5,22.5
A998,923.625,921.125,1642425318893347,-48.0,0.2699806186678728,30.0,30.0
A998,923.625,921.125,1642425318901162,-48.0,0.2761165418194154,30.0,30.0
A998,923.625,921.125,1642425318912866,-48.0,0.25770877236478773,30.0,30.0
A998,923.625,921.125,1642425318922753,-47.5,0.2638446955163303,30.0,30.0
A998,923.625,921.125,1642425318931162,-48.0,0.2454369260617026,30.0,30.0
A998,923.625,921.125,1642425318937841,-48.0,0.2454369260617026,30.0,30.0
A998,923.625,921.125,1642425318949043,-48.0,0.2638446955163303,30.0,30.0
A998,923.625,921.125,1642425318956433,-48.0,0.2638446955163303,30.0,30.0
A998,923.625,921.125,1642425318964129,-48.0,0.2761165418194154,30.0,30.0
A998,923.625,921.125,1642425318973409,-48.0,0.2761165418194154,30.0,30.0
A998,923.625,921.125,1642425318981471,-48.0,0.2638446955163303,30.0,30.0
A998,923.625,921.125,1642425318995710,-48.0,0.2638446955163303,30.0,30.0
A998,921.125,921.125,1642425319072587,-49.5,0.11044661672776616,22.5,22.5
A998,921.125,921.125,1642425319081371,-49.5,0.11658253987930872,22.5,22.5
A998,921.125,921.125,1642425319088472,-49.0,0.1227184630308513,22.5,22.5
A998,921.125,921.125,1642425319099089,-49.5,0.12885438618239387,22.5,22.5
A998,921.125,921.125,1642425319105831,-49.5,0.11044661672776616,22.5,22.5
A998,921.125,921.125,1642425319115212,-49.5,0.11658253987930872,22.5,22.5
A998,921.125,921.125,1642425319123378,-49.5,0.11044661672776616,22.5,22.5
A998,921.125,921.125,1642425319135706,-49.5,0.1227184630308513,22.5,22.5
A998,921.125,921.125,1642425319143848,-49.0,0.11658253987930872,22.5,22.5
A998,921.125,921.125,1642425319154819,-49.5,0.1043106935762236,22.5,22.5
A998,921.125,921.125,1642425319163005,-49.5,0.1043106935762236,22.5,22.5
A998,923.625,921.125,1642425319242884,-50.0,0.0859029241215959,20.0,20.0
A998,923.625,921.125,1642425319251275,-50.0,0.07363107781851078,20.0,20.0
A998,923.625,921.125,1642425319263685,-50.0,0.0859029241215959,20.0,20.0
A998,923.625,921.125,1642425319269452,-50.0,0.0674951546669682,20.0,20.0
A998,923.625,921.125,1642425319279990,-50.0,0.09203884727313846,20.0,20.0
A998,923.625,921.125,1642425319290929,-50.0,0.0859029241215959,20.0,20.0
A998,923.625,921.125,1642425319297687,-50.0,0.07976700097005335,20.0,20.0
A998,923.625,921.125,1642425319306101,-50.0,0.0859029241215959,20.0,20.0
A998,923.625,921.125,1642425319317006,-50.0,0.07363107781851078,20.0,20.0
A998,923.625,921.125,1642425319324073,-50.0,0.0859029241215959,20.0,20.0
A998,923.625,921.125,1642425319333859,-50.0,0.07976700097005335,20.0,20.0
A998,921.625,921.125,1642425319415800,-48.0,0.23316507975861744,30.0,30.0
A998,921.625,921.125,1642425319425325,-48.0,0.2699806186678728,30.0,30.0
A998,921.625,921.125,1642425319435767,-48.0,0.2638446955163303,30.0,30.0
A998,921.625,921.125,1642425319440463,-48.0,0.25157284921324513,30.0,30.0
A998,921.625,921.125,1642425319452727,-48.0,0.2638446955163303,30.0,30.0
A998,921.625,921.125,1642425319459607,-48.0,0.2454369260617026,30.0,30.0
A998,921.625,921.125,1642425319470182,-47.5,0.2638446955163303,30.0,30.0
A998,921.625,921.125,1642425319477599,-48.0,0.2761165418194154,30.0,30.0
A998,921.625,921.125,1642425319486776,-48.0,0.25770877236478773,30.0,30.0
A998,921.625,921.125,1642425319497333,-48.0,0.25770877236478773,30.0,30.0
A998,921.625,921.125,1642425319504459,-48.0,0.28225246497095796,30.0,30.0
A998,921.625,921.125,1642425319516144,-48.0,0.28225246497095796,30.0,30.0
A998,924.125,921.125,1642425319592900,-49.0,0.12885438618239387,22.5,22.5
A998,924.125,921.125,1642425319602741,-49.0,0.16566992509164924,22.5,22.5
A998,924.125,921.125,1642425319613684,-49.0,0.14726215563702155,22.5,22.5
A998,924.125,921.125,1642425319620476,-49.5,0.15339807878856412,22.5,22.5
A998,924.125,921.125,1642425319627547,-49.0,0.15339807878856412,22.5,22.5
A998,924.125,921.125,1642425319638783,-49.0,0.14726215563702155,22.5,22.5
A998,924.125,921.125,1642425319646865,-49.0,0.1718058482431918,22.5,22.5
A998,924.125,921.125,1642425319656977,-49.0,0.14726215563702155,22.5,22.5
A998,924.125,921.125,1642425319664381,-49.0,0.14112623248547898,22.5,22.5
A998,924.125,921.125,1642425319673855,-49.0,0.1595340019401067,22.5,22.5
A998,924.125,921.125,1642425319684231,-49.0,0.1349903093339364,22.5,22.5
A998,921.625,921.125,1642425319761368,-48.0,0.21475731030398976,27.5,27.5
A998,921.625,921.125,1642425319769974,-48.0,0.23316507975861744,27.5,27.5
A998,921.625,921.125,1642425319779327,-48.0,0.23930100291016002,27.5,27.5
A998,921.625,921.125,1642425319791060,-48.0,0.22089323345553233,27.5,27.5
A998,921.625,921.125,1642425319796058,-48.0,0.22089323345553233,27.5,27.5
A998,921.625,921.125,1642425319809834,-48.0,0.21475731030398976,27.5,27.5
A998,921.625,921.125,1642425319813974,-48.0,0.2086213871524472,27.5,27.5
A998,921.625,921.125,1642425319825958,-48.0,0.2086213871524472,27.5,27.5
A998,921.625,921.125,1642425319833578,-48.0,0.21475731030398976,27.5,27.5
A998,921.625,921.125,1642425319841056,-48.0,0.21475731030398976,27.5,27.5
A998,921.625,921.125,1642425319854170,-48.0,0.2270291566070749,27.5,27.5
A998,921.625,921.125,1642425319862293,-48.0,0.2454369260617026,27.5,27.5
A998,923.625,921.125,1642425319947862,-48.0,0.28838838812250056,30.0,30.0
A998,923.625,921.125,1642425319959411,-48.0,0.30066023442558565,30.0,30.0
A998,923.625,921.125,1642425319965357,-48.0,0.3190680038802134,30.0,30.0
A998,923.625,921.125,1642425319973477,-47.5,0.28838838812250056,30.0,30.0
A998,923.625,921.125,1642425319984401,-47.5,0.2945243112740431,30.0,30.0
A998,923.625,921.125,1642425319993639,-47.5,0.30066023442558565,30.0,30.0
A998,923.625,921.125,1642425319999745,-47.5,0.2945243112740431,30.0,30.0
A998,923.625,921.125,1642425320011445,-47.5,0.30066023442558565,30.0,30.0
A998,923.625,921.125,1642425320020890,-47.5,0.2761165418194154,30.0,30.0
A998,923.625,921.125,1642425320026942,-47.5,0.2945243112740431,30.0,30.0
A998,921.625,921.125,1642425320117785,-48.0,0.21475731030398976,27.5,27.5
A998,921.625,921.125,1642425320129762,-48.0,0.2270291566070749,27.5,27.5
A998,921.625,921.125,1642425320138196,-48.0,0.2270291566070749,27.5,27.5
A998,921.625,921.125,1642425320146052,-48.0,0.23316507975861744,27.5,27.5
A998,921.625,921.125,1642425320155352,-48.0,0.2454369260617026,27.5,27.5
A998,921.625,921.125,1642425320164826,-48.0,0.23316507975861744,27.5,27.5
A998,921.625,921.125,1642425320173590,-48.5,0.25770877236478773,27.5,27.5
A998,921.625,921.125,1642425320183501,-48.0,0.23316507975861744,27.5,27.5
A998,921.625,921.125,1642425320191481,-48.0,0.2270291566070749,27.5,27.5
A998,921.625,921.125,1642425320199080,-48.0,0.22089323345553233,27.5,27.5
A998,921.625,921.125,1642425320280603,-48.5,0.22089323345553233,27.5,27.5
A998,921.625,921.125,1642425320285693,-48.0,0.2086213871524472,27.5,27.5
A998,921.625,921.625,1642425320301731,-49.0,6.252505691421874,27.5,27.5
A998,921.625,921.625,1642425320315355,-48.5,6.270913460876501,27.5,27.5
A998,921.625,921.625,1642425320323759,-48.5,6.264777537724958,27.5,27.5
A998,921.625,921.625,1642425320330543,-48.5,6.264777537724958,27.5,27.5
A998,921.625,921.625,1642425320342264,-48.5,6.240233845118788,27.5,27.5
A998,921.625,921.625,1642425320348153,-48.5,6.252505691421874,27.5,27.5
A998,921.625,921.625,1642425320358911,-48.5,6.258641614573416,27.5,27.5
A998,921.625,921.625,1642425320369417,-48.5,6.258641614573416,27.5,27.5
A998,921.625,921.625,1642425320374417,-48.5,0.006135923151542565,27.5,27.5
A998,924.125,921.625,1642425320461361,-48.0,0.030679615757712823,30.0,30.0
A998,924.125,921.625,1642425320466577,-48.5,0.04908738521234052,30.0,30.0
A998,924.125,921.625,1642425320477211,-48.5,0.030679615757712823,30.0,30.0
A998,924.125,921.625,1642425320486692,-48.5,0.04295146206079795,30.0,30.0
A998,924.125,921.625,1642425320495949,-48.0,0.04295146206079795,30.0,30.0
A998,924.125,921.625,1642425320506600,-48.5,0.030679615757712823,30.0,30.0
A998,924.125,921.625,1642425320512493,-48.5,0.030679615757712823,30.0,30.0
A998,924.125,921.625,1642425320523041,-48.5,0.03681553890925539,30.0,30.0
A998,924.125,921.625,1642425320532107,-48.0,0.03681553890925539,30.0,30.0
A998,924.125,921.625,1642425320542726,-48.5,0.03681553890925539,30.0,30.0
A998,923.125,921.625,1642425320624087,-49.5,6.1850105367549055,22.5,22.5
A998,923.125,921.625,1642425320634012,-49.5,6.166602767300278,22.5,22.5
A998,923.125,921.625,1642425320642790,-49.5,6.1850105367549055,22.5,22.5
A998,923.125,921.625,1642425320649787,-49.5,6.19728238305799,22.5,22.5
A998,923.125,921.625,1642425320661277,-49.0,6.178874613603362,22.5,22.5
A998,923.125,921.625,1642425320667960,-49.5,6.178874613603362,22.5,22.5
A998,923.125,921.625,1642425320679968,-49.5,6.19728238305799,22.5,22.5
A998,923.125,921.625,1642425320685918,-49.5,6.1850105367549055,22.5,22.5
A998,923.125,921.625,1642425320695161,-49.5,6.178874613603362,22.5,22.5
A998,923.125,921.625,1642425320705317,-49.5,6.17273869045182,22.5,22.5
A998,923.125,921.625,1642425320716214,-49.5,6.1850105367549055,22.5,22.5
A998,920.625,921.625,1642425320793472,-49.5,6.17273869045182,22.5,22.5
A998,920.625,921.625,1642425320803065,-49.5,6.17273869045182,22.5,22.5
A998,920.625,921.625,1642425320814807,-49.5,6.191146459906448,22.5,22.5
A998,920.625,921.625,1642425320820241,-49.5,6.178874613603362,22.5,22.5
A998,920.625,921.625,1642425320831244,-49.5,6.191146459906448,22.5,22.5
A998,920.625,921.625,1642425320841684,-49.5,6.191146459906448,22.5,22.5
A998,920.625,921.625,1642425320850783,-49.5,6.178874613603362,22.5,22.5
A998,920.625,921.625,1642425320860102,-49.5,6.166602767300278,22.5,22.5
A998,920.625,921.625,1642425320867236,-49.5,6.166602767300278,22.5,22.5
A998,920.625,921.625,1642425320876977,-49.5,6.17273869045182,22.5,22.5
A998,920.625,921.625,1642425320884766,-49.5,6.166602767300278,22.5,22.5
A998,921.625,921.625,1642425320967997,-49.5,6.135923151542564,22.5,22.5
A998,921.625,921.625,1642425320976344,-49.5,6.154330920997192,22.5,22.5
A998,921.625,921.625,1642425320988962,-49.5,6.154330920997192,22.5,22.5
A998,921.625,921.625,1642425320997736,-49.0,6.1420590746941075,22.5,22.5
A998,921.625,921.625,1642425321006173,-49.0,6.1420590746941075,22.5,22.5
A998,921.625,921.625,1642425321015917,-49.5,6.154330920997192,22.5,22.5
A998,921.625,921.625,1642425321024597,-49.5,6.135923151542564,22.5,22.5
A998,921.625,921.625,1642425321034177,-49.5,6.14819499784565,22.5,22.5
A998,921.625,921.625,1642425321041401,-49.5,6.154330920997192,22.5,22.5
A998,921.625,921.625,1642425321050660,-49.5,6.14819499784565,22.5,22.5
A998,921.625,921.625,1642425321057841,-49.5,6.129787228391022,22.5,22.5
A998,922.625,921.625,1642425321144624,-49.5,6.1420590746941075,22.5,22.5
A998,922.625,921.625,1642425321150885,-49.5,6.166602767300278,22.5,22.5
A998,922.625,921.625,1642425321164052,-49.5,6.154330920997192,22.5,22.5
A998,922.625,921.625,1642425321173066,-49.0,6.135923151542564,22.5,22.5
A998,922.625,921.625,1642425321180071,-49.5,6.129787228391022,22.5,22.5
A998,922.625,921.625,1642425321191902,-49.0,6.14819499784565,22.5,22.5
A998,922.625,921.625,1642425321198070,-49.5,6.1420590746941075,22.5,22.5
A998,922.625,921.625,1642425321206180,-49.5,6.129787228391022,22.5,22.5
A998,922.625,921.625,1642425321214878,-49.0,6.111379458936394,22.5,22.5
A998,922.625,921.625,1642425321223406,-49.5,6.12365130523948,22.5,22.5
A998,922.625,921.625,1642425321234847,-49.5,6.1420590746941075,22.5,22.5
A998,924.125,921.625,1642425321323544,-48.5,6.2034183062095325,27.5,27.5
A998,924.125,921.625,1642425321331028,-48.5,6.215690152512618,27.5,27.5
A998,924.125,921.625,1642425321340025,-48.5,6.215690152512618,27.5,27.5
A998,924.125,921.625,1642425321349818,-48.5,6.209554229361076,27.5,27.5
A998,924.125,921.625,1642425321360131,-48.5,6.19728238305799,27.5,27.5
A998,924.125,921.625,1642425321368454,-48.5,6.215690152512618,27.5,27.5
A998,924.125,921.625,1642425321378670,-48.5,6.209554229361076,27.5,27.5
A998,924.125,921.625,1642425321383441,-48.5,6.191146459906448,27.5,27.5
A998,924.125,921.625,1642425321393296,-48.5,6.209554229361076,27.5,27.5
A998,924.125,921.625,1642425321402999,-48.5,6.19728238305799,27.5,27.5
A998,921.625,921.625,1642425321489669,-50.0,6.105243535784852,20.0,20.0
A998,921.625,921.625,1642425321496071,-49.5,6.086835766330224,20.0,20.0
A998,921.625,921.625,1642425321505462,-50.0,6.086835766330224,20.0,20.0
A998,921.625,921.625,1642425321513591,-49.5,6.092971689481767,20.0,20.0
A998,921.625,921.625,1642425321525651,-50.0,6.086835766330224,20.0,20.0
A998,921.625,921.625,1642425321533768,-49.5,6.086835766330224,20.0,20.0
A998,921.625,921.625,1642425321541707,-49.5,6.086835766330224,20.0,20.0
A998,921.625,921.625,1642425321549374,-49.5,6.068427996875596,20.0,20.0
A998,921.625,921.625,1642425321577875,-49.5,6.0991076126333095,20.0,20.0
