A996,1636103482967085,1.0369710126106935,-46.5
A996,1636103482976150,1.0799224746714913,-46.0
A996,1636103482984007,1.0737865515199487,-46.5
A996,1636103482993620,1.0676506283684062,-46.5
A996,1636103483003690,1.0615147052168636,-46.5
A996,1636103483009373,1.0737865515199487,-46.0
A996,1636103483020376,1.0676506283684062,-46.5
A996,1636103483031198,1.086058397823034,-46.5
A996,1636103483038435,1.0615147052168636,-46.5
A996,1636103483047920,1.0676506283684062,-46.5
A996,1636103483057915,1.0799224746714913,-46.5
A996,1636103483067883,1.0983302441261191,-46.5
A996,1636103483072932,1.0983302441261191,-46.5
A996,1636103483084633,1.0737865515199487,-46.0
A996,1636103483092438,1.0921943209745766,-46.5
A996,1636103483099454,1.0799224746714913,-46.5
A996,1636103483109476,1.1167380135807468,-46.5
A996,1636103483118003,1.0983302441261191,-46.0
A996,1636103483129702,1.1228739367322893,-46.5
A996,1636103483139074,1.1228739367322893,-46.5
A996,1636103483148223,1.1106020904292042,-46.5
A996,1636103483156013,1.1106020904292042,-46.5
A996,1636103483162771,1.0983302441261191,-46.5
A996,1636103483174327,1.1106020904292042,-46.5
A996,1636103483183884,1.141281706186917,-46.5
A996,1636103483192016,1.0921943209745766,-46.5
A996,1636103483200979,1.0799224746714913,-46.5
A996,1636103483207907,1.0983302441261191,-46.0
A996,1636103483215895,1.0983302441261191,-46.5
A996,1636103483228408,1.1290098598838318,-46.5
A996,1636103483237118,1.1044661672776617,-46.5
A996,1636103483247081,1.1106020904292042,-46.5
A996,1636103483256268,1.0921943209745766,-46.5
A996,1636103483265172,1.1106020904292042,-46.5
A996,1636103483272657,1.1167380135807468,-46.5
A996,1636103483280036,1.1167380135807468,-46.5
A996,1636103483291649,1.1228739367322893,-46.5
A996,1636103483300879,1.1106020904292042,-46.5
A996,1636103483306530,1.1106020904292042,-46.5
A996,1636103483319998,1.1228739367322893,-46.5
A996,1636103483324342,1.0921943209745766,-46.5
A996,1636103483332991,1.1290098598838318,-46.5
A996,1636103483344214,1.1044661672776617,-46.5
A996,1636103483352875,1.1474176293384597,-46.5
A996,1636103483361293,1.1106020904292042,-46.5
A996,1636103483368919,1.1167380135807468,-46.5
A996,1636103483381882,1.086058397823034,-46.5
A996,1636103483391018,1.1106020904292042,-46.5
A996,1636103483397258,1.1228739367322893,-46.5
A996,1636103483406448,1.1044661672776617,-46.5
A996,1636103483414552,1.0983302441261191,-46.5
A996,1636103483425055,1.1106020904292042,-46.5
A996,1636103483434407,1.086058397823034,-46.5
A996,1636103483442962,1.1106020904292042,-46.5
A996,1636103483450606,1.086058397823034,-46.5
A996,1636103483462748,1.0983302441261191,-46.5
A996,1636103483468968,1.0799224746714913,-46.5
A996,1636103483479940,1.1167380135807468,-46.5
A996,1636103483486819,1.1167380135807468,-46.5
A996,1636103483498152,1.0799224746714913,-46.5
A996,1636103483505380,1.1228739367322893,-46.5
A996,1636103483516665,1.0921943209745766,-46.5
A996,1636103483523378,1.1106020904292042,-46.5
A996,1636103483533119,1.141281706186917,-46.5
A996,1636103483542389,1.1228739367322893,-46.5
A996,1636103483551776,1.1290098598838318,-46.5
A996,1636103483558041,1.1228739367322893,-46.5
A996,1636103483570481,1.1106020904292042,-46.5
A996,1636103483579169,1.1167380135807468,-46.5
A996,1636103483588333,1.0921943209745766,-46.0
A996,1636103483594301,1.1228739367322893,-46.5
A996,1636103483604054,1.1106020904292042,-46.5
A996,1636103483614505,1.1167380135807468,-46.5
A996,1636103483622809,1.0921943209745766,-46.5
A996,1636103483629210,1.1106020904292042,-46.5
A996,1636103483639954,1.0921943209745766,-46.5
A996,1636103483650504,1.1228739367322893,-46.5
A996,1636103483656034,1.0983302441261191,-46.5
A996,1636103483670028,1.1228739367322893,-46.5
A996,1636103483678068,1.1167380135807468,-46.5
A996,1636103483686692,1.0983302441261191,-46.5
A996,1636103483695561,1.1106020904292042,-46.5
A996,1636103483703142,1.0983302441261191,-46.5
A996,1636103483711372,1.0983302441261191,-46.5
A996,1636103483722067,1.1106020904292042,-46.5
A996,1636103483730735,1.1106020904292042,-46.0
A996,1636103483737509,1.0921943209745766,-46.5
A996,1636103483747718,1.1167380135807468,-46.5
A996,1636103483757784,1.0983302441261191,-46.5
A996,1636103483763758,1.1167380135807468,-46.0
A996,1636103483772708,1.1106020904292042,-46.5
A996,1636103483784509,1.0921943209745766,-46.5
A996,1636103483794514,1.1228739367322893,-46.5
A996,1636103483802350,1.1106020904292042,-46.5
A996,1636103483811293,1.1228739367322893,-46.5
A996,1636103483820992,1.1106020904292042,-46.5
A996,1636103483830191,1.1167380135807468,-46.5
A996,1636103483839827,1.086058397823034,-46.5
A996,1636103483848515,1.1167380135807468,-46.0
A996,1636103483857265,1.1167380135807468,-46.5
A996,1636103483866206,1.1044661672776617,-46.5
A996,1636103483873970,1.1044661672776617,-46.5
A996,1636103483882433,1.1228739367322893,-46.5
A996,1636103483891779,1.1290098598838318,-46.5
A996,1636103483899167,1.1290098598838318,-46.5
A996,1636103483912050,1.0983302441261191,-46.5
A996,1636103483916625,1.0983302441261191,-46.5
A996,1636103483928633,1.1167380135807468,-46.5
A996,1636103483935968,1.1167380135807468,-46.5
A996,1636103483945692,1.1106020904292042,-46.5
A996,1636103483953770,1.0983302441261191,-46.5
A996,1636103483965098,1.1106020904292042,-46.5
A996,1636103483972088,1.1167380135807468,-46.5
A996,1636103483980725,1.0737865515199487,-46.5
A996,1636103483990775,1.1290098598838318,-46.5
A996,1636103484000119,1.0983302441261191,-46.5
A996,1636103484006617,1.1228739367322893,-46.5
A996,1636103484017435,1.1290098598838318,-46.5
A996,1636103484026621,1.1290098598838318,-46.5
A996,1636103484032593,1.1290098598838318,-46.5
A996,1636103484045531,1.1474176293384597,-46.5
A996,1636103484053118,1.1596894756415448,-46.0
A996,1636103484062834,1.1351457830353744,-46.5
A996,1636103484072121,1.141281706186917,-46.5
A996,1636103484082099,1.1535535524900022,-46.5
A996,1636103484089571,1.1658253987930873,-46.5
A996,1636103484099570,1.1658253987930873,-46.5
A996,1636103484109124,1.1535535524900022,-46.5
A996,1636103484113706,1.1474176293384597,-46.5
A996,1636103484125482,1.1167380135807468,-46.5
A996,1636103484131261,1.1535535524900022,-46.5
A996,1636103484143886,1.141281706186917,-46.5
A996,1636103484153410,1.1596894756415448,-46.0
A996,1636103484162351,1.1351457830353744,-46.5
A996,1636103484170942,1.1719613219446299,-46.5
A996,1636103484180085,1.184233168247715,-46.5
A996,1636103484186333,1.1903690913992575,-46.5
A996,1636103484198279,1.214912784005428,-46.5
A996,1636103484206585,1.2210487071569704,-46.5
A996,1636103484217437,1.282407938672396,-46.5
A996,1636103484223018,1.2578642460662257,-46.5
A996,1636103484230404,1.2701360923693108,-46.5
A996,1636103484241483,1.282407938672396,-46.5
A996,1636103484251269,1.2762720155208536,-46.5
A996,1636103484257073,1.2762720155208536,-46.5
A996,1636103484266234,1.3008157081270237,-46.5
A996,1636103484277423,1.2578642460662257,-46.5
A996,1636103484288257,1.239456476611598,-46.5
A996,1636103484296949,1.227184630308513,-46.5
A996,1636103484305509,1.2087768608538851,-46.5
A996,1636103484311532,1.1903690913992575,-46.5
A996,1636103484319958,1.2026409377023426,-46.5
A996,1636103484331914,1.184233168247715,-46.5
A996,1636103484341519,1.2026409377023426,-46.5
A996,1636103484347257,1.1965050145508,-46.5
A996,1636103484358798,1.1965050145508,-46.5
A996,1636103484365284,1.214912784005428,-46.5
A996,1636103484375508,1.2087768608538851,-46.5
A996,1636103484385311,1.2455923997631406,-46.5
A996,1636103484393341,1.2640001692177683,-46.5
A996,1636103484404699,1.239456476611598,-46.5
A996,1636103484410952,1.2210487071569704,-46.5
A996,1636103484422858,1.2517283229146832,-46.5
A996,1636103484430727,1.2087768608538851,-46.5
A996,1636103484439396,1.2455923997631406,-46.5
A996,1636103484449354,1.2026409377023426,-46.5
A996,1636103484456313,1.2210487071569704,-46.5
A996,1636103484465721,1.214912784005428,-46.5
A996,1636103484476417,1.2026409377023426,-46.5
A996,1636103484484107,1.2026409377023426,-46.5
A996,1636103484494743,1.2026409377023426,-46.5
A996,1636103484502157,1.2026409377023426,-46.5
A996,1636103484510372,1.2087768608538851,-46.5
A996,1636103484522301,1.214912784005428,-46.5
A996,1636103484528656,1.2210487071569704,-46.5
A996,1636103484537804,1.2333205534600555,-46.5
A996,1636103484548440,1.2517283229146832,-46.5
A996,1636103484555108,1.2210487071569704,-46.5
A996,1636103484563195,1.2333205534600555,-46.5
A996,1636103484575406,1.2210487071569704,-46.5
A996,1636103484581533,1.1965050145508,-46.5
A996,1636103484592667,1.214912784005428,-46.5
A996,1636103484601100,1.1780972450961724,-46.5
A996,1636103484610711,1.1903690913992575,-46.5
A996,1636103484620550,1.1903690913992575,-47.0
A996,1636103484625231,1.1903690913992575,-47.0
A996,1636103484638659,1.2087768608538851,-46.5
A996,1636103484646704,1.1903690913992575,-47.0
A996,1636103484657393,1.184233168247715,-47.0
A996,1636103484664109,1.184233168247715,-47.0
A996,1636103484673260,1.2210487071569704,-47.0
A996,1636103484682010,1.2087768608538851,-47.0
A996,1636103484691483,1.2026409377023426,-47.0
A996,1636103484699304,1.2026409377023426,-47.0
A996,1636103484710178,1.2210487071569704,-47.0
A996,1636103484716262,1.2026409377023426,-47.0
A996,1636103484724968,1.1658253987930873,-47.0
A996,1636103484737753,1.2026409377023426,-47.0
A996,1636103484745826,1.214912784005428,-47.0
A996,1636103484754986,1.1903690913992575,-47.0
A996,1636103484763603,1.1965050145508,-47.0
A996,1636103484772292,1.184233168247715,-47.0
A996,1636103484782333,1.1965050145508,-47.0
A996,1636103484788748,1.2087768608538851,-47.0
A996,1636103484799492,1.184233168247715,-47.0
A996,1636103484809177,1.184233168247715,-47.5
A996,1636103484817000,1.1965050145508,-47.0
A996,1636103484823678,1.214912784005428,-47.0
A996,1636103484834996,1.2210487071569704,-47.0
A996,1636103484844719,1.2210487071569704,-47.0
A996,1636103484857684,1.2333205534600555,-47.0
A996,1636103484868212,1.239456476611598,-47.5
A996,1636103484874731,1.2333205534600555,-47.5
A996,1636103484886312,1.239456476611598,-47.0
A996,1636103484895057,1.2517283229146832,-47.0
A996,1636103484901053,1.2087768608538851,-47.0
A996,1636103484913902,1.2517283229146832,-47.0
A996,1636103484923315,1.239456476611598,-47.5
A996,1636103484932171,1.239456476611598,-47.5
A996,1636103484937790,1.282407938672396,-47.5
A996,1636103484950224,1.2640001692177683,-47.5
A996,1636103484956603,1.2455923997631406,-47.5
A996,1636103484969202,1.3130875544301088,-47.5
A996,1636103484976858,1.3192234775816514,-47.5
A996,1636103484983296,1.325359400733194,-47.0
A996,1636103484995060,1.3499030933393643,-47.0
A996,1636103485003126,1.3621749396424494,-47.5
A996,1636103485012869,1.3867186322486196,-47.5
A996,1636103485019730,1.3928545554001621,-47.5
A996,1636103485029927,1.3928545554001621,-47.5
A996,1636103485037525,1.4358060174609601,-47.5
A996,1636103485046038,1.423534171157875,-47.5
A996,1636103485057805,1.4726215563702154,-47.5
A996,1636103485068072,1.4848934026733007,-47.5
A996,1636103485076416,1.4971652489763858,-47.5
A996,1636103485082654,1.5278448647340985,-47.5
A996,1636103485092915,1.5401167110371838,-47.5
A996,1636103485101867,1.576932249946439,-47.5
A996,1636103485109922,1.5585244804918115,-47.5
A996,1636103485119100,1.576932249946439,-47.5
A996,1636103485129989,1.607611865704152,-47.5
A996,1636103485138501,1.6382914814618648,-47.0
A996,1636103485144527,1.6444274046134073,-47.5
A996,1636103485157519,1.6873788666742053,-47.0
A996,1636103485164743,1.718058482431918,-47.0
A996,1636103485170964,1.7241944055834606,-47.0
A996,1636103485183370,1.7978254834019713,-47.0
A996,1636103485193043,1.8162332528565992,-47.0
A996,1636103485202230,1.846912868614312,-46.5
A996,1636103485209212,1.8653206380689396,-46.5
A996,1636103485217102,1.88986433067511,-46.5
A996,1636103485225086,1.9389517158874505,-46.5
A996,1636103485238680,1.9696313316451632,-46.5
A996,1636103485246120,2.0064468705544187,-46.5
A996,1636103485255949,2.030990563160589,-46.0
A996,1636103485264191,2.018718716857504,-46.5
A996,1636103485273397,2.067806102069844,-46.5
A996,1636103485280491,2.073942025221387,-46.0
A996,1636103485290528,2.055534255766759,-46.5
A996,1636103485301573,2.098485717827557,-46.5
A996,1636103485307208,2.1230294104337273,-46.5
A996,1636103485316793,2.1230294104337273,-46.5
A996,1636103485327476,2.1353012567368124,-46.5
A996,1636103485332337,2.1537090261914402,-46.5
A996,1636103485344949,2.172116795646068,-46.5
A996,1636103485352250,2.1782527187976104,-46.5
A996,1636103485362370,2.184388641949153,-46.5
A996,1636103485373269,2.2457478734645786,-46.5
A996,1636103485379432,2.270291566070749,-46.5
A996,1636103485388106,2.2641556429192065,-46.5
A996,1636103485398136,2.2886993355253766,-46.5
A996,1636103485406417,2.3009711818284617,-46.5
A996,1636103485416177,2.350058567040802,-46.5
A996,1636103485426197,2.350058567040802,-46.5
A996,1636103485435716,2.350058567040802,-46.5
A996,1636103485443163,2.386874105950058,-46.5
A996,1636103485452960,2.386874105950058,-46.5
A996,1636103485459031,2.405281875404685,-46.5
A996,1636103485471356,2.411417798556228,-46.5
A996,1636103485479186,2.454369260617026,-46.5
A996,1636103485484955,2.435961491162398,-46.0
A996,1636103485496397,2.442097414313941,-46.5
A996,1636103485505077,2.4605051837685683,-46.0
A996,1636103485515286,2.478912953223196,-46.0
A996,1636103485523768,2.4850488763747385,-46.0
A996,1636103485532392,2.5157284921324514,-46.0
A996,1636103485538412,2.521864415283994,-46.0
A996,1636103485551579,2.5402721847386216,-46.0
A996,1636103485556965,2.509592568980909,-46.0
A996,1636103485566075,2.5402721847386216,-46.0
A996,1636103485577214,2.5832236467994196,-46.0
A996,1636103485586631,2.5832236467994196,-46.0
A996,1636103485596652,2.564815877344792,-46.0
A996,1636103485604675,2.564815877344792,-46.0
A996,1636103485614272,2.5832236467994196,-46.0
A996,1636103485622304,2.5954954931025047,-46.0
A996,1636103485630606,2.5893595699509624,-46.0
A996,1636103485639541,2.5832236467994196,-46.0
A996,1636103485650191,2.5832236467994196,-46.0
A996,1636103485655851,2.5954954931025047,-46.0
A996,1636103485665002,2.564815877344792,-46.0
A996,1636103485673648,2.552544031041707,-46.0
A996,1636103485682856,2.5832236467994196,-46.0
A996,1636103485694427,2.5893595699509624,-46.0
A996,1636103485702497,2.564815877344792,-46.0
A996,1636103485708936,2.5709518004963345,-46.0
A996,1636103485720794,2.5341362615870793,-46.0
A996,1636103485731644,2.5464081078901644,-46.0
A996,1636103485740265,2.5464081078901644,-46.0
A996,1636103485748322,2.552544031041707,-46.0
A996,1636103485757006,2.521864415283994,-46.0
A996,1636103485765884,2.5034566458293663,-46.5
A996,1636103485774621,2.5280003384355365,-46.0
A996,1636103485785471,2.497320722677824,-46.5
A996,1636103485793564,2.4850488763747385,-46.5
A996,1636103485799872,2.497320722677824,-46.5
A996,1636103485812107,2.4911847995262812,-46.5
A996,1636103485819916,2.4911847995262812,-46.5
A996,1636103485826433,2.4727770300716534,-46.5
A996,1636103485836388,2.478912953223196,-46.5
A996,1636103485846373,2.435961491162398,-46.5
A996,1636103485855732,2.4605051837685683,-46.5
A996,1636103485862812,2.4605051837685683,-46.5
A996,1636103485871320,2.4727770300716534,-46.5
A996,1636103485880078,2.454369260617026,-46.5
A996,1636103485889202,2.4727770300716534,-46.5
A996,1636103485901795,2.454369260617026,-46.5
A996,1636103485907831,2.4727770300716534,-46.5
A996,1636103485918152,2.4605051837685683,-46.5
A996,1636103485925975,2.454369260617026,-46.5
A996,1636103485934702,2.4850488763747385,-46.5
A996,1636103485946699,2.4727770300716534,-46.5
A996,1636103485952094,2.478912953223196,-46.5
A996,1636103485964280,2.478912953223196,-46.5
A996,1636103485971777,2.4911847995262812,-46.5
A996,1636103485980704,2.4850488763747385,-46.5
A996,1636103485988524,2.4911847995262812,-46.5
A996,1636103485998560,2.478912953223196,-46.5
A996,1636103486007231,2.4850488763747385,-46.5
A996,1636103486015888,2.4850488763747385,-46.5
A996,1636103486025910,2.4850488763747385,-46.5
A996,1636103486034701,2.5157284921324514,-46.5
A996,1636103486041568,2.509592568980909,-46.5
A996,1636103486050514,2.509592568980909,-46.5
A996,1636103486060770,2.5034566458293663,-46.5
A996,1636103486069896,2.5402721847386216,-46.5
A996,1636103486079105,2.5280003384355365,-46.5
A996,1636103486086411,2.5341362615870793,-46.5
A996,1636103486098024,2.552544031041707,-46.5
A996,1636103486107515,2.5586799541932495,-46.5
A996,1636103486113901,2.6016314162540475,-46.5
A996,1636103486124226,2.5893595699509624,-46.5
A996,1636103486133163,2.60776733940559,-46.5
A996,1636103486138895,2.6261751088602177,-46.5
A996,1636103486150816,2.6384469551633027,-46.0
A996,1636103486160782,2.6323110320117604,-46.5
A996,1636103486168402,2.6445828783148455,-46.5
A996,1636103486177498,2.675262494072558,-46.5
A996,1636103486186899,2.6813984172241008,-46.0
A996,1636103486195082,2.6998061866787286,-46.5
A996,1636103486204452,2.6998061866787286,-46.5
A996,1636103486213361,2.693670263527186,-46.5
A996,1636103486222592,2.736621725587984,-46.5
A996,1636103486229668,2.742757648739526,-46.0
A996,1636103486239787,2.724349879284899,-46.5
A996,1636103486250302,2.7550294950426117,-46.0
A996,1636103486256225,2.761165418194154,-46.0
A996,1636103486266267,2.748893571891069,-46.0
A996,1636103486276920,2.773437264497239,-46.5
A996,1636103486285396,2.7979809571034093,-46.0
A996,1636103486293451,2.779573187648782,-46.5
A996,1636103486304346,2.8409324191642074,-46.5
A996,1636103486313126,2.8102528034064944,-46.5
A996,1636103486322291,2.8532042654672924,-46.5
A996,1636103486330050,2.859340188618835,-46.5
A996,1636103486338203,2.84706834231575,-46.5
A996,1636103486348658,2.8777479580734626,-46.5
A996,1636103486355068,2.8654761117703775,-46.5
A996,1636103486365321,2.8409324191642074,-46.5
A996,1636103486372353,2.8716120349219203,-46.5
A996,1636103486381266,2.8654761117703775,-46.5
A996,1636103486394163,2.8961557275280905,-46.5
A996,1636103486401888,2.890019804376548,-46.5
A996,1636103486411916,2.8961557275280905,-46.5
A996,1636103486421954,2.9084275738311756,-46.5
A996,1636103486429139,2.890019804376548,-46.5
A996,1636103486436496,2.9206994201342606,-46.5
A996,1636103486447051,2.9206994201342606,-46.5
A996,1636103486454390,2.9513790358919736,-46.5
A996,1636103486463798,2.9759227284981438,-46.5
A996,1636103486471672,2.9636508821950587,-46.5
A996,1636103486483847,3.0066023442558567,-47.0
A996,1636103486489021,3.0066023442558567,-47.0
A996,1636103486502823,3.0127382674073995,-47.0
A996,1636103486506881,3.0127382674073995,-47.0
A996,1636103486518727,3.018874190558942,-46.5
A996,1636103486524495,3.018874190558942,-47.0
A996,1636103486535651,3.0495538063166547,-47.0
A996,1636103486542283,3.055689729468197,-47.0
A996,1636103486552366,3.0372819600135696,-47.0
A996,1636103486561901,3.0372819600135696,-47.0
A996,1636103486570608,3.0372819600135696,-47.0
A996,1636103486582511,3.018874190558942,-47.0
A996,1636103486591675,3.0372819600135696,-47.0
A996,1636103486599272,3.031146036862027,-47.0
A996,1636103486605503,3.0495538063166547,-47.0
A996,1636103486617125,3.0372819600135696,-47.0
A996,1636103486626706,3.06182565261974,-47.0
A996,1636103486635221,3.043417883165112,-47.0
A996,1636103486644632,3.0127382674073995,-47.0
A996,1636103486650890,3.0250101137104846,-47.0
A996,1636103486659851,3.0127382674073995,-47.0
A996,1636103486672922,3.0127382674073995,-47.0
A996,1636103486680380,2.9943304979527716,-47.5
A996,1636103486687567,3.0066023442558567,-47.0
A996,1636103486694671,3.0066023442558567,-47.0
A996,1636103486705177,2.9820586516496865,-47.5
A996,1636103486715681,3.0127382674073995,-47.5
A996,1636103486725547,3.000466421104314,-47.5
A996,1636103486734128,3.0127382674073995,-47.5
A996,1636103486740143,3.0066023442558567,-47.5
A996,1636103486759053,3.0066023442558567,-47.5
A996,1636103486765865,3.0127382674073995,-47.5
A996,1636103486773232,3.0066023442558567,-47.5
A996,1636103486786280,3.0066023442558567,-47.5
A996,1636103486795656,3.0127382674073995,-47.5
A996,1636103486803584,3.0250101137104846,-47.5
A996,1636103486814046,3.018874190558942,-47.5
A996,1636103486819224,3.0250101137104846,-47.5
A996,1636103486831289,3.067961575771282,-47.5
A996,1636103486838685,3.067961575771282,-47.0
A996,1636103486848075,3.0802334220743677,-47.5
A996,1636103486856858,3.08636934522591,-47.5
A996,1636103486865532,3.117048960983623,-47.5
A996,1636103486872604,3.117048960983623,-47.5
A996,1636103486883101,3.147728576741336,-47.5
A996,1636103486891820,3.153864499892878,-47.5
A996,1636103486903239,3.1784081924990484,-47.5
A996,1636103486912091,3.1784081924990484,-47.5
A996,1636103486921337,3.2213596545598464,-47.5
A996,1636103486931601,3.227495577711389,-47.5
A996,1636103486939866,3.2520392703175593,-47.5
A996,1636103486945510,3.2397674240144743,-47.0
A996,1636103486956577,3.2888548092268146,-47.0
A996,1636103486965540,3.3011266555298997,-47.0
A996,1636103486973309,3.3379421944391554,-47.0
A996,1636103486980282,3.313398501832985,-47.0
A996,1636103486992438,3.368621810196868,-47.0
A996,1636103487000043,3.368621810196868,-47.0
A996,1636103487007600,3.4054373491061236,-47.0
A996,1636103487018456,3.423845118560751,-47.0
A996,1636103487029405,3.4606606574700063,-47.0
A996,1636103487036456,3.454524734318464,-47.0
A996,1636103487048542,3.497476196379262,-47.0
A996,1636103487057004,3.5158839658338894,-46.5
A996,1636103487063569,3.5158839658338894,-47.0
A996,1636103487072577,3.5342917352885173,-47.0
A996,1636103487083314,3.5465635815916023,-47.0
A996,1636103487092674,3.56497135104623,-47.0
A996,1636103487101582,3.5833791205008576,-47.0
A996,1636103487110982,3.5711072741977725,-46.5
A996,1636103487118746,3.6079228131070282,-47.0
A996,1636103487129764,3.5833791205008576,-47.0
A996,1636103487137875,3.6140587362585705,-46.5
A996,1636103487147771,3.6263305825616556,-47.0
A996,1636103487156775,3.6386024288647407,-47.0
A996,1636103487162065,3.6324665057131984,-47.0
A996,1636103487171661,3.6570101983193686,-47.0
A996,1636103487182211,3.663146121470911,-47.0
A996,1636103487193761,3.6570101983193686,-47.0
A996,1636103487203111,3.6447383520162835,-47.0
A996,1636103487210174,3.6447383520162835,-47.0
A996,1636103487217116,3.6263305825616556,-47.0
A996,1636103487228746,3.6263305825616556,-47.0
A996,1636103487236003,3.6017868899554855,-47.0
A996,1636103487247964,3.5895150436524004,-47.0
A996,1636103487257743,3.5833791205008576,-47.0
A996,1636103487266090,3.5833791205008576,-47.0
A996,1636103487274658,3.5588354278946874,-47.5
A996,1636103487281749,3.5588354278946874,-47.5
A996,1636103487293220,3.5158839658338894,-47.5
A996,1636103487298591,3.497476196379262,-47.0
A996,1636103487308897,3.479068426924634,-47.5
A996,1636103487317498,3.454524734318464,-47.5
A996,1636103487328839,3.423845118560751,-47.5
A996,1636103487336957,3.4054373491061236,-47.5
A996,1636103487343753,3.3870295796514958,-47.5
A996,1636103487353963,3.3747577333484107,-47.5
A996,1636103487362913,3.3195344249845276,-47.5
A996,1636103487370571,3.3318062712876126,-48.0
A996,1636103487379416,3.2949907323783574,-48.0
A996,1636103487389715,3.2765829629237295,-48.0
A996,1636103487399178,3.2581751934691017,-48.0
A996,1636103487406045,3.2520392703175593,-48.0
A996,1636103487415959,3.2336315008629315,-48.0
A996,1636103487426014,3.2213596545598464,-48.0
A996,1636103487437162,3.1906800388021335,-48.5
A996,1636103487445251,3.184544115650591,-48.0
A996,1636103487455288,3.1661363461959633,-48.5
A996,1636103487464235,3.141592653589793,-48.5
A996,1636103487474301,3.1231848841351653,-48.5
A996,1636103487479132,3.1354567304382504,-48.5
A996,1636103487488921,3.1231848841351653,-48.5
A996,1636103487496491,3.08636934522591,-48.5
A996,1636103487509451,3.0495538063166547,-48.5
A996,1636103487515323,3.074097498922825,-48.5
A996,1636103487525116,3.067961575771282,-48.5
A996,1636103487535112,3.0802334220743677,-48.5
A996,1636103487543268,3.074097498922825,-48.5
A996,1636103487550550,3.074097498922825,-48.5
A996,1636103487562969,3.06182565261974,-48.5
A996,1636103487571015,3.0802334220743677,-48.5
A996,1636103487579108,3.08636934522591,-48.5
A996,1636103487587295,3.11091303783208,-48.5
A996,1636103487597536,3.104777114680538,-48.5
A996,1636103487608652,3.129320807286708,-48.5
A996,1636103487617565,3.117048960983623,-48.5
A996,1636103487623413,3.141592653589793,-48.5
A996,1636103487632143,3.141592653589793,-48.5
A996,1636103487640147,3.141592653589793,-48.5
A996,1636103487651113,3.160000423044421,-48.5
A996,1636103487657061,3.172272269347506,-48.5
A996,1636103487669952,3.1784081924990484,-48.5
A996,1636103487679940,3.2029518851052186,-48.5
A996,1636103487687711,3.2090878082567613,-48.5
A996,1636103487694742,3.227495577711389,-48.5
A996,1636103487703464,3.2581751934691017,-48.5
A996,1636103487712854,3.2581751934691017,-48.5
A996,1636103487724283,3.2888548092268146,-48.0
A996,1636103487732656,3.2888548092268146,-48.5
A996,1636103487739526,3.313398501832985,-48.5
A996,1636103487748941,3.313398501832985,-48.0
A996,1636103487759847,3.3502140407422405,-48.5
A996,1636103487766584,3.3502140407422405,-48.0
A996,1636103487775745,3.368621810196868,-48.0
A996,1636103487785970,3.380893656499953,-48.0
A996,1636103487794302,3.380893656499953,-48.0
A996,1636103487804682,3.4177091954092087,-48.0
A996,1636103487814335,3.442252888015379,-48.0
A996,1636103487824195,3.454524734318464,-48.0
A996,1636103487832020,3.466796580621549,-48.0
A996,1636103487840082,3.5036121195308043,-48.0
A996,1636103487848175,3.5158839658338894,-48.0
A996,1636103487855221,3.522019888985432,-48.0
A996,1636103487867913,3.5465635815916023,-48.0
A996,1636103487877870,3.6017868899554855,-48.0
A996,1636103487883505,3.5895150436524004,-48.0
A996,1636103487895084,3.6324665057131984,-48.0
A996,1636103487902922,3.6692820446224537,-48.0
A996,1636103487911865,3.706097583531709,-48.0
A996,1636103487919676,3.7122335066832517,-48.0
A996,1636103487929931,3.730641276137879,-48.0
A996,1636103487938626,3.761320891895592,-48.0
A996,1636103487945286,3.77972866135022,-48.0
A996,1636103487954767,3.822680123411018,-48.5
A996,1636103487964545,3.865631585471816,-48.5
A996,1636103487973233,3.877903431774901,-48.5
A996,1636103487983697,3.9208548938356986,-48.5
A996,1636103487991809,3.9392626632903265,-48.5
A996,1636103487999356,3.9944859716542096,-48.0
A996,1636103488010261,4.025165587411922,-48.0
A996,1636103488018325,4.074252972624263,-48.0
A996,1636103488029482,4.111068511533518,-48.0
A996,1636103488036115,4.147884050442774,-47.5
A996,1636103488046988,4.172427743048944,-47.5
A996,1636103488055721,4.2031073588066565,-47.5
A996,1636103488063972,4.25833066717054,-47.5
A996,1636103488073093,4.25833066717054,-47.5
A996,1636103488079858,4.289010282928253,-47.5
A996,1636103488090937,4.319689898685965,-47.5
A996,1636103488098573,4.368777283898306,-47.5
A996,1636103488110102,4.3933209765044765,-48.0
A996,1636103488116324,4.411728745959104,-47.5
A996,1636103488126562,4.460816131171445,-47.5
A996,1636103488135148,4.491495746929157,-47.5
A996,1636103488141558,4.516039439535327,-47.5
A996,1636103488151066,4.577398671050753,-48.0
A996,1636103488162439,4.614214209960009,-48.0
A996,1636103488171007,4.6448938257177215,-48.0
A996,1636103488177903,4.657165672020807,-48.0
A996,1636103488186853,4.700117134081604,-48.0
A996,1636103488200332,4.718524903536232,-48.0
A996,1636103488206505,4.73693267299086,-48.0
A996,1636103488218004,4.7307967498393175,-48.0
A996,1636103488223609,4.749204519293945,-48.0
A996,1636103488233036,4.76147636559703,-48.0
A996,1636103488243570,4.792155981354743,-48.0
A996,1636103488252023,4.7860200582032,-48.0
A996,1636103488262273,4.804427827657828,-48.0
A996,1636103488271190,4.81056375080937,-48.0
A996,1636103488279055,4.804427827657828,-47.5
A996,1636103488285502,4.822835597112456,-47.5
A996,1636103488298459,4.841243366567084,-47.5
A996,1636103488308003,4.841243366567084,-48.0
A996,1636103488315216,4.828971520263998,-48.0
A996,1636103488321988,4.822835597112456,-48.0
A996,1636103488334036,4.822835597112456,-48.0
A996,1636103488343707,4.822835597112456,-48.0
A996,1636103488351545,4.804427827657828,-48.0
A996,1636103488361368,4.804427827657828,-48.0
A996,1636103488369529,4.816699673960914,-48.0
A996,1636103488376197,4.792155981354743,-48.0
A996,1636103488386258,4.792155981354743,-48.0
A996,1636103488393324,4.804427827657828,-48.0
A996,1636103488407303,4.7860200582032,-48.0
A996,1636103488415612,4.798291904506286,-48.0
A996,1636103488422546,4.792155981354743,-48.5
A996,1636103488429988,4.767612288748572,-48.0
A996,1636103488438924,4.798291904506286,-48.0
A996,1636103488450766,4.7860200582032,-48.0
A996,1636103488459028,4.798291904506286,-48.0
A996,1636103488465739,4.798291904506286,-48.0
A996,1636103488478457,4.792155981354743,-48.0
A996,1636103488483096,4.822835597112456,-48.0
A996,1636103488492288,4.792155981354743,-48.0
A996,1636103488502172,4.81056375080937,-48.0
A996,1636103488513897,4.822835597112456,-48.0
A996,1636103488522011,4.816699673960914,-48.0
A996,1636103488530919,4.8351074434155406,-48.0
A996,1636103488538090,4.822835597112456,-48.0
A996,1636103488549789,4.816699673960914,-48.0
A996,1636103488556756,4.804427827657828,-48.5
A996,1636103488567884,4.822835597112456,-48.5
A996,1636103488574826,4.816699673960914,-48.5
A996,1636103488586323,4.798291904506286,-48.5
A996,1636103488594396,4.798291904506286,-48.5
A996,1636103488604201,4.81056375080937,-48.5
A996,1636103488611062,4.779884135051658,-48.5
A996,1636103488619832,4.816699673960914,-48.5
A996,1636103488630106,4.804427827657828,-48.5
A996,1636103488638199,4.822835597112456,-48.5
A996,1636103488657066,4.847379289718626,-48.5
A996,1636103488665170,4.847379289718626,-48.5
A996,1636103488674319,4.859651136021712,-48.0
A996,1636103488683320,4.865787059173254,-48.5
A996,1636103488692812,4.896466674930966,-48.0
A996,1636103488703092,4.878058905476339,-48.0
A996,1636103488710238,4.902602598082509,-48.0
A996,1636103488718986,4.908738521234052,-48.0
A996,1636103488728752,4.921010367537137,-48.5
A996,1636103488735731,4.914874444385594,-48.0
A996,1636103488744143,4.92714629068868,-48.5
A996,1636103488755495,4.908738521234052,-48.0
A996,1636103488764641,4.908738521234052,-48.5
A996,1636103488772489,4.921010367537137,-48.5
A996,1636103488783427,4.9394181369917645,-48.0
A996,1636103488792348,4.9394181369917645,-48.0
A996,1636103488800580,4.945554060143307,-48.0
A996,1636103488810004,4.945554060143307,-48.0
A996,1636103488817815,4.963961829597935,-48.0
A996,1636103488826488,4.957825906446392,-48.0
A996,1636103488838194,4.97623367590102,-48.0
A996,1636103488846314,4.957825906446392,-48.0
A996,1636103488851475,4.970097752749477,-48.0
A996,1636103488864395,4.970097752749477,-48.0
A996,1636103488872704,4.963961829597935,-48.0
A996,1636103488881855,4.97623367590102,-48.0
A996,1636103488890051,4.988505522204105,-48.0
A996,1636103488900079,4.994641445355648,-48.0
A996,1636103488905833,5.006913291658733,-48.0
A996,1636103488917411,5.00077736850719,-48.0
A996,1636103488927426,5.006913291658733,-48.0
A996,1636103488936624,4.994641445355648,-48.0
A996,1636103488943636,5.006913291658733,-48.0
A996,1636103488954561,5.037592907416445,-48.0
A996,1636103488961824,5.0253210611133605,-48.5
A996,1636103488972093,5.043728830567988,-48.0
A996,1636103488979881,5.043728830567988,-48.0
A996,1636103488988769,5.0253210611133605,-48.0
A996,1636103488998307,5.0682725231741586,-48.0
A996,1636103489008845,5.080544369477243,-48.0
A996,1636103489016403,5.0682725231741586,-48.0
A996,1636103489027330,5.117359908386499,-48.0
A996,1636103489034741,5.098952138931871,-48.0
A996,1636103489042561,5.123495831538041,-48.0
A996,1636103489052881,5.141903600992669,-48.0
A996,1636103489062161,5.154175447295755,-48.0
A996,1636103489071512,5.166447293598839,-48.0
A996,1636103489079630,5.197126909356553,-48.0
A996,1636103489087680,5.209398755659637,-48.0
A996,1636103489099381,5.221670601962723,-47.5
A996,1636103489106591,5.197126909356553,-48.0
A996,1636103489112340,5.2339424482658075,-48.0
A996,1636103489122576,5.252350217720435,-48.0
A996,1636103489132844,5.240078371417351,-48.0
A996,1636103489141198,5.283029833478148,-48.0
A996,1636103489150413,5.295301679781233,-48.0
A996,1636103489161232,5.350524988145116,-48.0
A996,1636103489167219,5.338253141842031,-48.0
A996,1636103489176722,5.338253141842031,-48.0
A996,1636103489187232,5.3627968344482015,-48.0
A996,1636103489195909,5.3627968344482015,-48.0
A996,1636103489204827,5.418020142812084,-48.0
A996,1636103489214846,5.405748296509,-48.0
A996,1636103489222291,5.393476450205914,-48.0
A996,1636103489231783,5.442563835418255,-48.0
A996,1636103489238300,5.436427912266712,-48.0
A996,1636103489250939,5.47937937432751,-48.0
A996,1636103489260113,5.43029198911517,-48.0
A996,1636103489269051,5.473243451175968,-48.0
A996,1636103489276495,5.4671075280244255,-48.0
A996,1636103489287060,5.4671075280244255,-48.0
A996,1636103489296222,5.485515297479052,-48.0
A996,1636103489304727,5.4671075280244255,-48.0
A996,1636103489311193,5.473243451175968,-48.0
A996,1636103489323187,5.491651220630596,-48.0
A996,1636103489332971,5.5100589900852235,-48.0
A996,1636103489339568,5.50392306693368,-48.0
A996,1636103489349577,5.5100589900852235,-48.0
A996,1636103489359299,5.497787143782138,-48.0
A996,1636103489365835,5.516194913236766,-48.0
A996,1636103489374499,5.522330836388308,-48.0
A996,1636103489384974,5.516194913236766,-48.0
A996,1636103489390730,5.491651220630596,-47.5
A996,1636103489403282,5.50392306693368,-48.0
A996,1636103489411435,5.5100589900852235,-47.5
A996,1636103489420908,5.473243451175968,-48.0
A996,1636103489429308,5.491651220630596,-48.0
A996,1636103489437170,5.485515297479052,-48.0
A996,1636103489448760,5.460971604872882,-48.0
A996,1636103489456881,5.497787143782138,-48.0
A996,1636103489464994,5.43029198911517,-48.0
A996,1636103489473251,5.50392306693368,-48.0
A996,1636103489484868,5.485515297479052,-48.0
A996,1636103489493173,5.47937937432751,-48.0
A996,1636103489502671,5.473243451175968,-48.0
A996,1636103489511803,5.460971604872882,-48.0
A996,1636103489520051,5.485515297479052,-48.0
A996,1636103489529916,5.473243451175968,-48.0
A996,1636103489537928,5.4671075280244255,-48.0
A996,1636103489548206,5.485515297479052,-48.0
A996,1636103489557345,5.47937937432751,-48.0
A996,1636103489564995,5.491651220630596,-48.0
A996,1636103489572818,5.516194913236766,-48.0
A996,1636103489584005,5.5284667595398505,-48.0
A996,1636103489593692,5.5100589900852235,-48.0
A996,1636103489602013,5.553010452146021,-48.0
A996,1636103489610413,5.540738605842936,-47.5
A996,1636103489620467,5.546874528994478,-47.5
A996,1636103489625566,5.540738605842936,-47.5
A996,1636103489636064,5.534602682691394,-47.5
A996,1636103489646020,5.577554144752192,-47.5
A996,1636103489653588,5.608233760509904,-47.5
A996,1636103489663807,5.620505606812989,-47.5
A996,1636103489674666,5.608233760509904,-47.5
A996,1636103489680249,5.6573211457222445,-47.5
A996,1636103489689401,5.632777453116074,-47.5
A996,1636103489700423,5.663457068873787,-47.0
A996,1636103489710122,5.66959299202533,-47.0
A996,1636103489718464,5.663457068873787,-47.0
A996,1636103489726674,5.688000761479957,-47.0
A996,1636103489736845,5.675728915176872,-47.0
A996,1636103489743578,5.66959299202533,-47.0
A996,1636103489752181,5.6941366846315,-47.0
A996,1636103489762968,5.675728915176872,-47.0
A996,1636103489771588,5.681864838328415,-47.0
A996,1636103489780259,5.681864838328415,-47.0
A996,1636103489790483,5.71868037723767,-47.0
A996,1636103489795672,5.712544454086128,-47.0
A996,1636103489806629,5.71868037723767,-47.0
A996,1636103489818337,5.688000761479957,-47.0
A996,1636103489822652,5.706408530934585,-47.0
A996,1636103489833384,5.71868037723767,-47.0
A996,1636103489841641,5.712544454086128,-46.5
A996,1636103489852085,5.6941366846315,-46.5
A996,1636103489862557,5.706408530934585,-46.5
A996,1636103489869543,5.730952223540755,-46.5
A996,1636103489877679,5.706408530934585,-46.5
A996,1636103489886877,5.6941366846315,-46.5
A996,1636103489898198,5.688000761479957,-46.5
A996,1636103489904349,5.71868037723767,-46.5
A996,1636103489916294,5.700272607783043,-46.5
A996,1636103489921929,5.700272607783043,-46.5
A996,1636103489934596,5.6941366846315,-46.5
A996,1636103489943284,5.681864838328415,-46.5
A996,1636103489951313,5.700272607783043,-46.5
A996,1636103489958538,5.6941366846315,-46.5
A996,1636103489968288,5.712544454086128,-46.5
A996,1636103489979638,5.724816300389213,-46.5
A996,1636103489987951,5.6941366846315,-46.5
A996,1636103489998067,5.700272607783043,-46.5
A996,1636103490004343,5.730952223540755,-46.5
A996,1636103490016005,5.712544454086128,-46.5
A996,1636103490023841,5.712544454086128,-46.0
A996,1636103490031672,5.71868037723767,-46.5
A996,1636103490041433,5.706408530934585,-46.5
A996,1636103490051410,5.730952223540755,-46.5
A996,1636103490057039,5.730952223540755,-46.5
A996,1636103490068608,5.71868037723767,-46.0
A996,1636103490075661,5.6941366846315,-46.0
A996,1636103490087017,5.743224069843841,-46.0
A996,1636103490096149,5.724816300389213,-46.5
A996,1636103490104185,5.730952223540755,-46.0
A996,1636103490110875,5.724816300389213,-46.5
A996,1636103490120524,5.755495916146925,-46.0
A996,1636103490132363,5.737088146692298,-46.0
A996,1636103490137060,5.773903685601553,-46.0
A996,1636103490148860,5.786175531904639,-46.0
A996,1636103490158924,5.798447378207723,-46.0
A996,1636103490167201,5.780039608753096,-46.0
A996,1636103490178153,5.810719224510809,-46.0
A996,1636103490183505,5.822991070813893,-46.0
A996,1636103490193458,5.835262917116979,-46.0
A996,1636103490199798,5.816855147662351,-46.0
A996,1636103490211295,5.841398840268521,-46.0
A996,1636103490218912,5.816855147662351,-46.0
A996,1636103490229179,5.835262917116979,-46.0
A996,1636103490237349,5.786175531904639,-46.0
A996,1636103490248949,5.786175531904639,-46.0
A996,1636103490258702,5.786175531904639,-46.0
A996,1636103490265496,5.755495916146925,-46.0
A996,1636103490274388,5.737088146692298,-46.0
A996,1636103490284877,5.755495916146925,-46.0
A996,1636103490289494,5.749359992995383,-46.0
A996,1636103490301333,5.730952223540755,-46.0
A996,1636103490309119,5.755495916146925,-46.0
A996,1636103490317453,5.749359992995383,-46.0
A996,1636103490328010,5.730952223540755,-46.0
A996,1636103490336287,5.71868037723767,-46.0
A996,1636103490344465,5.724816300389213,-46.0
A996,1636103490355464,5.71868037723767,-46.0
A996,1636103490363269,5.71868037723767,-46.0
A996,1636103490374737,5.71868037723767,-46.0
A996,1636103490383423,5.675728915176872,-46.0
A996,1636103490387954,5.706408530934585,-46.0
A996,1636103490400611,5.706408530934585,-46.0
A996,1636103490408094,5.688000761479957,-46.0
A996,1636103490418464,5.706408530934585,-46.0
A996,1636103490426521,5.706408530934585,-46.0
A996,1636103490434827,5.681864838328415,-46.0
A996,1636103490443320,5.663457068873787,-46.0
A996,1636103490451985,5.688000761479957,-45.5
A996,1636103490463542,5.66959299202533,-46.0
A996,1636103490473019,5.675728915176872,-46.0
A996,1636103490480607,5.638913376267617,-46.0
A996,1636103490489545,5.64504929941916,-46.0
A996,1636103490500650,5.651185222570702,-46.0
A996,1636103490507607,5.651185222570702,-46.0
A996,1636103490516776,5.608233760509904,-46.0
A996,1636103490523279,5.626641529964532,-46.0
A996,1636103490535492,5.626641529964532,-46.0
A996,1636103490543777,5.620505606812989,-46.0
A996,1636103490558682,5.602097837358362,-46.0
A996,1636103490569678,5.559146375297564,-46.0
A996,1636103490578611,5.546874528994478,-46.0
A996,1636103490585800,5.546874528994478,-46.0
A996,1636103490596302,5.5284667595398505,-46.5
A996,1636103490605519,5.522330836388308,-46.0
A996,1636103490611866,5.516194913236766,-46.5
A996,1636103490621396,5.516194913236766,-46.5
A996,1636103490632759,5.50392306693368,-46.5
A996,1636103490640558,5.473243451175968,-46.5
A996,1636103490648908,5.473243451175968,-46.5
A996,1636103490658884,5.4671075280244255,-46.0
A996,1636103490668648,5.448699758569798,-46.5
A996,1636103490677801,5.4671075280244255,-46.5
A996,1636103490686754,5.47937937432751,-46.5
A996,1636103490692609,5.436427912266712,-46.0
A996,1636103490703299,5.442563835418255,-46.5
A996,1636103490714545,5.43029198911517,-46.5
A996,1636103490722215,5.442563835418255,-46.0
A996,1636103490732590,5.43029198911517,-46.0
A996,1636103490738748,5.405748296509,-46.5
A996,1636103490748252,5.405748296509,-46.5
A996,1636103490757905,5.375068680751287,-46.0
A996,1636103490763217,5.375068680751287,-46.5
A996,1636103490776413,5.368932757599744,-46.0
A996,1636103490785353,5.344389064993574,-46.0
A996,1636103490794524,5.332117218690489,-46.0
A996,1636103490804479,5.307573526084319,-46.0
A996,1636103490811419,5.295301679781233,-46.0
A996,1636103490821401,5.313709449235861,-46.0
A996,1636103490828931,5.307573526084319,-46.0
A996,1636103490838645,5.307573526084319,-46.0
A996,1636103490844892,5.301437602932776,-46.0
A996,1636103490855878,5.289165756629691,-46.0
A996,1636103490862453,5.289165756629691,-46.0
A996,1636103490875065,5.283029833478148,-46.0
A996,1636103490884222,5.289165756629691,-46.0
A996,1636103490889844,5.258486140871978,-46.0
A996,1636103490901214,5.258486140871978,-46.0
A996,1636103490910578,5.270757987175063,-46.0
A996,1636103490919780,5.264622064023521,-46.0
A996,1636103490929903,5.258486140871978,-46.0
A996,1636103490936448,5.289165756629691,-46.0
A996,1636103490945312,5.2768939103266055,-46.0
A996,1636103490953965,5.252350217720435,-46.0
A996,1636103490962414,5.264622064023521,-46.0
A996,1636103490970468,5.264622064023521,-46.0
A996,1636103490981601,5.21553467881118,-46.0
A996,1636103490989952,5.209398755659637,-46.0
A996,1636103490998183,5.190990986205009,-46.0
A996,1636103491010408,5.160311370447297,-46.0
A996,1636103491016001,5.141903600992669,-46.0
A996,1636103491026377,5.135767677841127,-46.0
A996,1636103491035270,5.117359908386499,-46.0
A996,1636103491042637,5.105088062083414,-46.0
A996,1636103491054009,5.098952138931871,-46.0
A996,1636103491062609,5.086680292628786,-46.0
A996,1636103491068889,5.074408446325701,-46.0
A996,1636103491081573,5.086680292628786,-46.0
A996,1636103491088237,5.062136600022616,-46.0
A996,1636103491096940,5.043728830567988,-46.0
A996,1636103491105855,5.031456984264903,-46.5
A996,1636103491115825,5.049864753719531,-46.0
A996,1636103491125191,5.043728830567988,-46.5
A996,1636103491134986,5.019185137961818,-46.0
A996,1636103491140871,5.031456984264903,-46.0
A996,1636103491152537,5.043728830567988,-46.0
A996,1636103491158748,5.043728830567988,-46.5
A996,1636103491169707,5.013049214810275,-46.0
A996,1636103491177294,5.0253210611133605,-46.0
A996,1636103491187349,5.031456984264903,-46.5
A996,1636103491196861,5.0253210611133605,-46.5
A996,1636103491205569,5.0253210611133605,-46.5
A996,1636103491216691,5.043728830567988,-46.5
A996,1636103491225027,5.056000676871073,-46.0
A996,1636103491233737,5.049864753719531,-46.0
A996,1636103491241920,5.0682725231741586,-46.0
A996,1636103491248624,5.062136600022616,-46.0
A996,1636103491258653,5.086680292628786,-46.0
A996,1636103491269737,5.111223985234957,-46.0
A996,1636103491277777,5.111223985234957,-46.0
A996,1636103491288312,5.160311370447297,-46.0
A996,1636103491293440,5.160311370447297,-46.0
A996,1636103491305233,5.166447293598839,-46.0
A996,1636103491311264,5.203262832508095,-46.0
A996,1636103491322663,5.227806525114265,-46.5
A996,1636103491332067,5.240078371417351,-46.0
A996,1636103491342658,5.2768939103266055,-46.0
A996,1636103491349882,5.283029833478148,-46.5
A996,1636103491356926,5.307573526084319,-46.5
A996,1636103491366848,5.338253141842031,-46.0
A996,1636103491376842,5.350524988145116,-46.5
A996,1636103491385786,5.405748296509,-46.5
A996,1636103491395546,5.424156065963627,-46.5
A996,1636103491405333,5.442563835418255,-46.5
A996,1636103491412286,5.43029198911517,-46.5
A996,1636103491419600,5.460971604872882,-46.5
A996,1636103491431999,5.436427912266712,-46.5
A996,1636103491440677,5.460971604872882,-46.5
A996,1636103491446298,5.448699758569798,-46.5
A996,1636103491453855,5.460971604872882,-46.5
A996,1636103491467610,5.4671075280244255,-46.5
A996,1636103491471686,5.43029198911517,-46.5
A996,1636103491481559,5.448699758569798,-46.5
A996,1636103491490844,5.448699758569798,-46.5
A996,1636103491502402,5.436427912266712,-46.5
A996,1636103491509662,5.45483568172134,-46.5
A996,1636103491517773,5.436427912266712,-46.5
A996,1636103491528771,5.442563835418255,-46.5
A996,1636103491537592,5.442563835418255,-46.5
