A998,920.625,920.625,1642424728876931,-47.5,2.270291566070749,25.0,25.0
A998,920.625,920.625,1642424728882790,-47.5,2.2764274892222915,25.0,25.0
A998,920.625,920.625,1642424728895237,-47.5,2.2764274892222915,25.0,25.0
A998,920.625,920.625,1642424728906047,-47.5,2.3009711818284617,25.0,25.0
A998,920.625,920.625,1642424728911866,-47.5,2.2764274892222915,25.0,25.0
A998,920.625,920.625,1642424728920143,-47.5,2.2948352586769194,25.0,25.0
A998,920.625,920.625,1642424728930575,-47.5,2.282563412373834,25.0,25.0
A998,920.625,920.625,1642424728941339,-48.0,2.2764274892222915,25.0,25.0
A998,920.625,920.625,1642424728950101,-47.5,2.270291566070749,25.0,25.0
A998,920.625,920.625,1642424728958299,-47.5,2.2641556429192065,25.0,25.0
A998,921.625,920.625,1642424729106370,-49.0,2.1782527187976104,20.0,20.0
A998,921.625,920.625,1642424729116228,-49.0,2.172116795646068,20.0,20.0
A998,921.625,920.625,1642424729123338,-49.0,2.172116795646068,20.0,20.0
A998,921.625,920.625,1642424729134353,-48.5,2.172116795646068,20.0,20.0
A998,921.625,920.625,1642424729143926,-49.0,2.172116795646068,20.0,20.0
A998,921.625,920.625,1642424729150831,-49.0,2.1659808724945253,20.0,20.0
A998,921.625,920.625,1642424729162232,-49.0,2.172116795646068,20.0,20.0
A998,921.625,920.625,1642424729167210,-48.5,2.172116795646068,20.0,20.0
A998,921.625,920.625,1642424729178456,-48.5,2.1966604882522383,20.0,20.0
A998,921.625,920.625,1642424729185710,-49.0,2.172116795646068,20.0,20.0
A998,921.625,920.625,1642424729197579,-49.0,2.1905245651006955,20.0,20.0
A998,923.625,920.625,1642424729302431,-48.5,2.2027964114037806,22.5,22.5
A998,923.625,920.625,1642424729308501,-48.0,2.1966604882522383,22.5,22.5
A998,923.625,920.625,1642424729322103,-48.5,2.1905245651006955,22.5,22.5
A998,923.625,920.625,1642424729329388,-48.5,2.1966604882522383,22.5,22.5
A998,923.625,920.625,1642424729335642,-48.5,2.227340104009951,22.5,22.5
A998,923.625,920.625,1642424729347323,-48.5,2.2027964114037806,22.5,22.5
A998,923.625,920.625,1642424729357131,-48.5,2.2212041808584084,22.5,22.5
A998,923.625,920.625,1642424729363065,-48.5,2.2089323345553233,22.5,22.5
A998,923.625,920.625,1642424729372908,-48.5,2.1905245651006955,22.5,22.5
A998,923.625,920.625,1642424729383739,-48.5,2.184388641949153,22.5,22.5
A998,923.625,920.625,1642424729391628,-48.0,2.1905245651006955,22.5,22.5
A998,921.625,920.625,1642424729490753,-48.0,2.2457478734645786,25.0,25.0
A998,921.625,920.625,1642424729501380,-48.0,2.2580197197676637,25.0,25.0
A998,921.625,920.625,1642424729511031,-48.0,2.2396119503130363,25.0,25.0
A998,921.625,920.625,1642424729520633,-48.0,2.227340104009951,25.0,25.0
A998,921.625,920.625,1642424729528707,-48.0,2.2457478734645786,25.0,25.0
A998,921.625,920.625,1642424729536602,-48.0,2.2150682577068657,25.0,25.0
A998,921.625,920.625,1642424729546655,-48.0,2.2457478734645786,25.0,25.0
A998,921.625,920.625,1642424729556117,-48.0,2.2457478734645786,25.0,25.0
A998,921.625,920.625,1642424729567075,-48.0,2.2457478734645786,25.0,25.0
A998,921.625,920.625,1642424729572761,-48.0,2.2580197197676637,25.0,25.0
A998,921.625,920.625,1642424729584350,-48.0,2.2580197197676637,25.0,25.0
A998,923.125,920.625,1642424729671560,-48.0,2.270291566070749,25.0,25.0
A998,923.125,920.625,1642424729683435,-48.0,2.2948352586769194,25.0,25.0
A998,923.125,920.625,1642424729692517,-48.0,2.270291566070749,25.0,25.0
A998,923.125,920.625,1642424729701539,-48.0,2.2948352586769194,25.0,25.0
A998,923.125,920.625,1642424729710488,-48.0,2.3009711818284617,25.0,25.0
A998,923.125,920.625,1642424729720599,-48.0,2.2948352586769194,25.0,25.0
A998,923.125,920.625,1642424729730183,-48.0,2.3071071049800045,25.0,25.0
A998,923.125,920.625,1642424729737974,-48.0,2.3071071049800045,25.0,25.0
A998,923.125,920.625,1642424729748418,-48.0,2.2886993355253766,25.0,25.0
A998,923.125,920.625,1642424729756292,-48.0,2.3071071049800045,25.0,25.0
A998,922.125,920.625,1642424729879573,-47.5,2.405281875404685,30.0,30.0
A998,922.125,920.625,1642424729884727,-47.0,2.411417798556228,30.0,30.0
A998,922.125,920.625,1642424729895303,-47.5,2.4175537217077703,30.0,30.0
A998,922.125,920.625,1642424729907597,-47.5,2.429825568010856,30.0,30.0
A998,922.125,920.625,1642424729912224,-47.5,2.429825568010856,30.0,30.0
A998,922.125,920.625,1642424729924415,-47.5,2.405281875404685,30.0,30.0
A998,922.125,920.625,1642424729934887,-47.5,2.405281875404685,30.0,30.0
A998,922.125,920.625,1642424729942391,-47.0,2.4175537217077703,30.0,30.0
A998,922.125,920.625,1642424729948728,-47.0,2.4175537217077703,30.0,30.0
A998,922.125,920.625,1642424729960391,-47.0,2.423689644859313,30.0,30.0
A998,923.125,920.625,1642424730050390,-48.5,2.2764274892222915,22.5,22.5
A998,923.125,920.625,1642424730063316,-48.5,2.282563412373834,22.5,22.5
A998,923.125,920.625,1642424730067890,-48.5,2.2641556429192065,22.5,22.5
A998,923.125,920.625,1642424730079367,-48.5,2.270291566070749,22.5,22.5
A998,923.125,920.625,1642424730087031,-48.5,2.2886993355253766,22.5,22.5
A998,923.125,920.625,1642424730099325,-48.5,2.270291566070749,22.5,22.5
A998,923.125,920.625,1642424730108500,-48.5,2.2764274892222915,22.5,22.5
A998,923.125,920.625,1642424730118374,-48.5,2.282563412373834,22.5,22.5
A998,923.125,920.625,1642424730126449,-48.5,2.2948352586769194,22.5,22.5
A998,923.125,920.625,1642424730135836,-48.5,2.2886993355253766,22.5,22.5
A998,923.125,920.625,1642424730146677,-48.5,2.282563412373834,22.5,22.5
A998,923.125,920.625,1642424730154109,-48.5,2.2948352586769194,22.5,22.5
A998,923.625,920.625,1642424730246476,-49.0,2.282563412373834,20.0,20.0
A998,923.625,920.625,1642424730256518,-49.0,2.2948352586769194,20.0,20.0
A998,923.625,920.625,1642424730266196,-49.0,2.3071071049800045,20.0,20.0
A998,923.625,920.625,1642424730274945,-49.5,2.313243028131547,20.0,20.0
A998,923.625,920.625,1642424730284519,-49.0,2.2948352586769194,20.0,20.0
A998,923.625,920.625,1642424730291557,-49.5,2.2886993355253766,20.0,20.0
A998,923.625,920.625,1642424730301559,-49.0,2.2886993355253766,20.0,20.0
A998,923.625,920.625,1642424730310822,-49.0,2.282563412373834,20.0,20.0
A998,923.625,920.625,1642424730319736,-49.5,2.3316507975861747,20.0,20.0
A998,923.625,920.625,1642424730329220,-49.5,2.282563412373834,20.0,20.0
A998,923.625,920.625,1642424730335240,-49.5,2.2948352586769194,20.0,20.0
A998,921.625,920.625,1642424730425910,-49.0,2.2764274892222915,20.0,20.0
A998,921.625,920.625,1642424730436357,-49.5,2.2518837966161214,20.0,20.0
A998,921.625,920.625,1642424730443252,-49.5,2.2580197197676637,20.0,20.0
A998,921.625,920.625,1642424730454081,-49.5,2.2641556429192065,20.0,20.0
A998,921.625,920.625,1642424730464610,-49.5,2.2457478734645786,20.0,20.0
A998,921.625,920.625,1642424730473174,-49.5,2.2641556429192065,20.0,20.0
A998,921.625,920.625,1642424730483782,-49.5,2.2396119503130363,20.0,20.0
A998,921.625,920.625,1642424730491497,-49.5,2.2396119503130363,20.0,20.0
A998,921.625,920.625,1642424730498489,-49.5,2.2212041808584084,20.0,20.0
A998,921.625,920.625,1642424730510533,-49.5,2.227340104009951,20.0,20.0
A998,921.125,920.625,1642424730613458,-49.0,2.2212041808584084,22.5,22.5
A998,921.125,920.625,1642424730620664,-49.0,2.227340104009951,22.5,22.5
A998,921.125,920.625,1642424730629659,-49.0,2.2396119503130363,22.5,22.5
A998,921.125,920.625,1642424730638624,-49.0,2.2212041808584084,22.5,22.5
A998,921.125,920.625,1642424730645321,-49.0,2.2334760271614935,22.5,22.5
A998,921.125,920.625,1642424730656378,-49.0,2.227340104009951,22.5,22.5
A998,921.125,920.625,1642424730667804,-49.0,2.2212041808584084,22.5,22.5
A998,921.125,920.625,1642424730674302,-49.0,2.227340104009951,22.5,22.5
A998,921.125,920.625,1642424730683049,-49.0,2.2150682577068657,22.5,22.5
A998,921.125,920.625,1642424730693593,-49.0,2.2212041808584084,22.5,22.5
A998,921.125,920.625,1642424730702636,-49.0,2.2212041808584084,22.5,22.5
A998,921.625,921.625,1642424730791752,-48.0,1.7978254834019713,25.0,25.0
A998,921.625,921.625,1642424730803109,-48.0,1.8039614065535141,25.0,25.0
A998,921.625,921.625,1642424730808670,-48.0,1.8100973297050567,25.0,25.0
A998,921.625,921.625,1642424730821930,-48.0,1.8100973297050567,25.0,25.0
A998,921.625,921.625,1642424730830555,-48.0,1.7978254834019713,25.0,25.0
A998,921.625,921.625,1642424730837642,-48.0,1.7978254834019713,25.0,25.0
A998,921.625,921.625,1642424730848456,-48.0,1.8100973297050567,25.0,25.0
A998,921.625,921.625,1642424730856307,-48.0,1.8039614065535141,25.0,25.0
A998,921.625,921.625,1642424730864355,-48.0,1.8039614065535141,25.0,25.0
A998,921.625,921.625,1642424730872686,-48.0,1.7916895602504288,25.0,25.0
A998,922.625,921.625,1642424730975147,-47.5,1.8775924843720249,30.0,30.0
A998,922.625,921.625,1642424730983695,-47.5,1.8714565612204823,30.0,30.0
A998,922.625,921.625,1642424730994017,-47.5,1.8714565612204823,30.0,30.0
A998,922.625,921.625,1642424731001063,-47.5,1.8714565612204823,30.0,30.0
A998,922.625,921.625,1642424731011364,-47.5,1.8714565612204823,30.0,30.0
A998,922.625,921.625,1642424731019738,-47.5,1.8837284075235674,30.0,30.0
A998,922.625,921.625,1642424731025794,-47.5,1.8714565612204823,30.0,30.0
A998,922.625,921.625,1642424731038516,-47.5,1.8775924843720249,30.0,30.0
A998,922.625,921.625,1642424731045313,-47.5,1.8837284075235674,30.0,30.0
A998,922.625,921.625,1642424731052891,-47.5,1.8653206380689396,30.0,30.0
A998,922.625,921.625,1642424731063523,-47.5,1.8837284075235674,30.0,30.0
A998,923.625,921.625,1642424731149566,-48.0,1.7916895602504288,25.0,25.0
A998,923.625,921.625,1642424731154536,-48.0,1.7794177139473437,25.0,25.0
A998,923.625,921.625,1642424731165680,-48.0,1.7671458676442586,25.0,25.0
A998,923.625,921.625,1642424731175777,-48.0,1.7794177139473437,25.0,25.0
A998,923.625,921.625,1642424731182109,-48.0,1.7794177139473437,25.0,25.0
A998,923.625,921.625,1642424731194066,-48.0,1.7794177139473437,25.0,25.0
A998,923.625,921.625,1642424731201901,-48.0,1.7794177139473437,25.0,25.0
A998,923.625,921.625,1642424731209839,-48.0,1.7732817907958012,25.0,25.0
A998,923.625,921.625,1642424731220494,-48.0,1.7794177139473437,25.0,25.0
A998,923.625,921.625,1642424731231487,-48.0,1.7732817907958012,25.0,25.0
A998,923.625,921.625,1642424731325935,-48.5,1.718058482431918,25.0,25.0
A998,923.625,921.625,1642424731334606,-48.5,1.7241944055834606,25.0,25.0
A998,923.625,921.625,1642424731346418,-48.5,1.7426021750380885,25.0,25.0
A998,923.625,921.625,1642424731350989,-48.5,1.718058482431918,25.0,25.0
A998,923.625,921.625,1642424731364238,-48.5,1.6996507129772904,25.0,25.0
A998,923.625,921.625,1642424731370126,-48.5,1.705786636128833,25.0,25.0
A998,923.625,921.625,1642424731380268,-48.5,1.7119225592803755,25.0,25.0
A998,923.625,921.625,1642424731389204,-48.5,1.6996507129772904,25.0,25.0
A998,923.625,921.625,1642424731400199,-48.5,1.6873788666742053,25.0,25.0
A998,923.625,921.625,1642424731408758,-48.5,1.6935147898257479,25.0,25.0
A998,920.625,921.625,1642424731501514,-48.5,1.6812429435226628,25.0,25.0
A998,920.625,921.625,1642424731510436,-48.5,1.6812429435226628,25.0,25.0
A998,920.625,921.625,1642424731519449,-48.5,1.6873788666742053,25.0,25.0
A998,920.625,921.625,1642424731527907,-48.5,1.6812429435226628,25.0,25.0
A998,920.625,921.625,1642424731538308,-48.5,1.6751070203711202,25.0,25.0
A998,920.625,921.625,1642424731545600,-48.5,1.662835174068035,25.0,25.0
A998,920.625,921.625,1642424731555162,-48.5,1.6689710972195777,25.0,25.0
A998,920.625,921.625,1642424731565240,-48.5,1.662835174068035,25.0,25.0
A998,920.625,921.625,1642424731574387,-48.5,1.6812429435226628,25.0,25.0
A998,920.625,921.625,1642424731579565,-48.5,1.6566992509164924,25.0,25.0
A998,920.625,921.625,1642424731670587,-49.5,1.6382914814618648,22.5,22.5
A998,920.625,921.625,1642424731683802,-49.5,1.6260196351587797,22.5,22.5
A998,920.625,921.625,1642424731692189,-49.5,1.607611865704152,22.5,22.5
A998,920.625,921.625,1642424731700643,-49.5,1.6198837120072371,22.5,22.5
A998,920.625,921.625,1642424731709049,-49.0,1.607611865704152,22.5,22.5
A998,920.625,921.625,1642424731719938,-49.0,1.6014759425526093,22.5,22.5
A998,920.625,921.625,1642424731728938,-49.5,1.6260196351587797,22.5,22.5
A998,920.625,921.625,1642424731734343,-49.5,1.6014759425526093,22.5,22.5
A998,920.625,921.625,1642424731746524,-49.5,1.607611865704152,22.5,22.5
A998,920.625,921.625,1642424731755870,-49.5,1.6137477888556946,22.5,22.5
A998,920.625,921.625,1642424731835199,-48.5,1.6198837120072371,25.0,25.0
A998,920.625,921.625,1642424731847288,-48.5,1.6014759425526093,25.0,25.0
A998,920.625,921.625,1642424731855656,-48.5,1.6137477888556946,25.0,25.0
A998,920.625,921.625,1642424731866391,-48.5,1.6137477888556946,25.0,25.0
A998,920.625,921.625,1642424731872075,-49.0,1.6014759425526093,25.0,25.0
A998,920.625,921.625,1642424731883999,-48.5,1.5892040962495242,25.0,25.0
A998,920.625,921.625,1642424731892964,-48.5,1.6014759425526093,25.0,25.0
A998,920.625,921.625,1642424731901091,-48.5,1.6014759425526093,25.0,25.0
A998,920.625,921.625,1642424731906926,-49.0,1.5953400194010667,25.0,25.0
A998,920.625,921.625,1642424731919119,-48.5,1.5892040962495242,25.0,25.0
A998,920.625,921.625,1642424731929835,-48.5,1.5892040962495242,25.0,25.0
A998,921.625,921.625,1642424732017292,-50.0,1.5033011721279284,20.0,20.0
A998,921.625,921.625,1642424732025379,-50.0,1.509437095279471,20.0,20.0
A998,921.625,921.625,1642424732031239,-50.0,1.509437095279471,20.0,20.0
A998,921.625,921.625,1642424732045335,-49.5,1.4971652489763858,20.0,20.0
A998,921.625,921.625,1642424732053508,-49.5,1.4910293258248433,20.0,20.0
A998,921.625,921.625,1642424732061381,-50.0,1.4910293258248433,20.0,20.0
A998,921.625,921.625,1642424732069517,-50.0,1.4726215563702154,20.0,20.0
A998,921.625,921.625,1642424732080033,-50.0,1.4787574795217582,20.0,20.0
A998,921.625,921.625,1642424732087706,-49.5,1.4726215563702154,20.0,20.0
A998,921.625,921.625,1642424732098892,-50.0,1.4726215563702154,20.0,20.0
A998,920.625,921.625,1642424732187920,-48.0,1.6014759425526093,30.0,30.0
A998,920.625,921.625,1642424732194642,-48.0,1.6014759425526093,30.0,30.0
A998,920.625,921.625,1642424732204978,-48.0,1.6014759425526093,30.0,30.0
A998,920.625,921.625,1642424732215043,-48.0,1.6014759425526093,30.0,30.0
A998,920.625,921.625,1642424732224010,-48.0,1.607611865704152,30.0,30.0
A998,920.625,921.625,1642424732231873,-48.0,1.5953400194010667,30.0,30.0
A998,920.625,921.625,1642424732241943,-48.0,1.6014759425526093,30.0,30.0
A998,920.625,921.625,1642424732249038,-48.0,1.5953400194010667,30.0,30.0
A998,920.625,921.625,1642424732258770,-48.0,1.6014759425526093,30.0,30.0
A998,920.625,921.625,1642424732267480,-48.0,1.576932249946439,30.0,30.0
A998,920.625,921.625,1642424732360173,-49.0,1.4358060174609601,22.5,22.5
A998,920.625,921.625,1642424732368469,-49.0,1.4296700943094176,22.5,22.5
A998,920.625,921.625,1642424732376595,-49.0,1.4480778637640452,22.5,22.5
A998,920.625,921.625,1642424732383473,-49.0,1.4051264017032472,22.5,22.5
A998,920.625,921.625,1642424732395429,-49.0,1.4173982480063325,22.5,22.5
A998,920.625,921.625,1642424732403265,-49.0,1.4419419406125027,22.5,22.5
A998,920.625,921.625,1642424732414666,-49.0,1.4173982480063325,22.5,22.5
A998,920.625,921.625,1642424732422268,-49.0,1.4419419406125027,22.5,22.5
A998,920.625,921.625,1642424732431271,-49.0,1.4051264017032472,22.5,22.5
A998,920.625,921.625,1642424732441318,-49.0,1.3989904785517047,22.5,22.5
A998,923.125,921.625,1642424732534218,-48.0,1.4971652489763858,30.0,30.0
A998,923.125,921.625,1642424732545936,-48.0,1.4971652489763858,30.0,30.0
A998,923.125,921.625,1642424732550515,-48.0,1.5033011721279284,30.0,30.0
A998,923.125,921.625,1642424732561401,-48.0,1.5278448647340985,30.0,30.0
A998,923.125,921.625,1642424732571033,-48.0,1.509437095279471,30.0,30.0
A998,923.125,921.625,1642424732580723,-48.0,1.4910293258248433,30.0,30.0
A998,923.125,921.625,1642424732587279,-48.0,1.5033011721279284,30.0,30.0
A998,923.125,921.625,1642424732597310,-48.0,1.4910293258248433,30.0,30.0
A998,923.125,921.625,1642424732606286,-48.0,1.4971652489763858,30.0,30.0
A998,923.125,921.625,1642424732614968,-48.0,1.4848934026733007,30.0,30.0
A998,922.625,922.625,1642424732706526,-48.5,0.8774370106705868,22.5,22.5
A998,922.625,922.625,1642424732712997,-48.5,0.8897088569736719,22.5,22.5
A998,922.625,922.625,1642424732723773,-48.5,0.8651651643675016,22.5,22.5
A998,922.625,922.625,1642424732732898,-48.5,0.8897088569736719,22.5,22.5
A998,922.625,922.625,1642424732739826,-48.5,0.8713010875190442,22.5,22.5
A998,922.625,922.625,1642424732750717,-48.5,0.8713010875190442,22.5,22.5
A998,922.625,922.625,1642424732756816,-48.5,0.9019807032767571,22.5,22.5
A998,922.625,922.625,1642424732769847,-49.0,0.8897088569736719,22.5,22.5
A998,922.625,922.625,1642424732776936,-48.5,0.8835729338221293,22.5,22.5
A998,922.625,922.625,1642424732783682,-48.5,0.8835729338221293,22.5,22.5
A998,920.625,922.625,1642424732878728,-49.5,0.8467573949128739,20.0,20.0
A998,920.625,922.625,1642424732886898,-49.5,0.8406214717613314,20.0,20.0
A998,920.625,922.625,1642424732893178,-49.0,0.8283496254582462,20.0,20.0
A998,920.625,922.625,1642424732902870,-49.5,0.8344855486097889,20.0,20.0
A998,920.625,922.625,1642424732914635,-49.5,0.859029241215959,20.0,20.0
A998,920.625,922.625,1642424732921801,-49.0,0.8344855486097889,20.0,20.0
A998,920.625,922.625,1642424732931522,-49.0,0.8406214717613314,20.0,20.0
A998,920.625,922.625,1642424732942568,-49.5,0.8344855486097889,20.0,20.0
A998,920.625,922.625,1642424732951662,-49.5,0.8467573949128739,20.0,20.0
A998,923.625,922.625,1642424733046213,-47.5,0.9817477042468103,30.0,30.0
A998,923.625,922.625,1642424733052137,-47.5,0.9572040116406401,30.0,30.0
A998,923.625,922.625,1642424733063092,-47.5,0.9878836273983529,30.0,30.0
A998,923.625,922.625,1642424733071472,-47.5,0.9694758579437253,30.0,30.0
A998,923.625,922.625,1642424733082758,-47.5,0.9756117810952678,30.0,30.0
A998,923.625,922.625,1642424733091724,-47.5,0.9756117810952678,30.0,30.0
A998,923.625,922.625,1642424733097717,-47.5,0.9694758579437253,30.0,30.0
A998,923.625,922.625,1642424733108241,-47.5,0.9572040116406401,30.0,30.0
A998,923.625,922.625,1642424733115430,-47.5,0.9633399347921826,30.0,30.0
A998,923.625,922.625,1642424733124618,-47.5,0.9510680884890975,30.0,30.0
A998,921.125,922.625,1642424733205609,-47.5,0.944932165337555,30.0,30.0
A998,921.125,922.625,1642424733213313,-47.5,0.9326603190344698,30.0,30.0
A998,921.125,922.625,1642424733224418,-47.5,0.9387962421860124,30.0,30.0
A998,921.125,922.625,1642424733232991,-47.5,0.9326603190344698,30.0,30.0
A998,921.125,922.625,1642424733243339,-47.5,0.9081166264282996,30.0,30.0
A998,921.125,922.625,1642424733251137,-47.5,0.9326603190344698,30.0,30.0
A998,921.125,922.625,1642424733262332,-47.5,0.9203884727313847,30.0,30.0
A998,921.125,922.625,1642424733267819,-47.5,0.9081166264282996,30.0,30.0
A998,921.125,922.625,1642424733281447,-47.5,0.9081166264282996,30.0,30.0
A998,921.125,922.625,1642424733289366,-47.5,0.9081166264282996,30.0,30.0
A998,921.125,922.625,1642424733296857,-47.5,0.9019807032767571,30.0,30.0
A998,923.125,922.625,1642424733384404,-48.0,0.8283496254582462,27.5,27.5
A998,923.125,922.625,1642424733391179,-48.0,0.8160777791551611,27.5,27.5
A998,923.125,922.625,1642424733403468,-48.0,0.7976700097005334,27.5,27.5
A998,923.125,922.625,1642424733407579,-48.0,0.7915340865489908,27.5,27.5
A998,923.125,922.625,1642424733421418,-48.0,0.803805932852076,27.5,27.5
A998,923.125,922.625,1642424733429789,-48.0,0.7915340865489908,27.5,27.5
A998,923.125,922.625,1642424733436765,-48.0,0.7915340865489908,27.5,27.5
A998,923.125,922.625,1642424733446294,-48.0,0.7792622402459057,27.5,27.5
A998,923.125,922.625,1642424733453863,-48.0,0.7792622402459057,27.5,27.5
A998,923.125,922.625,1642424733466737,-48.0,0.7915340865489908,27.5,27.5
A998,923.125,922.625,1642424733477951,-48.0,0.7669903939428205,27.5,27.5
A998,923.125,922.625,1642424733557646,-49.0,0.6013204688511713,20.0,20.0
A998,923.125,922.625,1642424733565344,-49.0,0.6258641614573416,20.0,20.0
A998,923.125,922.625,1642424733575434,-49.5,0.619728238305799,20.0,20.0
A998,923.125,922.625,1642424733583844,-49.0,0.619728238305799,20.0,20.0
A998,923.125,922.625,1642424733591492,-49.0,0.607456392002714,20.0,20.0
A998,923.125,922.625,1642424733603815,-49.5,0.607456392002714,20.0,20.0
A998,923.125,922.625,1642424733609511,-49.0,0.5890486225480862,20.0,20.0
A998,923.125,922.625,1642424733618530,-49.0,0.5890486225480862,20.0,20.0
A998,923.125,922.625,1642424733628590,-49.5,0.5890486225480862,20.0,20.0
A998,923.125,922.625,1642424733639169,-49.0,0.5767767762450011,20.0,20.0
A998,923.125,922.625,1642424733645469,-49.0,0.5767767762450011,20.0,20.0
A998,924.125,922.625,1642424733730342,-47.5,0.619728238305799,27.5,27.5
A998,924.125,922.625,1642424733740827,-48.0,0.6013204688511713,27.5,27.5
A998,924.125,922.625,1642424733749750,-48.0,0.619728238305799,27.5,27.5
A998,924.125,922.625,1642424733758161,-48.0,0.5951845456996288,27.5,27.5
A998,924.125,922.625,1642424733763807,-48.0,0.607456392002714,27.5,27.5
A998,924.125,922.625,1642424733774152,-47.5,0.5890486225480862,27.5,27.5
A998,924.125,922.625,1642424733781772,-48.0,0.619728238305799,27.5,27.5
A998,924.125,922.625,1642424733791921,-47.5,0.6013204688511713,27.5,27.5
A998,924.125,922.625,1642424733803153,-48.0,0.5951845456996288,27.5,27.5
A998,924.125,922.625,1642424733812195,-48.0,0.5951845456996288,27.5,27.5
A998,924.125,922.625,1642424733820758,-48.0,0.5890486225480862,27.5,27.5
A998,922.125,922.625,1642424733900835,-48.5,0.5399612373357456,22.5,22.5
A998,922.125,922.625,1642424733908528,-48.5,0.5031456984264903,22.5,22.5
A998,922.125,922.625,1642424733918621,-48.5,0.521553467881118,22.5,22.5
A998,922.125,922.625,1642424733930083,-48.5,0.521553467881118,22.5,22.5
A998,922.125,922.625,1642424733936323,-48.5,0.521553467881118,22.5,22.5
A998,922.125,922.625,1642424733948041,-48.5,0.521553467881118,22.5,22.5
A998,922.125,922.625,1642424733953714,-48.5,0.5338253141842031,22.5,22.5
A998,922.125,922.625,1642424733966859,-48.5,0.5154175447295755,22.5,22.5
A998,922.125,922.625,1642424733973856,-48.5,0.5276893910326605,22.5,22.5
A998,922.125,922.625,1642424733984532,-48.5,0.521553467881118,22.5,22.5
A998,922.125,922.625,1642424733989443,-48.5,0.521553467881118,22.5,22.5
A998,920.625,922.625,1642424734083710,-49.0,0.4295146206079795,20.0,20.0
A998,920.625,922.625,1642424734093048,-49.5,0.44178646691106466,20.0,20.0
A998,920.625,922.625,1642424734099029,-49.5,0.4356505437595221,20.0,20.0
A998,920.625,922.625,1642424734107833,-49.0,0.4295146206079795,20.0,20.0
A998,920.625,922.625,1642424734119919,-49.0,0.4295146206079795,20.0,20.0
A998,920.625,922.625,1642424734126443,-49.0,0.4356505437595221,20.0,20.0
A998,920.625,922.625,1642424734137433,-49.5,0.42337869745643697,20.0,20.0
A998,920.625,922.625,1642424734144848,-49.0,0.42337869745643697,20.0,20.0
A998,920.625,922.625,1642424734154029,-49.0,0.4111068511533518,20.0,20.0
A998,920.625,922.625,1642424734165707,-49.5,0.42337869745643697,20.0,20.0
A998,922.125,922.625,1642424734261827,-49.5,0.3620194659410113,20.0,20.0
A998,922.125,922.625,1642424734271902,-49.0,0.3620194659410113,20.0,20.0
A998,922.125,922.625,1642424734276843,-49.0,0.35588354278946877,20.0,20.0
A998,922.125,922.625,1642424734286283,-49.0,0.3436116964863836,20.0,20.0
A998,922.125,922.625,1642424734297111,-49.0,0.3620194659410113,20.0,20.0
A998,922.125,922.625,1642424734304530,-49.5,0.3436116964863836,20.0,20.0
A998,922.125,922.625,1642424734316205,-49.5,0.36815538909255385,20.0,20.0
A998,922.125,922.625,1642424734321947,-49.5,0.34974761963792617,20.0,20.0
A998,922.125,922.625,1642424734335556,-49.0,0.3190680038802134,20.0,20.0
A998,922.125,922.625,1642424734342322,-49.0,0.35588354278946877,20.0,20.0
A998,922.625,922.625,1642424734422692,-48.0,0.3988350048502667,27.5,27.5
A998,922.625,922.625,1642424734430400,-48.0,0.380427235395639,27.5,27.5
A998,922.625,922.625,1642424734440696,-48.0,0.380427235395639,27.5,27.5
A998,922.625,922.625,1642424734451886,-48.0,0.4049709280018093,27.5,27.5
A998,922.625,922.625,1642424734458906,-48.0,0.37429131224409645,27.5,27.5
A998,922.625,922.625,1642424734467271,-48.0,0.380427235395639,27.5,27.5
A998,922.625,922.625,1642424734478000,-48.0,0.36815538909255385,27.5,27.5
A998,922.625,922.625,1642424734485944,-48.0,0.35588354278946877,27.5,27.5
A998,922.625,922.625,1642424734497127,-48.0,0.34974761963792617,27.5,27.5
A998,922.625,922.625,1642424734501960,-48.0,0.36815538909255385,27.5,27.5
A998,922.625,922.625,1642424734512489,-48.0,0.34974761963792617,27.5,27.5
A998,921.625,921.625,1642424734598552,-48.0,0.8467573949128739,30.0,30.0
A998,921.625,921.625,1642424734608434,-48.0,0.8099418560036186,30.0,30.0
A998,921.625,921.625,1642424734614785,-48.5,0.8283496254582462,30.0,30.0
A998,921.625,921.625,1642424734625924,-48.5,0.8222137023067037,30.0,30.0
A998,921.625,921.625,1642424734635846,-48.0,0.8222137023067037,30.0,30.0
A998,921.625,921.625,1642424734645709,-48.0,0.8222137023067037,30.0,30.0
A998,921.625,921.625,1642424734653185,-48.5,0.7976700097005334,30.0,30.0
A998,921.625,921.625,1642424734659492,-48.0,0.803805932852076,30.0,30.0
A998,921.625,921.625,1642424734669785,-48.5,0.7915340865489908,30.0,30.0
A998,921.625,921.625,1642424734680489,-48.5,0.8099418560036186,30.0,30.0
A998,921.625,921.625,1642424734688443,-48.5,0.7976700097005334,30.0,30.0
A998,920.625,921.625,1642424734774828,-48.5,0.760854470791278,30.0,30.0
A998,920.625,921.625,1642424734783736,-48.5,0.7485826244881929,30.0,30.0
A998,920.625,921.625,1642424734793430,-48.5,0.7363107781851077,30.0,30.0
A998,920.625,921.625,1642424734803118,-48.5,0.7485826244881929,30.0,30.0
A998,920.625,921.625,1642424734809677,-48.5,0.7424467013366504,30.0,30.0
A998,920.625,921.625,1642424734821084,-48.5,0.7485826244881929,30.0,30.0
A998,920.625,921.625,1642424734826745,-48.5,0.7424467013366504,30.0,30.0
A998,920.625,921.625,1642424734841214,-48.5,0.7424467013366504,30.0,30.0
A998,920.625,921.625,1642424734848524,-48.5,0.7485826244881929,30.0,30.0
A998,920.625,921.625,1642424734855633,-48.5,0.7363107781851077,30.0,30.0
A998,920.625,921.625,1642424734866751,-48.5,0.7301748550335652,30.0,30.0
A998,922.625,921.625,1642424734944358,-48.0,0.6810874698212247,30.0,30.0
A998,922.625,921.625,1642424734953895,-48.5,0.6504078540635119,30.0,30.0
A998,922.625,921.625,1642424734960741,-48.0,0.6565437772150544,30.0,30.0
A998,922.625,921.625,1642424734971323,-48.0,0.6565437772150544,30.0,30.0
A998,922.625,921.625,1642424734978065,-48.5,0.6504078540635119,30.0,30.0
A998,922.625,921.625,1642424734989223,-48.5,0.6442719309119693,30.0,30.0
A998,922.625,921.625,1642424734997686,-48.5,0.6258641614573416,30.0,30.0
A998,922.625,921.625,1642424735005782,-48.5,0.6320000846088841,30.0,30.0
A998,922.625,921.625,1642424735016072,-48.0,0.6320000846088841,30.0,30.0
A998,922.625,921.625,1642424735025099,-48.5,0.6381360077604268,30.0,30.0
A998,922.625,921.625,1642424735035132,-48.0,0.607456392002714,30.0,30.0
A998,924.125,921.625,1642424735115400,-49.0,0.4908738521234052,25.0,25.0
A998,924.125,921.625,1642424735123539,-49.0,0.48473792897186263,25.0,25.0
A998,924.125,921.625,1642424735132997,-48.5,0.4724660826687775,25.0,25.0
A998,924.125,921.625,1642424735141649,-49.0,0.4908738521234052,25.0,25.0
A998,924.125,921.625,1642424735150624,-48.5,0.4663301595172349,25.0,25.0
A998,924.125,921.625,1642424735160330,-49.0,0.47860200582032003,25.0,25.0
A998,924.125,921.625,1642424735167877,-48.5,0.4663301595172349,25.0,25.0
A998,924.125,921.625,1642424735175510,-48.5,0.4724660826687775,25.0,25.0
A998,924.125,921.625,1642424735187749,-49.0,0.4479223900626072,25.0,25.0
A998,924.125,921.625,1642424735196786,-49.0,0.4540583132141498,25.0,25.0
A998,924.125,921.625,1642424735206618,-49.0,0.4479223900626072,25.0,25.0
A998,922.125,921.625,1642424735290331,-49.5,0.36815538909255385,22.5,22.5
A998,922.125,921.625,1642424735299326,-49.5,0.3865631585471816,22.5,22.5
A998,922.125,921.625,1642424735305108,-49.5,0.30679615757712825,22.5,22.5
A998,922.125,921.625,1642424735316270,-49.5,0.42337869745643697,22.5,22.5
A998,922.125,921.625,1642424735324731,-49.5,0.3620194659410113,22.5,22.5
A998,922.125,921.625,1642424735338220,-49.5,0.3620194659410113,22.5,22.5
A998,922.125,921.625,1642424735346907,-49.5,0.35588354278946877,22.5,22.5
A998,922.125,921.625,1642424735354684,-49.5,0.3620194659410113,22.5,22.5
A998,922.125,921.625,1642424735361524,-49.5,0.3436116964863836,22.5,22.5
A998,922.125,921.625,1642424735369472,-49.5,0.34974761963792617,22.5,22.5
A998,922.125,921.625,1642424735382421,-49.5,0.3313398501832985,22.5,22.5
A998,921.125,921.625,1642424735461830,-50.5,0.2761165418194154,20.0,20.0
A998,921.125,921.625,1642424735469508,-50.5,0.2699806186678728,20.0,20.0
A998,921.125,921.625,1642424735480675,-50.5,0.25157284921324513,20.0,20.0
A998,921.125,921.625,1642424735490396,-50.0,0.2638446955163303,20.0,20.0
A998,921.125,921.625,1642424735495785,-50.0,0.2638446955163303,20.0,20.0
A998,921.125,921.625,1642424735507486,-50.5,0.2454369260617026,20.0,20.0
A998,921.125,921.625,1642424735517592,-50.5,0.25157284921324513,20.0,20.0
A998,921.125,921.625,1642424735526847,-50.5,0.23316507975861744,20.0,20.0
A998,921.125,921.625,1642424735533753,-50.5,0.2454369260617026,20.0,20.0
A998,921.125,921.625,1642424735545192,-50.5,0.2270291566070749,20.0,20.0
A998,921.125,921.625,1642424735551118,-50.5,0.23930100291016002,20.0,20.0
A998,921.625,921.625,1642424735636680,-50.0,0.23316507975861744,22.5,22.5
A998,921.625,921.625,1642424735647845,-50.0,0.23316507975861744,22.5,22.5
A998,921.625,921.625,1642424735657289,-50.0,0.25770877236478773,22.5,22.5
A998,921.625,921.625,1642424735667738,-50.0,0.20248546400090464,22.5,22.5
A998,921.625,921.625,1642424735673875,-50.0,0.2270291566070749,22.5,22.5
A998,921.625,921.625,1642424735681301,-50.0,0.23930100291016002,22.5,22.5
A998,921.625,921.625,1642424735693558,-50.0,0.2270291566070749,22.5,22.5
A998,921.625,921.625,1642424735699505,-50.0,0.23316507975861744,22.5,22.5
A998,921.625,921.625,1642424735710659,-50.0,0.23316507975861744,22.5,22.5
A998,921.625,921.625,1642424735720765,-50.0,0.2270291566070749,22.5,22.5
A998,921.625,921.625,1642424735730448,-50.0,0.2270291566070749,22.5,22.5
A998,921.125,921.625,1642424735809288,-50.5,0.1718058482431918,20.0,20.0
A998,921.125,921.625,1642424735816834,-50.5,0.16566992509164924,20.0,20.0
A998,921.125,921.625,1642424735827473,-50.5,0.1902136176978195,20.0,20.0
A998,921.125,921.625,1642424735834520,-50.5,0.16566992509164924,20.0,20.0
A998,921.125,921.625,1642424735845052,-51.0,0.16566992509164924,20.0,20.0
A998,921.125,921.625,1642424735855316,-50.5,0.16566992509164924,20.0,20.0
A998,921.125,921.625,1642424735859643,-51.0,0.1595340019401067,20.0,20.0
A998,921.125,921.625,1642424735868421,-51.0,0.1595340019401067,20.0,20.0
A998,921.125,921.625,1642424735880520,-50.5,0.14726215563702155,20.0,20.0
A998,921.125,921.625,1642424735888180,-50.5,0.1349903093339364,20.0,20.0
A998,921.125,921.625,1642424735898243,-50.5,0.14726215563702155,20.0,20.0
A998,921.125,921.625,1642424735908814,-50.5,0.14112623248547898,20.0,20.0
A998,924.125,921.625,1642424735984236,-51.0,0.11044661672776616,20.0,20.0
A998,924.125,921.625,1642424735998205,-50.5,0.12885438618239387,20.0,20.0
A998,924.125,921.625,1642424736002820,-51.0,0.15339807878856412,20.0,20.0
A998,924.125,921.625,1642424736014248,-51.0,0.12885438618239387,20.0,20.0
A998,924.125,921.625,1642424736024283,-50.5,0.14726215563702155,20.0,20.0
A998,924.125,921.625,1642424736034030,-51.0,0.1227184630308513,20.0,20.0
A998,924.125,921.625,1642424736040305,-51.0,0.1349903093339364,20.0,20.0
A998,924.125,921.625,1642424736050857,-51.0,0.1227184630308513,20.0,20.0
A998,924.125,921.625,1642424736060286,-51.0,0.12885438618239387,20.0,20.0
A998,924.125,921.625,1642424736066096,-50.5,0.1227184630308513,20.0,20.0
A998,924.125,921.625,1642424736076383,-51.0,0.1227184630308513,20.0,20.0
A998,923.125,921.625,1642424736163697,-51.0,0.1227184630308513,20.0,20.0
A998,923.125,921.625,1642424736173430,-51.0,0.12885438618239387,20.0,20.0
A998,923.125,921.625,1642424736184653,-51.0,0.11658253987930872,20.0,20.0
A998,923.125,921.625,1642424736193111,-51.0,0.1043106935762236,20.0,20.0
A998,923.125,921.625,1642424736201713,-51.0,0.1227184630308513,20.0,20.0
A998,923.125,921.625,1642424736210685,-51.0,0.09203884727313846,20.0,20.0
A998,923.125,921.625,1642424736221646,-51.0,0.12885438618239387,20.0,20.0
A998,923.125,921.625,1642424736229471,-51.0,0.09203884727313846,20.0,20.0
A998,923.125,921.625,1642424736235959,-51.0,0.09817477042468103,20.0,20.0
A998,923.125,921.625,1642424736244454,-51.0,0.09203884727313846,20.0,20.0
A998,923.125,921.625,1642424736328545,-51.0,0.09817477042468103,20.0,20.0
A998,923.125,921.625,1642424736339364,-51.0,0.11658253987930872,20.0,20.0
A998,923.125,921.625,1642424736351140,-51.0,0.1043106935762236,20.0,20.0
A998,923.125,921.625,1642424736358699,-50.5,0.11044661672776616,20.0,20.0
A998,923.125,921.625,1642424736368530,-51.0,0.1043106935762236,20.0,20.0
A998,923.125,921.625,1642424736376441,-51.0,0.0859029241215959,20.0,20.0
A998,923.125,921.625,1642424736383429,-50.5,0.0859029241215959,20.0,20.0
A998,923.125,921.625,1642424736393021,-51.0,0.11044661672776616,20.0,20.0
A998,923.125,921.625,1642424736401338,-51.0,0.1043106935762236,20.0,20.0
A998,923.125,921.625,1642424736413837,-51.0,0.09817477042468103,20.0,20.0
A998,923.125,921.625,1642424736423659,-51.0,0.09203884727313846,20.0,20.0
A998,922.125,922.125,1642424736511084,-51.0,6.117515382087937,20.0,20.0
A998,922.125,922.125,1642424736519666,-51.0,6.117515382087937,20.0,20.0
A998,922.125,922.125,1642424736528422,-51.0,6.105243535784852,20.0,20.0
A998,922.125,922.125,1642424736538121,-51.0,6.129787228391022,20.0,20.0
A998,922.125,922.125,1642424736548093,-51.0,6.14819499784565,20.0,20.0
A998,922.125,922.125,1642424736553750,-51.0,6.111379458936394,20.0,20.0
A998,922.125,922.125,1642424736564947,-51.0,6.135923151542564,20.0,20.0
A998,922.125,922.125,1642424736571349,-51.0,6.117515382087937,20.0,20.0
A998,922.125,922.125,1642424736583442,-51.0,6.111379458936394,20.0,20.0
A998,922.125,922.125,1642424736592911,-51.0,6.117515382087937,20.0,20.0
A998,922.125,922.125,1642424736672510,-50.0,6.1850105367549055,25.0,25.0
A998,922.125,922.125,1642424736683611,-50.0,6.166602767300278,25.0,25.0
A998,922.125,922.125,1642424736693048,-50.0,6.17273869045182,25.0,25.0
A998,922.125,922.125,1642424736703158,-50.0,6.191146459906448,25.0,25.0
A998,922.125,922.125,1642424736710597,-50.0,6.1850105367549055,25.0,25.0
A998,922.125,922.125,1642424736717982,-50.0,6.1850105367549055,25.0,25.0
A998,922.125,922.125,1642424736728000,-50.0,6.2034183062095325,25.0,25.0
A998,922.125,922.125,1642424736736096,-50.0,6.191146459906448,25.0,25.0
A998,922.125,922.125,1642424736747834,-50.0,6.191146459906448,25.0,25.0
A998,922.125,922.125,1642424736754016,-50.0,6.209554229361076,25.0,25.0
A998,922.125,922.125,1642424736762931,-50.0,6.191146459906448,25.0,25.0
A998,924.125,922.125,1642424736853338,-49.5,0.01227184630308513,30.0,30.0
A998,924.125,922.125,1642424736862926,-49.0,0.05522330836388308,30.0,30.0
A998,924.125,922.125,1642424736870456,-49.5,0.02454369260617026,30.0,30.0
A998,924.125,922.125,1642424736878964,-49.0,0.030679615757712823,30.0,30.0
A998,924.125,922.125,1642424736891036,-49.5,0.03681553890925539,30.0,30.0
A998,924.125,922.125,1642424736899135,-49.0,0.03681553890925539,30.0,30.0
A998,924.125,922.125,1642424736907502,-49.0,0.03681553890925539,30.0,30.0
A998,924.125,922.125,1642424736914929,-49.0,0.04908738521234052,30.0,30.0
A998,924.125,922.125,1642424736927452,-49.0,0.02454369260617026,30.0,30.0
A998,924.125,922.125,1642424736931993,-49.0,0.06135923151542565,30.0,30.0
A998,920.625,922.125,1642424737015494,-49.5,0.018407769454627694,27.5,27.5
A998,920.625,922.125,1642424737026754,-49.5,6.270913460876501,27.5,27.5
A998,920.625,922.125,1642424737036226,-49.5,0.018407769454627694,27.5,27.5
A998,920.625,922.125,1642424737043370,-49.5,0.02454369260617026,27.5,27.5
A998,920.625,922.125,1642424737051551,-49.5,6.270913460876501,27.5,27.5
A998,920.625,922.125,1642424737061647,-49.5,0.006135923151542565,27.5,27.5
A998,920.625,922.125,1642424737068514,-49.5,0.006135923151542565,27.5,27.5
A998,920.625,922.125,1642424737082203,-49.5,0.006135923151542565,27.5,27.5
A998,920.625,922.125,1642424737086476,-49.5,0.018407769454627694,27.5,27.5
A998,920.625,922.125,1642424737096808,-49.5,0.02454369260617026,27.5,27.5
A998,920.625,922.125,1642424737108265,-49.5,0.030679615757712823,27.5,27.5
A998,922.625,922.125,1642424737193331,-51.0,6.2463697682703305,20.0,20.0
A998,922.625,922.125,1642424737203760,-51.0,0.006135923151542565,20.0,20.0
A998,922.625,922.125,1642424737213341,-50.5,0.02454369260617026,20.0,20.0
A998,922.625,922.125,1642424737220115,-51.0,0.018407769454627694,20.0,20.0
A998,922.625,922.125,1642424737232494,-51.0,0.0,20.0,20.0
A998,922.625,922.125,1642424737240631,-51.0,0.018407769454627694,20.0,20.0
A998,922.625,922.125,1642424737248779,-50.5,0.01227184630308513,20.0,20.0
A998,922.625,922.125,1642424737256237,-51.0,0.04908738521234052,20.0,20.0
A998,922.625,922.125,1642424737267739,-51.0,0.018407769454627694,20.0,20.0
A998,922.625,922.125,1642424737273180,-50.5,0.018407769454627694,20.0,20.0
A998,921.625,922.125,1642424737362073,-50.5,0.05522330836388308,20.0,20.0
A998,921.625,922.125,1642424737368666,-50.5,0.04908738521234052,20.0,20.0
A998,921.625,922.125,1642424737380572,-50.5,0.0859029241215959,20.0,20.0
A998,921.625,922.125,1642424737388535,-50.5,0.0674951546669682,20.0,20.0
A998,921.625,922.125,1642424737397998,-50.5,0.0859029241215959,20.0,20.0
A998,921.625,922.125,1642424737405938,-50.5,0.07976700097005335,20.0,20.0
A998,921.625,922.125,1642424737417321,-50.5,0.09817477042468103,20.0,20.0
A998,921.625,922.125,1642424737425100,-50.5,0.0674951546669682,20.0,20.0
A998,921.625,922.125,1642424737432157,-50.5,0.0859029241215959,20.0,20.0
A998,921.625,922.125,1642424737443020,-50.5,0.09817477042468103,20.0,20.0
A998,921.625,922.125,1642424737450135,-50.0,0.09203884727313846,20.0,20.0
A998,924.125,922.125,1642424737538562,-48.0,0.30066023442558565,30.0,30.0
A998,924.125,922.125,1642424737549201,-48.0,0.30066023442558565,30.0,30.0
A998,924.125,922.125,1642424737559026,-48.0,0.28838838812250056,30.0,30.0
A998,924.125,922.125,1642424737567426,-48.0,0.28838838812250056,30.0,30.0
A998,924.125,922.125,1642424737576868,-48.0,0.3129320807286708,30.0,30.0
A998,924.125,922.125,1642424737585737,-48.0,0.3313398501832985,30.0,30.0
A998,924.125,922.125,1642424737593994,-48.0,0.3190680038802134,30.0,30.0
A998,924.125,922.125,1642424737605264,-48.0,0.3129320807286708,30.0,30.0
A998,924.125,922.125,1642424737611608,-48.0,0.32520392703175593,30.0,30.0
A998,924.125,922.125,1642424737619915,-48.0,0.35588354278946877,30.0,30.0
A998,922.125,922.125,1642424737711594,-50.0,0.2086213871524472,20.0,20.0
A998,922.125,922.125,1642424737721003,-50.0,0.2270291566070749,20.0,20.0
A998,922.125,922.125,1642424737729798,-50.0,0.22089323345553233,20.0,20.0
A998,922.125,922.125,1642424737737925,-50.0,0.21475731030398976,20.0,20.0
A998,922.125,922.125,1642424737746543,-50.0,0.22089323345553233,20.0,20.0
A998,922.125,922.125,1642424737757839,-50.0,0.23930100291016002,20.0,20.0
A998,922.125,922.125,1642424737764220,-50.0,0.2270291566070749,20.0,20.0
A998,922.125,922.125,1642424737770860,-50.0,0.23930100291016002,20.0,20.0
A998,922.125,922.125,1642424737781429,-50.0,0.25157284921324513,20.0,20.0
A998,922.125,922.125,1642424737789823,-50.0,0.2638446955163303,20.0,20.0
A998,922.125,922.125,1642424737802941,-50.0,0.25770877236478773,20.0,20.0
A998,922.625,922.125,1642424737877543,-49.5,0.28225246497095796,20.0,20.0
A998,922.625,922.125,1642424737889618,-49.5,0.30679615757712825,20.0,20.0
A998,922.625,922.125,1642424737896411,-49.5,0.3129320807286708,20.0,20.0
A998,922.625,922.125,1642424737905016,-49.5,0.32520392703175593,20.0,20.0
A998,922.625,922.125,1642424737915442,-49.5,0.3190680038802134,20.0,20.0
A998,922.625,922.125,1642424737924321,-49.5,0.3190680038802134,20.0,20.0
A998,922.625,922.125,1642424737931458,-49.5,0.3436116964863836,20.0,20.0
A998,922.625,922.125,1642424737941164,-49.5,0.34974761963792617,20.0,20.0
A998,922.625,922.125,1642424737949414,-49.5,0.3374757733348411,20.0,20.0
A998,922.625,922.125,1642424737956594,-49.5,0.3436116964863836,20.0,20.0
A998,922.625,922.125,1642424737970830,-49.5,0.34974761963792617,20.0,20.0
A998,921.625,922.125,1642424738050028,-48.0,0.5522330836388308,30.0,30.0
A998,921.625,922.125,1642424738058408,-48.0,0.5276893910326605,30.0,30.0
A998,921.625,922.125,1642424738068541,-47.5,0.5399612373357456,30.0,30.0
A998,921.625,922.125,1642424738078616,-48.0,0.5583690067903734,30.0,30.0
A998,921.625,922.125,1642424738089609,-48.0,0.5399612373357456,30.0,30.0
A998,921.625,922.125,1642424738098084,-48.0,0.5522330836388308,30.0,30.0
A998,921.625,922.125,1642424738107492,-48.0,0.5645049299419159,30.0,30.0
A998,921.625,922.125,1642424738117325,-48.0,0.5645049299419159,30.0,30.0
A998,921.625,922.125,1642424738123027,-47.5,0.5767767762450011,30.0,30.0
A998,921.625,922.125,1642424738135385,-47.5,0.5706408530934585,30.0,30.0
A998,921.625,922.125,1642424738142932,-48.0,0.5767767762450011,30.0,30.0
A998,921.125,922.125,1642424738250383,-49.5,0.4479223900626072,20.0,20.0
A998,921.125,922.125,1642424738259156,-49.5,0.4479223900626072,20.0,20.0
A998,921.125,922.125,1642424738267904,-49.5,0.46019423636569234,20.0,20.0
A998,921.125,922.125,1642424738277835,-49.5,0.46019423636569234,20.0,20.0
A998,921.125,922.125,1642424738284999,-49.5,0.4724660826687775,20.0,20.0
A998,921.125,922.125,1642424738294455,-49.5,0.4663301595172349,20.0,20.0
A998,921.125,922.125,1642424738304346,-49.5,0.4908738521234052,20.0,20.0
A998,921.125,922.125,1642424738310232,-49.5,0.4663301595172349,20.0,20.0
A998,921.125,922.125,1642424738320320,-49.5,0.47860200582032003,20.0,20.0
A998,921.125,922.125,1642424738329736,-49.5,0.4908738521234052,20.0,20.0
A998,923.625,923.625,1642424738414101,-48.0,6.166602767300278,27.5,27.5
A998,923.625,923.625,1642424738421928,-48.0,6.191146459906448,27.5,27.5
A998,923.625,923.625,1642424738432361,-48.0,6.191146459906448,27.5,27.5
A998,923.625,923.625,1642424738441236,-48.0,6.19728238305799,27.5,27.5
A998,923.625,923.625,1642424738449969,-48.0,6.2034183062095325,27.5,27.5
A998,923.625,923.625,1642424738459559,-48.0,6.191146459906448,27.5,27.5
A998,923.625,923.625,1642424738467340,-48.0,6.209554229361076,27.5,27.5
A998,923.625,923.625,1642424738474754,-48.0,6.209554229361076,27.5,27.5
A998,923.625,923.625,1642424738486793,-48.0,6.22182607566416,27.5,27.5
A998,923.625,923.625,1642424738495414,-48.0,6.2034183062095325,27.5,27.5
A998,923.625,923.625,1642424738505235,-48.0,6.227961998815704,27.5,27.5
A998,920.625,923.625,1642424738576050,-48.5,6.191146459906448,25.0,25.0
A998,920.625,923.625,1642424738589077,-48.5,6.19728238305799,25.0,25.0
A998,920.625,923.625,1642424738598271,-48.5,6.19728238305799,25.0,25.0
A998,920.625,923.625,1642424738608384,-48.5,6.19728238305799,25.0,25.0
A998,920.625,923.625,1642424738614367,-48.5,6.215690152512618,25.0,25.0
A998,920.625,923.625,1642424738622042,-48.5,6.215690152512618,25.0,25.0
A998,920.625,923.625,1642424738631029,-48.5,6.209554229361076,25.0,25.0
A998,920.625,923.625,1642424738642104,-48.5,6.19728238305799,25.0,25.0
A998,920.625,923.625,1642424738651460,-48.5,6.215690152512618,25.0,25.0
A998,920.625,923.625,1642424738661190,-48.5,6.215690152512618,25.0,25.0
A998,920.625,923.625,1642424738668568,-48.5,6.209554229361076,25.0,25.0
A998,920.625,923.625,1642424738676429,-48.5,6.22182607566416,25.0,25.0
A998,922.625,923.625,1642424738754461,-49.5,6.154330920997192,20.0,20.0
A998,922.625,923.625,1642424738762110,-49.5,6.154330920997192,20.0,20.0
A998,922.625,923.625,1642424738771648,-49.5,6.14819499784565,20.0,20.0
A998,922.625,923.625,1642424738782641,-49.5,6.17273869045182,20.0,20.0
A998,922.625,923.625,1642424738791607,-49.5,6.17273869045182,20.0,20.0
A998,922.625,923.625,1642424738798126,-49.5,6.160466844148735,20.0,20.0
A998,922.625,923.625,1642424738810429,-49.5,6.160466844148735,20.0,20.0
A998,922.625,923.625,1642424738816087,-49.5,6.14819499784565,20.0,20.0
A998,922.625,923.625,1642424738825293,-49.5,6.160466844148735,20.0,20.0
A998,922.625,923.625,1642424738836942,-49.5,6.154330920997192,20.0,20.0
A998,922.625,923.625,1642424738842844,-49.5,6.160466844148735,20.0,20.0
A998,923.125,923.625,1642424738926547,-48.0,6.264777537724958,27.5,27.5
A998,923.125,923.625,1642424738937967,-48.0,6.270913460876501,27.5,27.5
A998,923.125,923.625,1642424738946294,-48.0,6.240233845118788,27.5,27.5
A998,923.125,923.625,1642424738955043,-48.0,6.264777537724958,27.5,27.5
A998,923.125,923.625,1642424738964248,-48.0,6.277049384028044,27.5,27.5
A998,923.125,923.625,1642424738969865,-48.0,6.270913460876501,27.5,27.5
A998,923.125,923.625,1642424738980210,-48.5,6.252505691421874,27.5,27.5
A998,923.125,923.625,1642424738991011,-48.0,6.264777537724958,27.5,27.5
A998,923.125,923.625,1642424738999769,-48.0,6.258641614573416,27.5,27.5
A998,923.125,923.625,1642424739009896,-48.0,6.270913460876501,27.5,27.5
A998,923.125,923.625,1642424739019911,-48.0,6.277049384028044,27.5,27.5
A998,923.125,923.625,1642424739110300,-47.5,0.04908738521234052,30.0,30.0
A998,923.125,923.625,1642424739116093,-47.5,0.0674951546669682,30.0,30.0
A998,923.125,923.625,1642424739128604,-48.0,0.06135923151542565,30.0,30.0
A998,923.125,923.625,1642424739136976,-48.0,0.06135923151542565,30.0,30.0
A998,923.125,923.625,1642424739146830,-48.0,0.07363107781851078,30.0,30.0
A998,923.125,923.625,1642424739156135,-48.0,0.04908738521234052,30.0,30.0
A998,923.125,923.625,1642424739165055,-48.0,0.05522330836388308,30.0,30.0
A998,923.125,923.625,1642424739173034,-48.0,0.07363107781851078,30.0,30.0
A998,923.125,923.625,1642424739184052,-48.0,0.07363107781851078,30.0,30.0
A998,923.125,923.625,1642424739191897,-48.0,0.06135923151542565,30.0,30.0
A998,923.125,923.625,1642424739201663,-48.0,0.07363107781851078,30.0,30.0
A998,923.125,923.625,1642424739208942,-48.0,0.07363107781851078,30.0,30.0
A998,924.125,923.625,1642424739287150,-48.5,6.215690152512618,25.0,25.0
A998,924.125,923.625,1642424739299514,-48.5,6.209554229361076,25.0,25.0
A998,924.125,923.625,1642424739304465,-48.5,6.234097921967246,25.0,25.0
A998,924.125,923.625,1642424739316586,-48.5,6.22182607566416,25.0,25.0
A998,924.125,923.625,1642424739326355,-48.5,6.2463697682703305,25.0,25.0
A998,924.125,923.625,1642424739333461,-48.5,6.19728238305799,25.0,25.0
A998,924.125,923.625,1642424739343341,-48.5,6.240233845118788,25.0,25.0
A998,924.125,923.625,1642424739352610,-48.5,6.227961998815704,25.0,25.0
A998,924.125,923.625,1642424739361596,-48.5,6.209554229361076,25.0,25.0
A998,924.125,923.625,1642424739372522,-48.5,6.234097921967246,25.0,25.0
A998,924.125,923.625,1642424739378402,-48.5,6.209554229361076,25.0,25.0
A998,921.125,923.625,1642424739456840,-48.0,0.0,30.0,30.0
A998,921.125,923.625,1642424739463613,-48.0,0.02454369260617026,30.0,30.0
A998,921.125,923.625,1642424739471665,-48.0,0.018407769454627694,30.0,30.0
A998,921.125,923.625,1642424739481181,-48.0,0.01227184630308513,30.0,30.0
A998,921.125,923.625,1642424739494192,-48.0,0.0,30.0,30.0
A998,921.125,923.625,1642424739499508,-48.0,0.0,30.0,30.0
A998,921.125,923.625,1642424739510047,-48.0,0.0,30.0,30.0
A998,921.125,923.625,1642424739519270,-48.0,0.006135923151542565,30.0,30.0
A998,921.125,923.625,1642424739526677,-48.0,6.270913460876501,30.0,30.0
A998,921.125,923.625,1642424739540086,-48.0,6.252505691421874,30.0,30.0
A998,921.125,923.625,1642424739548153,-48.0,6.277049384028044,30.0,30.0
A998,921.125,923.625,1642424739553354,-48.0,6.252505691421874,30.0,30.0
A998,922.125,923.625,1642424739630941,-49.5,6.068427996875596,20.0,20.0
A998,922.125,923.625,1642424739641035,-49.5,6.062292073724054,20.0,20.0
A998,922.125,923.625,1642424739649136,-49.5,6.068427996875596,20.0,20.0
A998,922.125,923.625,1642424739660071,-49.5,6.050020227420969,20.0,20.0
A998,922.125,923.625,1642424739666269,-49.0,6.050020227420969,20.0,20.0
A998,922.125,923.625,1642424739676647,-49.5,6.031612457966341,20.0,20.0
A998,922.125,923.625,1642424739684867,-49.5,6.050020227420969,20.0,20.0
A998,922.125,923.625,1642424739694807,-49.5,6.043884304269426,20.0,20.0
A998,922.125,923.625,1642424739704664,-49.5,6.056156150572511,20.0,20.0
A998,922.125,923.625,1642424739713877,-49.5,6.043884304269426,20.0,20.0
A998,922.125,923.625,1642424739722437,-49.5,6.037748381117884,20.0,20.0
A998,921.625,923.625,1642424739802983,-48.0,6.2034183062095325,30.0,30.0
A998,921.625,923.625,1642424739812002,-48.0,6.1850105367549055,30.0,30.0
A998,921.625,923.625,1642424739821336,-48.0,6.209554229361076,30.0,30.0
A998,921.625,923.625,1642424739830364,-48.0,6.19728238305799,30.0,30.0
A998,921.625,923.625,1642424739840168,-48.0,6.166602767300278,30.0,30.0
A998,921.625,923.625,1642424739848935,-48.0,6.191146459906448,30.0,30.0
A998,921.625,923.625,1642424739856982,-48.0,6.1850105367549055,30.0,30.0
A998,921.625,923.625,1642424739865988,-48.0,6.1850105367549055,30.0,30.0
A998,921.625,923.625,1642424739874737,-48.0,6.1850105367549055,30.0,30.0
A998,921.625,923.625,1642424739885569,-48.0,6.19728238305799,30.0,30.0
A998,921.625,923.625,1642424739892647,-48.0,6.19728238305799,30.0,30.0
A998,921.625,923.625,1642424739901038,-48.0,6.160466844148735,30.0,30.0
A998,921.625,923.625,1642424739976023,-48.0,6.025476534814799,25.0,25.0
A998,921.625,923.625,1642424739986369,-48.0,6.037748381117884,25.0,25.0
A998,921.625,923.625,1642424739996715,-48.0,6.031612457966341,25.0,25.0
A998,921.625,923.625,1642424740003919,-48.5,6.050020227420969,25.0,25.0
A998,921.625,923.625,1642424740014008,-48.5,6.050020227420969,25.0,25.0
A998,921.625,923.625,1642424740024356,-48.5,6.074563920027139,25.0,25.0
A998,921.625,923.625,1642424740032768,-48.0,6.056156150572511,25.0,25.0
A998,921.625,923.625,1642424740038779,-48.5,6.037748381117884,25.0,25.0
A998,921.625,923.625,1642424740050172,-48.5,6.056156150572511,25.0,25.0
A998,921.625,923.625,1642424740056452,-48.0,6.050020227420969,25.0,25.0
A998,921.625,923.625,1642424740070063,-48.5,6.025476534814799,25.0,25.0
A998,921.625,923.625,1642424740153730,-48.5,5.976389149602458,22.5,22.5
A998,921.625,923.625,1642424740159236,-48.5,5.976389149602458,22.5,22.5
A998,921.625,923.625,1642424740170308,-49.0,5.982525072754001,22.5,22.5
A998,921.625,923.625,1642424740176171,-49.0,5.976389149602458,22.5,22.5
A998,921.625,923.625,1642424740184694,-49.0,5.982525072754001,22.5,22.5
A998,921.625,923.625,1642424740196847,-49.0,5.976389149602458,22.5,22.5
A998,921.625,923.625,1642424740204513,-49.0,5.988660995905543,22.5,22.5
A998,921.625,923.625,1642424740215951,-48.5,5.964117303299373,22.5,22.5
A998,921.625,923.625,1642424740226003,-49.0,5.9518454569962875,22.5,22.5
A998,921.625,923.625,1642424740230840,-48.5,5.9518454569962875,22.5,22.5
A998,921.625,923.625,1642424740241453,-49.0,5.945709533844745,22.5,22.5
A998,921.625,921.625,1642424740322801,-48.5,0.7669903939428205,30.0,30.0
A998,921.625,921.625,1642424740331308,-48.5,0.7547185476397354,30.0,30.0
A998,921.625,921.625,1642424740341373,-48.0,0.7485826244881929,30.0,30.0
A998,921.625,921.625,1642424740346831,-48.0,0.7485826244881929,30.0,30.0
A998,921.625,921.625,1642424740359813,-48.5,0.7547185476397354,30.0,30.0
A998,921.625,921.625,1642424740369392,-48.5,0.7485826244881929,30.0,30.0
A998,921.625,921.625,1642424740374720,-48.5,0.7301748550335652,30.0,30.0
A998,921.625,921.625,1642424740385862,-48.0,0.7485826244881929,30.0,30.0
A998,921.625,921.625,1642424740395668,-48.0,0.7485826244881929,30.0,30.0
A998,921.625,921.625,1642424740405714,-48.5,0.7669903939428205,30.0,30.0
A998,921.625,921.625,1642424740410510,-48.0,0.7485826244881929,30.0,30.0
A998,920.625,921.625,1642424740494972,-48.5,0.6381360077604268,27.5,27.5
A998,920.625,921.625,1642424740505072,-48.5,0.6442719309119693,27.5,27.5
A998,920.625,921.625,1642424740510814,-48.5,0.6749515466696822,27.5,27.5
A998,920.625,921.625,1642424740519519,-48.5,0.6381360077604268,27.5,27.5
A998,920.625,921.625,1642424740527962,-48.5,0.6565437772150544,27.5,27.5
A998,920.625,921.625,1642424740540637,-48.5,0.6381360077604268,27.5,27.5
A998,920.625,921.625,1642424740547932,-48.5,0.6258641614573416,27.5,27.5
A998,920.625,921.625,1642424740558965,-48.0,0.6381360077604268,27.5,27.5
A998,920.625,921.625,1642424740567076,-48.5,0.6442719309119693,27.5,27.5
A998,920.625,921.625,1642424740575813,-48.5,0.6381360077604268,27.5,27.5
A998,920.625,921.625,1642424740585056,-48.5,0.6565437772150544,27.5,27.5
A998,923.625,921.625,1642424740673096,-48.5,0.5522330836388308,25.0,25.0
A998,923.625,921.625,1642424740681874,-48.5,0.5583690067903734,25.0,25.0
A998,923.625,921.625,1642424740690058,-48.5,0.5522330836388308,25.0,25.0
A998,923.625,921.625,1642424740700617,-49.0,0.5522330836388308,25.0,25.0
A998,923.625,921.625,1642424740707784,-48.5,0.5460971604872883,25.0,25.0
A998,923.625,921.625,1642424740718574,-48.5,0.5460971604872883,25.0,25.0
A998,923.625,921.625,1642424740727087,-48.5,0.5399612373357456,25.0,25.0
A998,923.625,921.625,1642424740733142,-48.5,0.5399612373357456,25.0,25.0
A998,923.625,921.625,1642424740745913,-48.5,0.521553467881118,25.0,25.0
A998,923.625,921.625,1642424740752877,-48.5,0.5338253141842031,25.0,25.0
A998,922.125,921.625,1642424740835813,-49.5,0.4663301595172349,20.0,20.0
A998,922.125,921.625,1642424740844355,-50.0,0.4356505437595221,20.0,20.0
A998,922.125,921.625,1642424740852453,-50.0,0.4356505437595221,20.0,20.0
A998,922.125,921.625,1642424740863883,-50.0,0.4356505437595221,20.0,20.0
A998,922.125,921.625,1642424740870810,-49.5,0.44178646691106466,20.0,20.0
A998,922.125,921.625,1642424740879738,-49.5,0.44178646691106466,20.0,20.0
A998,922.125,921.625,1642424740890121,-50.0,0.4295146206079795,20.0,20.0
A998,922.125,921.625,1642424740900271,-50.0,0.4356505437595221,20.0,20.0
A998,922.125,921.625,1642424740907039,-50.0,0.4295146206079795,20.0,20.0
A998,922.125,921.625,1642424740918747,-50.0,0.4295146206079795,20.0,20.0
A998,922.125,921.625,1642424740927327,-50.0,0.4295146206079795,20.0,20.0
A998,921.125,921.625,1642424741004920,-48.0,0.5645049299419159,30.0,30.0
A998,921.125,921.625,1642424741012573,-48.0,0.5522330836388308,30.0,30.0
A998,921.125,921.625,1642424741021302,-48.0,0.5460971604872883,30.0,30.0
A998,921.125,921.625,1642424741034673,-48.0,0.5460971604872883,30.0,30.0
A998,921.125,921.625,1642424741040811,-48.0,0.5460971604872883,30.0,30.0
A998,921.125,921.625,1642424741050701,-48.0,0.5399612373357456,30.0,30.0
A998,921.125,921.625,1642424741057225,-48.0,0.5338253141842031,30.0,30.0
A998,921.125,921.625,1642424741068906,-48.0,0.5399612373357456,30.0,30.0
A998,921.125,921.625,1642424741078917,-48.0,0.521553467881118,30.0,30.0
A998,921.125,921.625,1642424741088811,-48.0,0.5399612373357456,30.0,30.0
A998,921.125,921.625,1642424741093149,-48.0,0.5338253141842031,30.0,30.0
A998,922.125,921.625,1642424741182564,-49.5,0.4111068511533518,22.5,22.5
A998,922.125,921.625,1642424741191531,-49.5,0.42337869745643697,22.5,22.5
A998,922.125,921.625,1642424741195584,-49.0,0.42337869745643697,22.5,22.5
A998,922.125,921.625,1642424741207953,-49.0,0.42337869745643697,22.5,22.5
A998,922.125,921.625,1642424741213586,-49.5,0.4172427743048944,22.5,22.5
A998,922.125,921.625,1642424741222836,-49.5,0.44178646691106466,22.5,22.5
A998,922.125,921.625,1642424741232360,-49.0,0.4111068511533518,22.5,22.5
A998,922.125,921.625,1642424741245514,-49.5,0.4172427743048944,22.5,22.5
A998,922.125,921.625,1642424741252229,-49.5,0.4049709280018093,22.5,22.5
A998,922.125,921.625,1642424741262830,-49.0,0.42337869745643697,22.5,22.5
A998,922.125,921.625,1642424741272005,-49.5,0.4111068511533518,22.5,22.5
A998,922.625,921.625,1642424741354952,-50.0,0.380427235395639,20.0,20.0
A998,922.625,921.625,1642424741363922,-50.0,0.37429131224409645,20.0,20.0
A998,922.625,921.625,1642424741374252,-50.0,0.3620194659410113,20.0,20.0
A998,922.625,921.625,1642424741385640,-50.0,0.36815538909255385,20.0,20.0
A998,922.625,921.625,1642424741392424,-50.0,0.3620194659410113,20.0,20.0
A998,922.625,921.625,1642424741401371,-50.0,0.36815538909255385,20.0,20.0
A998,922.625,921.625,1642424741412788,-50.0,0.3865631585471816,20.0,20.0
A998,922.625,921.625,1642424741421170,-50.0,0.35588354278946877,20.0,20.0
A998,922.625,921.625,1642424741428570,-50.0,0.34974761963792617,20.0,20.0
A998,922.625,921.625,1642424741439927,-50.0,0.3620194659410113,20.0,20.0
A998,922.625,921.625,1642424741446957,-50.0,0.3620194659410113,20.0,20.0
A998,921.625,921.625,1642424741524887,-48.5,0.4295146206079795,27.5,27.5
A998,921.625,921.625,1642424741532548,-48.5,0.4295146206079795,27.5,27.5
A998,921.625,921.625,1642424741539495,-48.5,0.4172427743048944,27.5,27.5
A998,921.625,921.625,1642424741551378,-48.5,0.4356505437595221,27.5,27.5
A998,921.625,921.625,1642424741562269,-48.5,0.4356505437595221,27.5,27.5
A998,921.625,921.625,1642424741569293,-48.5,0.4172427743048944,27.5,27.5
A998,921.625,921.625,1642424741578497,-48.5,0.4111068511533518,27.5,27.5
A998,921.625,921.625,1642424741586140,-48.5,0.4295146206079795,27.5,27.5
A998,921.625,921.625,1642424741596413,-48.5,0.4479223900626072,27.5,27.5
A998,921.625,921.625,1642424741605628,-48.5,0.4111068511533518,27.5,27.5
A998,921.625,921.625,1642424741614568,-48.5,0.4111068511533518,27.5,27.5
A998,922.625,921.625,1642424741696654,-48.0,0.4479223900626072,30.0,30.0
A998,922.625,921.625,1642424741702890,-48.0,0.47860200582032003,30.0,30.0
A998,922.625,921.625,1642424741713821,-48.0,0.4540583132141498,30.0,30.0
A998,922.625,921.625,1642424741722789,-48.0,0.4540583132141498,30.0,30.0
A998,922.625,921.625,1642424741733084,-48.0,0.48473792897186263,30.0,30.0
A998,922.625,921.625,1642424741741024,-48.5,0.4724660826687775,30.0,30.0
A998,922.625,921.625,1642424741750199,-48.0,0.46019423636569234,30.0,30.0
A998,922.625,921.625,1642424741757832,-48.0,0.4663301595172349,30.0,30.0
A998,922.625,921.625,1642424741768774,-48.5,0.4663301595172349,30.0,30.0
A998,922.625,921.625,1642424741778462,-48.0,0.4663301595172349,30.0,30.0
A998,922.625,921.625,1642424741786328,-48.5,0.44178646691106466,30.0,30.0
A998,922.625,921.625,1642424741868226,-48.5,0.4049709280018093,27.5,27.5
A998,922.625,921.625,1642424741880527,-48.5,0.3988350048502667,27.5,27.5
A998,922.625,921.625,1642424741889449,-48.5,0.39269908169872414,27.5,27.5
A998,922.625,921.625,1642424741896214,-48.5,0.3988350048502667,27.5,27.5
A998,922.625,921.625,1642424741907869,-48.5,0.37429131224409645,27.5,27.5
A998,922.625,921.625,1642424741917108,-48.5,0.39269908169872414,27.5,27.5
A998,922.625,921.625,1642424741925516,-48.5,0.3988350048502667,27.5,27.5
A998,922.625,921.625,1642424741932959,-48.5,0.380427235395639,27.5,27.5
A998,922.625,921.625,1642424741941437,-48.5,0.37429131224409645,27.5,27.5
A998,922.625,921.625,1642424741953164,-48.5,0.3988350048502667,27.5,27.5
A998,922.625,921.625,1642424741962600,-48.5,0.3988350048502667,27.5,27.5
A998,920.625,921.625,1642424742045645,-50.0,0.30066023442558565,20.0,20.0
A998,920.625,921.625,1642424742054258,-50.0,0.28838838812250056,20.0,20.0
A998,920.625,921.625,1642424742062783,-50.0,0.30066023442558565,20.0,20.0
A998,920.625,921.625,1642424742072887,-50.0,0.2945243112740431,20.0,20.0
A998,920.625,921.625,1642424742081757,-50.0,0.28838838812250056,20.0,20.0
A998,920.625,921.625,1642424742089129,-50.5,0.30679615757712825,20.0,20.0
A998,920.625,921.625,1642424742097892,-50.0,0.28838838812250056,20.0,20.0
A998,920.625,921.625,1642424742109038,-50.0,0.2761165418194154,20.0,20.0
A998,920.625,921.625,1642424742115878,-50.5,0.2638446955163303,20.0,20.0
A998,920.625,921.625,1642424742127516,-50.0,0.2699806186678728,20.0,20.0
A998,920.625,921.625,1642424742137019,-50.0,0.2638446955163303,20.0,20.0
A998,921.125,921.625,1642424742211253,-49.0,0.32520392703175593,27.5,27.5
A998,921.125,921.125,1642424742230640,-49.0,0.5276893910326605,27.5,27.5
A998,921.125,921.125,1642424742237647,-49.0,0.5276893910326605,27.5,27.5
A998,921.125,921.125,1642424742246920,-48.5,0.521553467881118,27.5,27.5
A998,921.125,921.125,1642424742255735,-49.0,0.5092816215780329,27.5,27.5
A998,921.125,921.125,1642424742264776,-49.0,0.521553467881118,27.5,27.5
A998,921.125,921.125,1642424742274952,-49.0,0.5092816215780329,27.5,27.5
A998,921.125,921.125,1642424742283227,-49.0,0.5154175447295755,27.5,27.5
A998,921.125,921.125,1642424742292202,-49.0,0.5092816215780329,27.5,27.5
A998,921.125,921.125,1642424742303153,-49.0,0.4908738521234052,27.5,27.5
A998,922.125,921.125,1642424742387815,-50.5,0.4172427743048944,20.0,20.0
A998,922.125,921.125,1642424742392970,-50.5,0.4172427743048944,20.0,20.0
A998,922.125,921.125,1642424742405723,-50.5,0.4172427743048944,20.0,20.0
A998,922.125,921.125,1642424742412628,-50.5,0.4172427743048944,20.0,20.0
A998,922.125,921.125,1642424742426022,-50.5,0.44178646691106466,20.0,20.0
A998,922.125,921.125,1642424742433095,-50.0,0.4172427743048944,20.0,20.0
A998,922.125,921.125,1642424742442958,-50.5,0.4356505437595221,20.0,20.0
A998,922.125,921.125,1642424742449878,-50.5,0.4356505437595221,20.0,20.0
A998,922.125,921.125,1642424742461288,-50.5,0.4295146206079795,20.0,20.0
A998,922.125,921.125,1642424742470497,-50.5,0.4111068511533518,20.0,20.0
A998,922.125,921.125,1642424742477265,-50.5,0.4295146206079795,20.0,20.0
A998,921.125,921.125,1642424742553472,-50.5,0.3988350048502667,20.0,20.0
A998,921.125,921.125,1642424742560219,-50.5,0.4111068511533518,20.0,20.0
A998,921.125,921.125,1642424742572499,-50.5,0.3988350048502667,20.0,20.0
A998,921.125,921.125,1642424742582844,-50.5,0.4172427743048944,20.0,20.0
A998,921.125,921.125,1642424742588807,-50.5,0.4111068511533518,20.0,20.0
A998,921.125,921.125,1642424742598898,-50.5,0.4172427743048944,20.0,20.0
A998,921.125,921.125,1642424742606752,-50.5,0.4172427743048944,20.0,20.0
A998,921.125,921.125,1642424742616828,-50.5,0.44178646691106466,20.0,20.0
A998,921.125,921.125,1642424742627725,-50.0,0.4111068511533518,20.0,20.0
A998,921.125,921.125,1642424742635675,-50.5,0.4356505437595221,20.0,20.0
A998,921.125,921.125,1642424742643580,-50.5,0.4172427743048944,20.0,20.0
A998,922.125,921.125,1642424742724070,-49.5,0.46019423636569234,25.0,25.0
A998,922.125,921.125,1642424742731884,-49.5,0.4724660826687775,25.0,25.0
A998,922.125,921.125,1642424742744148,-49.5,0.46019423636569234,25.0,25.0
A998,922.125,921.125,1642424742750746,-49.5,0.4663301595172349,25.0,25.0
A998,922.125,921.125,1642424742761058,-49.0,0.46019423636569234,25.0,25.0
A998,922.125,921.125,1642424742769680,-49.5,0.4663301595172349,25.0,25.0
A998,922.125,921.125,1642424742777314,-49.5,0.48473792897186263,25.0,25.0
A998,922.125,921.125,1642424742785831,-49.5,0.4663301595172349,25.0,25.0
A998,922.125,921.125,1642424742794303,-49.5,0.47860200582032003,25.0,25.0
A998,922.125,921.125,1642424742803813,-49.5,0.48473792897186263,25.0,25.0
A998,922.125,921.125,1642424742812774,-49.5,0.4724660826687775,25.0,25.0
A998,922.625,921.125,1642424742902550,-50.5,0.4356505437595221,20.0,20.0
A998,922.625,921.125,1642424742907878,-50.5,0.4295146206079795,20.0,20.0
A998,922.625,921.125,1642424742921369,-50.5,0.42337869745643697,20.0,20.0
A998,922.625,921.125,1642424742927859,-50.5,0.4295146206079795,20.0,20.0
A998,922.625,921.125,1642424742940117,-50.5,0.4540583132141498,20.0,20.0
A998,922.625,921.125,1642424742944733,-50.5,0.4295146206079795,20.0,20.0
A998,922.625,921.125,1642424742954132,-50.5,0.4356505437595221,20.0,20.0
A998,922.625,921.125,1642424742964876,-50.5,0.4356505437595221,20.0,20.0
A998,922.625,921.125,1642424742976000,-50.5,0.42337869745643697,20.0,20.0
A998,922.625,921.125,1642424742981128,-50.5,0.44178646691106466,20.0,20.0
A998,922.625,921.125,1642424742990206,-50.5,0.4356505437595221,20.0,20.0
A998,922.125,921.125,1642424743075932,-49.5,0.4479223900626072,22.5,22.5
A998,922.125,921.125,1642424743083899,-50.0,0.4724660826687775,22.5,22.5
A998,922.125,921.125,1642424743092912,-50.0,0.46019423636569234,22.5,22.5
A998,922.125,921.125,1642424743103938,-50.0,0.46019423636569234,22.5,22.5
A998,922.125,921.125,1642424743112816,-50.0,0.4663301595172349,22.5,22.5
A998,922.125,921.125,1642424743122414,-49.5,0.4663301595172349,22.5,22.5
A998,922.125,921.125,1642424743130501,-50.0,0.4479223900626072,22.5,22.5
A998,922.125,921.125,1642424743140683,-50.0,0.4663301595172349,22.5,22.5
A998,922.125,921.125,1642424743149055,-50.0,0.44178646691106466,22.5,22.5
A998,922.125,921.125,1642424743158615,-49.5,0.4479223900626072,22.5,22.5
A998,922.125,921.125,1642424743168656,-50.0,0.4479223900626072,22.5,22.5
A998,924.125,921.125,1642424743252472,-49.5,0.4724660826687775,25.0,25.0
A998,924.125,921.125,1642424743265546,-49.5,0.4724660826687775,25.0,25.0
A998,924.125,921.125,1642424743270795,-49.0,0.48473792897186263,25.0,25.0
A998,924.125,921.125,1642424743283504,-49.0,0.47860200582032003,25.0,25.0
A998,924.125,921.125,1642424743289696,-49.5,0.48473792897186263,25.0,25.0
A998,924.125,921.125,1642424743302030,-49.5,0.47860200582032003,25.0,25.0
A998,924.125,921.125,1642424743309432,-49.5,0.4970097752749477,25.0,25.0
A998,924.125,921.125,1642424743320155,-49.5,0.47860200582032003,25.0,25.0
A998,924.125,921.125,1642424743327683,-49.0,0.4663301595172349,25.0,25.0
A998,924.125,921.125,1642424743336359,-49.0,0.4663301595172349,25.0,25.0
A998,920.625,921.125,1642424743437576,-50.0,0.44178646691106466,22.5,22.5
A998,920.625,921.125,1642424743450585,-49.5,0.4540583132141498,22.5,22.5
A998,920.625,921.125,1642424743460964,-50.0,0.4356505437595221,22.5,22.5
A998,920.625,921.125,1642424743468736,-49.5,0.46019423636569234,22.5,22.5
A998,920.625,921.125,1642424743478916,-50.0,0.4295146206079795,22.5,22.5
A998,920.625,921.125,1642424743486636,-49.5,0.4479223900626072,22.5,22.5
A998,920.625,921.125,1642424743497632,-50.0,0.4540583132141498,22.5,22.5
A998,920.625,921.125,1642424743505653,-50.0,0.44178646691106466,22.5,22.5
A998,920.625,921.125,1642424743514953,-50.0,0.4479223900626072,22.5,22.5
A998,920.625,921.125,1642424743524391,-50.0,0.44178646691106466,22.5,22.5
A998,920.625,921.125,1642424743530273,-50.0,0.44178646691106466,22.5,22.5
A998,921.625,921.125,1642424743615738,-49.5,0.47860200582032003,25.0,25.0
A998,921.625,921.125,1642424743627028,-49.5,0.4724660826687775,25.0,25.0
A998,921.625,921.125,1642424743636185,-49.5,0.4724660826687775,25.0,25.0
A998,921.625,921.125,1642424743644403,-49.0,0.4908738521234052,25.0,25.0
A998,921.625,921.125,1642424743654472,-49.5,0.47860200582032003,25.0,25.0
A998,921.625,921.125,1642424743663005,-49.5,0.47860200582032003,25.0,25.0
A998,921.625,921.125,1642424743672237,-49.5,0.4663301595172349,25.0,25.0
A998,921.625,921.125,1642424743681230,-49.5,0.47860200582032003,25.0,25.0
A998,921.625,921.125,1642424743688654,-49.5,0.4663301595172349,25.0,25.0
A998,921.625,921.125,1642424743699263,-49.0,0.4724660826687775,25.0,25.0
A998,921.625,921.125,1642424743708340,-49.5,0.47860200582032003,25.0,25.0
A998,921.125,921.125,1642424743786896,-50.5,0.4172427743048944,20.0,20.0
A998,921.125,921.125,1642424743799180,-50.5,0.4295146206079795,20.0,20.0
A998,921.125,921.125,1642424743808357,-50.5,0.4295146206079795,20.0,20.0
A998,921.125,921.125,1642424743815640,-50.5,0.44178646691106466,20.0,20.0
A998,921.125,921.125,1642424743823555,-50.0,0.4479223900626072,20.0,20.0
A998,921.125,921.125,1642424743834935,-50.0,0.46019423636569234,20.0,20.0
A998,921.125,921.125,1642424743845390,-50.5,0.4356505437595221,20.0,20.0
A998,921.125,921.125,1642424743852494,-50.5,0.4295146206079795,20.0,20.0
A998,921.125,921.125,1642424743858792,-50.5,0.44178646691106466,20.0,20.0
A998,921.125,921.125,1642424743868051,-50.5,0.42337869745643697,20.0,20.0
A998,921.125,921.125,1642424743879914,-50.5,0.42337869745643697,20.0,20.0
A998,923.125,921.125,1642424743959979,-48.5,0.5645049299419159,30.0,30.0
A998,923.125,921.125,1642424743967310,-48.5,0.5583690067903734,30.0,30.0
A998,923.125,921.125,1642424743978197,-49.0,0.5522330836388308,30.0,30.0
A998,923.125,921.125,1642424743985583,-48.5,0.5706408530934585,30.0,30.0
A998,923.125,921.125,1642424743994527,-48.5,0.5522330836388308,30.0,30.0
A998,923.125,921.125,1642424744004859,-48.5,0.5522330836388308,30.0,30.0
A998,923.125,921.125,1642424744014906,-48.5,0.5583690067903734,30.0,30.0
A998,923.125,921.125,1642424744023551,-49.0,0.5276893910326605,30.0,30.0
A998,923.125,921.125,1642424744033686,-48.5,0.5522330836388308,30.0,30.0
A998,923.125,921.125,1642424744042740,-48.5,0.5460971604872883,30.0,30.0
A998,923.125,921.125,1642424744051309,-48.5,0.5522330836388308,30.0,30.0
A998,922.625,922.625,1642424744131560,-49.0,6.056156150572511,27.5,27.5
A998,922.625,922.625,1642424744138841,-49.0,6.056156150572511,27.5,27.5
A998,922.625,922.625,1642424744147054,-49.5,6.056156150572511,27.5,27.5
A998,922.625,922.625,1642424744154923,-49.0,6.080699843178682,27.5,27.5
A998,922.625,922.625,1642424744167651,-49.5,6.074563920027139,27.5,27.5
A998,922.625,922.625,1642424744177176,-49.0,6.068427996875596,27.5,27.5
A998,922.625,922.625,1642424744184423,-49.0,6.068427996875596,27.5,27.5
A998,922.625,922.625,1642424744193388,-49.0,6.056156150572511,27.5,27.5
A998,922.625,922.625,1642424744204046,-49.5,6.086835766330224,27.5,27.5
A998,922.625,922.625,1642424744210940,-49.0,6.074563920027139,27.5,27.5
A998,922.625,922.625,1642424744219724,-49.0,6.056156150572511,27.5,27.5
A998,921.125,922.625,1642424744298806,-50.0,5.970253226450915,22.5,22.5
A998,921.125,922.625,1642424744309472,-50.0,6.013204688511713,22.5,22.5
A998,921.125,922.625,1642424744317164,-50.0,6.000932842208628,22.5,22.5
A998,921.125,922.625,1642424744329807,-50.0,5.988660995905543,22.5,22.5
A998,921.125,922.625,1642424744334894,-50.0,6.013204688511713,22.5,22.5
A998,921.125,922.625,1642424744348024,-50.0,6.000932842208628,22.5,22.5
A998,921.125,922.625,1642424744356735,-50.0,6.019340611663256,22.5,22.5
A998,921.125,922.625,1642424744363664,-50.0,5.994796919057086,22.5,22.5
A998,921.125,922.625,1642424744371454,-50.0,6.019340611663256,22.5,22.5
A998,921.125,922.625,1642424744385106,-50.0,6.007068765360171,22.5,22.5
A998,921.125,922.625,1642424744391686,-50.0,6.000932842208628,22.5,22.5
A998,923.625,922.625,1642424744472745,-48.5,6.111379458936394,30.0,30.0
A998,923.625,922.625,1642424744480284,-49.0,6.111379458936394,30.0,30.0
A998,923.625,922.625,1642424744490837,-49.0,6.080699843178682,30.0,30.0
A998,923.625,922.625,1642424744501304,-49.0,6.105243535784852,30.0,30.0
A998,923.625,922.625,1642424744508034,-49.0,6.111379458936394,30.0,30.0
A998,923.625,922.625,1642424744516162,-49.0,6.086835766330224,30.0,30.0
A998,923.625,922.625,1642424744528761,-49.0,6.092971689481767,30.0,30.0
A998,923.625,922.625,1642424744537102,-49.0,6.105243535784852,30.0,30.0
A998,923.625,922.625,1642424744543839,-49.0,6.105243535784852,30.0,30.0
A998,923.625,922.625,1642424744554144,-49.0,6.105243535784852,30.0,30.0
A998,923.625,922.625,1642424744566646,-49.0,6.105243535784852,30.0,30.0
A998,922.125,922.625,1642424744649636,-49.5,5.988660995905543,25.0,25.0
A998,922.125,922.625,1642424744657827,-49.5,5.988660995905543,25.0,25.0
A998,922.125,922.625,1642424744668487,-49.5,5.988660995905543,25.0,25.0
A998,922.125,922.625,1642424744675510,-49.5,6.013204688511713,25.0,25.0
A998,922.125,922.625,1642424744684476,-49.5,6.000932842208628,25.0,25.0
A998,922.125,922.625,1642424744693223,-49.5,5.988660995905543,25.0,25.0
A998,922.125,922.625,1642424744704213,-49.5,5.994796919057086,25.0,25.0
A998,922.125,922.625,1642424744709962,-49.5,5.994796919057086,25.0,25.0
A998,922.125,922.625,1642424744719982,-49.5,6.000932842208628,25.0,25.0
A998,922.125,922.625,1642424744729431,-49.5,5.994796919057086,25.0,25.0
A998,922.125,922.625,1642424744738000,-49.5,5.994796919057086,25.0,25.0
A998,923.125,922.625,1642424744814762,-50.5,5.970253226450915,20.0,20.0
A998,923.125,922.625,1642424744826267,-50.5,5.939573610693203,20.0,20.0
A998,923.125,922.625,1642424744835226,-50.5,5.945709533844745,20.0,20.0
A998,923.125,922.625,1642424744843896,-50.5,5.93343768754166,20.0,20.0
A998,923.125,922.625,1642424744851285,-50.5,5.9518454569962875,20.0,20.0
A998,923.125,922.625,1642424744860273,-50.5,5.9518454569962875,20.0,20.0
A998,923.125,922.625,1642424744870308,-50.5,5.939573610693203,20.0,20.0
A998,923.125,922.625,1642424744880026,-50.5,5.964117303299373,20.0,20.0
A998,923.125,922.625,1642424744888239,-50.5,5.939573610693203,20.0,20.0
A998,923.125,922.625,1642424744895090,-50.5,5.9518454569962875,20.0,20.0
A998,923.125,922.625,1642424744908225,-50.5,5.939573610693203,20.0,20.0
A998,923.125,922.625,1642424744914947,-50.5,5.93343768754166,20.0,20.0
A998,924.125,922.625,1642424744992281,-49.5,5.976389149602458,25.0,25.0
A998,924.125,922.625,1642424745001307,-49.5,6.007068765360171,25.0,25.0
A998,924.125,922.625,1642424745009692,-49.5,5.982525072754001,25.0,25.0
A998,924.125,922.625,1642424745021772,-49.5,5.982525072754001,25.0,25.0
A998,924.125,922.625,1642424745026727,-49.5,5.976389149602458,25.0,25.0
A998,924.125,922.625,1642424745038312,-49.5,5.982525072754001,25.0,25.0
A998,924.125,922.625,1642424745044729,-49.5,5.970253226450915,25.0,25.0
A998,924.125,922.625,1642424745056637,-49.5,5.970253226450915,25.0,25.0
A998,924.125,922.625,1642424745067888,-46.5,5.957981380147831,25.0,25.0
A998,924.125,922.625,1642424745075817,-49.5,5.988660995905543,25.0,25.0
A998,924.125,922.625,1642424745086131,-49.5,5.982525072754001,25.0,25.0
A998,921.125,922.625,1642424745161338,-49.5,5.982525072754001,25.0,25.0
A998,921.125,922.625,1642424745167156,-49.5,5.988660995905543,25.0,25.0
A998,921.125,922.625,1642424745177700,-49.5,5.982525072754001,25.0,25.0
A998,921.125,922.625,1642424745188297,-49.5,5.994796919057086,25.0,25.0
A998,921.125,922.625,1642424745196533,-49.5,5.988660995905543,25.0,25.0
A998,921.125,922.625,1642424745207111,-49.5,5.994796919057086,25.0,25.0
A998,921.125,922.625,1642424745215222,-49.5,5.976389149602458,25.0,25.0
A998,921.125,922.625,1642424745222639,-49.5,5.994796919057086,25.0,25.0
A998,921.125,922.625,1642424745232045,-49.5,6.000932842208628,25.0,25.0
A998,921.125,922.625,1642424745241666,-49.5,5.982525072754001,25.0,25.0
A998,921.125,922.625,1642424745248163,-49.5,5.982525072754001,25.0,25.0
A998,923.625,922.625,1642424745333343,-49.5,5.976389149602458,25.0,25.0
A998,923.625,922.625,1642424745340417,-49.5,5.976389149602458,25.0,25.0
A998,923.625,922.625,1642424745349900,-49.5,5.994796919057086,25.0,25.0
A998,923.625,922.625,1642424745355217,-49.5,5.988660995905543,25.0,25.0
A998,923.625,922.625,1642424745364445,-49.5,6.000932842208628,25.0,25.0
A998,923.625,922.625,1642424745375702,-49.5,5.982525072754001,25.0,25.0
A998,923.625,922.625,1642424745384200,-49.5,5.988660995905543,25.0,25.0
A998,923.625,922.625,1642424745396013,-49.5,5.988660995905543,25.0,25.0
A998,923.625,922.625,1642424745404636,-49.5,5.982525072754001,25.0,25.0
A998,923.625,922.625,1642424745410369,-49.5,6.000932842208628,25.0,25.0
A998,923.625,922.625,1642424745421954,-49.5,6.007068765360171,25.0,25.0
A998,923.125,922.625,1642424745505588,-49.0,6.007068765360171,27.5,27.5
A998,923.125,922.625,1642424745516163,-49.0,6.000932842208628,27.5,27.5
A998,923.125,922.625,1642424745523529,-49.0,6.013204688511713,27.5,27.5
A998,923.125,922.625,1642424745532594,-49.0,6.037748381117884,27.5,27.5
A998,923.125,922.625,1642424745543123,-49.0,6.037748381117884,27.5,27.5
A998,923.125,922.625,1642424745553247,-49.0,6.037748381117884,27.5,27.5
A998,923.125,922.625,1642424745558190,-49.0,6.025476534814799,27.5,27.5
A998,923.125,922.625,1642424745569863,-49.0,6.019340611663256,27.5,27.5
A998,923.125,922.625,1642424745578871,-49.0,6.025476534814799,27.5,27.5
A998,923.125,922.625,1642424745589177,-49.0,6.031612457966341,27.5,27.5
A998,923.125,922.625,1642424745598607,-49.0,6.000932842208628,27.5,27.5
A998,920.625,922.625,1642424745685670,-50.0,5.9518454569962875,22.5,22.5
A998,920.625,922.625,1642424745692058,-50.0,5.957981380147831,22.5,22.5
A998,920.625,922.625,1642424745700334,-50.0,5.939573610693203,22.5,22.5
A998,920.625,922.625,1642424745712534,-50.0,5.957981380147831,22.5,22.5
A998,920.625,922.625,1642424745720823,-50.0,5.957981380147831,22.5,22.5
A998,920.625,922.625,1642424745731226,-50.0,5.9518454569962875,22.5,22.5
A998,920.625,922.625,1642424745740713,-50.0,5.93343768754166,22.5,22.5
A998,920.625,922.625,1642424745747702,-50.0,5.9518454569962875,22.5,22.5
A998,920.625,922.625,1642424745755097,-50.0,5.945709533844745,22.5,22.5
A998,920.625,922.625,1642424745764253,-50.0,5.939573610693203,22.5,22.5
A998,922.625,922.625,1642424745841257,-50.0,5.939573610693203,22.5,22.5
A998,922.625,922.625,1642424745854633,-50.0,5.957981380147831,22.5,22.5
A998,922.625,922.625,1642424745861263,-50.0,5.939573610693203,22.5,22.5
A998,922.625,922.625,1642424745869803,-50.0,5.939573610693203,22.5,22.5
A998,922.625,922.625,1642424745880906,-50.0,5.93343768754166,22.5,22.5
A998,922.625,922.625,1642424745888506,-50.0,5.9518454569962875,22.5,22.5
A998,922.625,922.625,1642424745899200,-50.0,5.9518454569962875,22.5,22.5
A998,922.625,922.625,1642424745907574,-50.0,5.93343768754166,22.5,22.5
A998,922.625,922.625,1642424745918033,-50.0,5.964117303299373,22.5,22.5
A998,922.625,922.625,1642424745923739,-50.0,5.939573610693203,22.5,22.5
A998,922.625,922.625,1642424745934799,-50.0,5.957981380147831,22.5,22.5
A998,922.625,922.625,1642424745941734,-50.0,5.93343768754166,22.5,22.5
A998,921.625,921.625,1642424746027384,-50.0,0.1595340019401067,25.0,25.0
A998,921.625,921.625,1642424746035889,-50.0,0.16566992509164924,25.0,25.0
A998,921.625,921.625,1642424746045631,-49.5,0.1595340019401067,25.0,25.0
A998,921.625,921.625,1642424746055282,-50.0,0.17794177139473438,25.0,25.0
A998,921.625,921.625,1642424746064533,-50.0,0.17794177139473438,25.0,25.0
A998,921.625,921.625,1642424746069556,-49.5,0.1902136176978195,25.0,25.0
A998,921.625,921.625,1642424746083627,-50.0,0.1718058482431918,25.0,25.0
A998,921.625,921.625,1642424746088714,-50.0,0.18407769454627693,25.0,25.0
A998,921.625,921.625,1642424746101552,-50.0,0.1902136176978195,25.0,25.0
A998,921.625,921.625,1642424746109694,-50.0,0.20248546400090464,25.0,25.0
A998,923.625,921.625,1642424746195374,-49.0,0.2699806186678728,30.0,30.0
A998,923.625,921.625,1642424746204828,-49.0,0.28838838812250056,30.0,30.0
A998,923.625,921.625,1642424746216658,-49.0,0.2945243112740431,30.0,30.0
A998,923.625,921.625,1642424746222348,-49.0,0.28838838812250056,30.0,30.0
A998,923.625,921.625,1642424746235501,-48.5,0.2761165418194154,30.0,30.0
A998,923.625,921.625,1642424746243417,-49.0,0.28838838812250056,30.0,30.0
A998,923.625,921.625,1642424746249373,-49.0,0.2761165418194154,30.0,30.0
A998,923.625,921.625,1642424746262343,-49.0,0.2761165418194154,30.0,30.0
A998,923.625,921.625,1642424746271854,-48.5,0.28225246497095796,30.0,30.0
A998,923.625,921.625,1642424746278868,-48.5,0.30066023442558565,30.0,30.0
A998,923.625,921.625,1642424746361742,-49.5,0.1902136176978195,25.0,25.0
A998,923.625,921.625,1642424746372432,-50.0,0.1902136176978195,25.0,25.0
A998,923.625,921.625,1642424746380757,-49.5,0.1902136176978195,25.0,25.0
A998,923.625,921.625,1642424746389142,-49.5,0.1902136176978195,25.0,25.0
A998,923.625,921.625,1642424746400288,-50.0,0.21475731030398976,25.0,25.0
A998,923.625,921.625,1642424746406558,-49.5,0.18407769454627693,25.0,25.0
A998,923.625,921.625,1642424746418211,-50.0,0.18407769454627693,25.0,25.0
A998,923.625,921.625,1642424746424741,-49.5,0.17794177139473438,25.0,25.0
A998,923.625,921.625,1642424746435899,-49.5,0.19634954084936207,25.0,25.0
A998,923.625,921.625,1642424746443780,-50.0,0.1902136176978195,25.0,25.0
A998,923.625,921.625,1642424746455196,-49.5,0.17794177139473438,25.0,25.0
A998,922.125,921.625,1642424746542701,-50.5,0.14726215563702155,20.0,20.0
A998,922.125,921.625,1642424746550950,-51.0,0.16566992509164924,20.0,20.0
A998,922.125,921.625,1642424746558843,-51.0,0.15339807878856412,20.0,20.0
A998,922.125,921.625,1642424746569385,-51.0,0.14112623248547898,20.0,20.0
A998,922.125,921.625,1642424746580099,-51.0,0.1718058482431918,20.0,20.0
A998,922.125,921.625,1642424746586002,-51.0,0.15339807878856412,20.0,20.0
A998,922.125,921.625,1642424746599423,-51.0,0.1718058482431918,20.0,20.0
A998,922.125,921.625,1642424746604267,-51.0,0.16566992509164924,20.0,20.0
A998,922.125,921.625,1642424746615689,-51.0,0.1595340019401067,20.0,20.0
A998,922.125,921.625,1642424746623802,-51.0,0.17794177139473438,20.0,20.0
A998,921.625,921.625,1642424746708322,-51.0,0.2086213871524472,20.0,20.0
A998,921.625,921.625,1642424746716750,-50.5,0.2086213871524472,20.0,20.0
A998,921.625,921.625,1642424746725986,-51.0,0.20248546400090464,20.0,20.0
A998,921.625,921.625,1642424746732390,-51.0,0.2086213871524472,20.0,20.0
A998,921.625,921.625,1642424746744009,-51.0,0.2086213871524472,20.0,20.0
A998,921.625,921.625,1642424746753843,-51.0,0.22089323345553233,20.0,20.0
A998,921.625,921.625,1642424746760378,-51.0,0.18407769454627693,20.0,20.0
A998,921.625,921.625,1642424746772337,-51.0,0.2270291566070749,20.0,20.0
A998,921.625,921.625,1642424746779090,-51.0,0.2086213871524472,20.0,20.0
A998,921.625,921.625,1642424746786243,-51.0,0.23316507975861744,20.0,20.0
A998,921.625,921.625,1642424746796162,-51.0,0.2086213871524472,20.0,20.0
A998,922.625,921.625,1642424746874831,-50.5,0.21475731030398976,20.0,20.0
A998,922.625,921.625,1642424746884330,-51.0,0.23316507975861744,20.0,20.0
A998,922.625,921.625,1642424746896290,-50.5,0.2086213871524472,20.0,20.0
A998,922.625,921.625,1642424746906029,-50.5,0.21475731030398976,20.0,20.0
A998,922.625,921.625,1642424746914100,-50.5,0.21475731030398976,20.0,20.0
A998,922.625,921.625,1642424746922831,-51.0,0.2086213871524472,20.0,20.0
A998,922.625,921.625,1642424746932899,-50.5,0.2270291566070749,20.0,20.0
A998,922.625,921.625,1642424746939465,-51.0,0.2086213871524472,20.0,20.0
A998,922.625,921.625,1642424746947343,-51.0,0.23316507975861744,20.0,20.0
A998,922.625,921.625,1642424746955820,-51.0,0.20248546400090464,20.0,20.0
A998,922.625,921.625,1642424746966818,-50.5,0.21475731030398976,20.0,20.0
A998,922.625,921.625,1642424747053796,-50.0,0.2086213871524472,22.5,22.5
A998,922.625,921.625,1642424747057971,-50.0,0.21475731030398976,22.5,22.5
A998,922.625,921.625,1642424747070641,-50.0,0.2454369260617026,22.5,22.5
A998,922.625,921.625,1642424747077203,-50.5,0.23930100291016002,22.5,22.5
A998,922.625,921.625,1642424747086531,-50.0,0.23316507975861744,22.5,22.5
A998,922.625,921.625,1642424747095132,-50.0,0.2638446955163303,22.5,22.5
A998,922.625,921.625,1642424747105813,-50.0,0.2454369260617026,22.5,22.5
A998,922.625,921.625,1642424747116161,-50.0,0.23930100291016002,22.5,22.5
A998,922.625,921.625,1642424747125626,-50.0,0.2454369260617026,22.5,22.5
A998,922.625,921.625,1642424747133323,-50.5,0.2454369260617026,22.5,22.5
A998,922.625,921.625,1642424747139834,-50.0,0.23930100291016002,22.5,22.5
