E200 0017 1510 0023 1520 7DAB,1536653143515260,0.8742517034910007,-48.0,0.0,1
E200 0017 1510 0023 1520 7DAB,1536653143530040,0.8251643182786603,-48.0,0.0,1
E200 0017 1510 0023 1520 7DAB,1536653143553007,0.4447370828830213,-48.5,0.0,2
1703 0003 6B03 5024 40A7 0E00,1536653143557942,0.30974677354908486,-60.5,0.0,2
0001,1536653143562800,4.028116203383879,-67.5,0.0,2
1703 0003 4B03 5024 48A7 0E00,1536653143570772,3.3470287335626545,-62.5,0.0,2
1703 0003 0B03 5024 28A8 0E00,1536653143578465,5.003727984479147,-66.5,0.0,2
1703 0003 4B03 5024 6CA9 0E00,1536653143586613,1.8866790234955237,-64.5,0.0,2
E200 0017 1510 0023 1520 7DAB,1536653143604198,0.1870283105182331,-48.5,0.0,2
1703 0003 0B03 5024 28A8 0E00,1536653143610111,5.052815369691487,-65.0,0.0,2
1703 0003 6B03 5024 40A7 0E00,1536653143625789,0.21157200312440416,-60.5,0.0,2
1703 0003 4B03 5024 48A7 0E00,1536653143631894,3.3163491178049416,-63.5,0.0,2
1703 0003 4B03 5024 6CA9 0E00,1536653143636546,1.8437275614347257,-63.5,0.0,2
E200 0017 1510 0023 1520 7DAB,1536653143671233,0.08271761694201007,-49.0,0.0,1
1001,1536653143680467,2.4450480302858972,-60.5,0.0,1
E200 0017 1510 0023 1520 7DAB,1536653143694564,6.237048537939202,-49.0,0.0,1
1001,1536653143699410,2.5554946470136635,-60.5,0.0,1
1703 0003 6B03 5024 14A8 0E00,1536653143720141,4.86873767514521,-66.5,0.0,2
E200 0017 1510 0023 1520 7DAB,1536653143727968,5.819805763634308,-47.5,0.0,2
1703 0003 4B03 5024 6CA9 0E00,1536653143732698,1.6473780205853643,-64.0,0.0,2
1703 0003 4B03 5024 48A7 0E00,1536653143737101,2.9543296518639304,-63.5,0.0,2
1703 0003 0B03 5024 28A8 0E00,1536653143744164,4.451494900840316,-65.0,0.0,2
1703 0003 6B03 5024 40A7 0E00,1536653143749330,5.979339765574415,-62.0,0.0,2
1703 0003 4B03 5024 48A7 0E00,1536653143762953,3.16908696216792,-64.5,0.0,2
E200 0017 1510 0023 1520 7DAB,1536653143767757,5.635728069088031,-47.5,0.0,2
1703 0003 4B03 5024 6CA9 0E00,1536653143772716,1.6473780205853643,-64.0,0.0,2
1703 0003 6B03 5024 14A8 0E00,1536653143778433,4.960776522418349,-66.0,0.0,2
1703 0003 6B03 5024 40A7 0E00,1536653143785305,5.629592145936488,-62.5,0.0,2
1703 0003 0B03 5024 28A8 0E00,1536653143791444,4.31650459150638,-65.5,0.0,2
1703 0003 6B03 5024 40A7 0E00,1536653143830018,2.6352616479837168,-62.0,0.0,1
E200 0017 1510 0023 1520 7DAB,1536653143834822,5.249164910540849,-48.5,0.0,1
1001,1536653143840468,3.1752228853194624,-60.5,0.0,1
1001,1536653143858602,2.9911451907731856,-60.5,0.0,1
E200 0017 1510 0023 1520 7DAB,1536653143869711,4.991456138176062,-48.5,0.0,1
1703 0003 6B03 5024 40A7 0E00,1536653143874723,2.383688798770472,-63.0,0.0,1
E200 0017 1510 0023 1520 7DAB,1536653143900187,5.150990140116169,-46.5,0.0,2
1703 0003 0B03 5024 28A8 0E00,1536653143904734,3.463611273441963,-66.5,0.0,2
1703 0003 6B03 5024 14A8 0E00,1536653143915746,4.31650459150638,-63.5,0.0,2
1703 0003 0B03 5024 28A8 0E00,1536653143930316,3.1936306547740902,-66.5,0.0,2
1703 0003 6B03 5024 14A8 0E00,1536653143936868,4.089475434899304,-62.5,0.0,2
E200 0017 1510 0023 1520 7DAB,1536653143942446,5.05895129284303,-46.5,0.0,2
1703 0003 0B03 5024 E8A6 0E00,1536653143947930,2.727300495256855,-65.0,0.0,2
1001,1536653143986886,3.9360773561107405,-60.5,0.0,1
E200 0017 1510 0023 1520 7DAB,1536653143998675,4.3901356693248905,-48.0,0.0,1
1703 0003 4B03 5024 48A7 0E00,1536653144003308,0.524504083853075,-62.5,0.0,1
1703 0003 6B03 5024 14A8 0E00,1536653144009032,4.414679361931061,-64.0,0.0,1
E200 0017 1510 0023 1520 7DAB,1536653144022046,4.328776437809465,-48.0,0.0,1
1703 0003 6B03 5024 14A8 0E00,1536653144044567,4.046523972838507,-63.0,0.0,1
1703 0003 0B03 5024 E8A6 0E00,1536653144061099,2.647533494286802,-65.0,0.0,2
E200 0017 1510 0023 1520 7DAB,1536653144072478,4.531261901810369,-46.5,0.0,2
1703 0003 6B03 5024 14A8 0E00,1536653144091642,3.451339427138878,-62.5,0.0,2
1703 0003 4B03 5024 5CA7 0E00,1536653144106101,5.605048453330318,-64.5,0.0,2
1703 0003 0B03 5024 28A8 0E00,1536653144110651,2.2180188736788224,-66.0,0.0,2
1703 0003 0B03 5024 70A9 0E00,1536653144115479,1.1503682453104158,-65.5,0.0,2
1703 0003 6B03 5024 14A8 0E00,1536653144125737,3.2979413483503137,-61.5,0.0,2
1703 0003 0B03 5024 E8A6 0E00,1536653144130263,2.5554946470136635,-64.5,0.0,2
E200 0017 1510 0023 1520 7DAB,1536653144140057,4.199922051627071,-46.0,0.0,2
1703 0003 0B03 5024 70A9 0E00,1536653144144954,1.2485430157350974,-66.5,0.0,2
1703 0003 4B03 5024 5CA7 0E00,1536653144150229,5.56209699126952,-66.0,0.0,2
1703 0003 0B03 5024 28A8 0E00,1536653144154799,2.040077102284088,-66.5,0.0,2
E200 0017 1510 0023 1520 7DAB,1536653144195038,3.801087046776804,-48.0,0.0,1
E200 0017 1510 0023 1520 7DAB,1536653144210405,3.7090481995036657,-48.0,0.0,1
1703 0003 6B03 5024 14A8 0E00,1536653144227356,2.9788733444701005,-61.0,0.0,2
1002,1536653144241463,5.924116457210531,-60.0,0.0,2
E200 0017 1510 0023 1520 7DAB,1536653144246090,3.813358893079889,-46.5,0.0,2
1703 0003 0B03 5024 E8A6 0E00,1536653144260010,2.083028564344886,-64.5,0.0,2
1703 0003 0B03 5024 70A9 0E00,1536653144264576,1.702601328949247,-64.5,0.0,2
1002,1536653144283568,6.1388737675145215,-59.5,0.0,2
1703 0003 0B03 5024 E8A6 0E00,1536653144288034,1.745552791010045,-64.5,0.0,2
E200 0017 1510 0023 1520 7DAB,1536653144293573,3.6722326605944104,-47.0,0.0,2
1703 0003 6B03 5024 14A8 0E00,1536653144298818,2.71502864895377,-60.0,0.0,2
1703 0003 0B03 5024 70A9 0E00,1536653144303506,1.4448925565844597,-65.5,0.0,2
E200 0017 1510 0023 1520 7DAB,1536653144350041,3.5311064281089313,-47.5,0.0,1
0001,1536653144357542,3.856310355140687,-65.0,0.0,1
E200 0017 1510 0023 1520 7DAB,1536653144369626,3.537242351260474,-47.5,0.0,1
1001,1536653144379286,0.46928077548919145,-61.0,0.0,1
0001,1536653144384150,3.6047375059274422,-66.0,0.0,1
1703 0003 0B03 5024 E8A6 0E00,1536653144407943,1.1012808600980755,-65.0,0.0,2
E200 0017 1510 0023 1520 7DAB,1536653144412835,3.2488539631379734,-47.5,0.0,2
1703 0003 6B03 5024 40A7 0E00,1536653144417937,2.0093974865263755,-61.5,0.0,2
1703 0003 6B03 5024 14A8 0E00,1536653144424359,2.1137081801025985,-61.0,0.0,2
1002,1536653144428804,6.120465998059894,-58.5,0.0,2
1703 0003 0B03 5024 CCA7 0E00,1536653144434539,5.249164910540849,-63.5,0.0,2
1703 0003 0B03 5024 D4A6 0E00,1536653144443457,6.20636892218149,-65.0,0.0,2
0001,1536653144455139,4.531261901810369,-67.5,0.0,2
1703 0003 6B03 5024 14A8 0E00,1536653144472366,1.9909897170717477,-60.5,0.0,2
1703 0003 0B03 5024 CCA7 0E00,1536653144478116,4.960776522418349,-62.5,0.0,2
1002,1536653144483111,0.0029506159719563385,-58.0,0.0,2
E200 0017 1510 0023 1520 7DAB,1536653144488777,3.083184038046324,-48.0,0.0,2
1703 0003 6B03 5024 40A7 0E00,1536653144493513,1.911222716101694,-61.5,0.0,2
1703 0003 0B03 5024 E8A6 0E00,1536653144498038,0.8681157803394584,-66.0,0.0,2
1703 0003 0B03 5024 D4A6 0E00,1536653144502885,6.034563073938298,-65.5,0.0,2
1001,1536653144538350,1.1503682453104158,-60.5,0.0,1
1703 0003 0B03 5024 DCA6 0E00,1536653144543979,2.9481937287123876,-62.0,0.0,1
0001,1536653144548740,4.6417085185381355,-66.0,0.0,1
E200 0017 1510 0023 1520 7DAB,1536653144554183,3.3470287335626545,-47.0,0.0,1
1001,1536653144568504,1.0767371674919053,-59.5,0.0,1
1703 0003 0B03 5024 DCA6 0E00,1536653144573166,2.518679108104408,-63.0,0.0,1
E200 0017 1510 0023 1520 7DAB,1536653144577754,3.3470287335626545,-47.0,0.0,1
1002,1536653144598776,0.07044577063892454,-57.0,0.0,2
1703 0003 0B03 5024 CCA7 0E00,1536653144606060,4.353320130415635,-61.0,0.0,2
E200 0017 1510 0023 1520 7DAB,1536653144610563,2.886834497196962,-47.5,0.0,2
1703 0003 6B03 5024 14A8 0E00,1536653144615066,1.7700964836162152,-62.5,0.0,2
1703 0003 6B03 5024 40A7 0E00,1536653144620132,1.7762324067677575,-61.5,0.0,2
1703 0003 0B03 5024 60A9 0E00,1536653144639836,3.874718124595315,-65.0,0.0,2
1703 0003 4B03 5024 5CA7 0E00,1536653144644872,2.494135415498238,-67.0,0.0,2
1703 0003 0B03 5024 E8A6 0E00,1536653144649834,0.2545234651852013,-66.0,0.0,2
1703 0003 4B03 5024 5CA7 0E00,1536653144661875,2.346873259861216,-65.0,0.0,2
0001,1536653144667806,5.427106681935584,-66.5,0.0,2
1002,1536653144676892,0.11339723269972257,-56.5,0.0,2
1703 0003 0B03 5024 CCA7 0E00,1536653144681554,4.212193897930156,-61.0,0.0,2
E200 0017 1510 0023 1520 7DAB,1536653144697320,2.678213110044515,-47.5,0.0,2
1703 0003 6B03 5024 40A7 0E00,1536653144705496,1.6289702511307365,-62.0,0.0,2
1703 0003 6B03 5024 14A8 0E00,1536653144717962,1.6535139437369066,-64.0,0.0,2
E200 0017 1510 0023 1520 7DAB,1536653144756384,3.1199995769555793,-47.0,0.0,1
E200 0017 1510 0023 1520 7DAB,1536653144779195,3.1322714232586644,-47.0,0.0,1
1703 0003 4B03 5024 5CA7 0E00,1536653144799675,1.4203488639782886,-65.5,0.0,2
1703 0003 4B03 5024 6CA9 0E00,1536653144804708,6.169553383272234,-64.5,0.0,2
1703 0003 6B03 5024 40A7 0E00,1536653144810461,1.2485430157350974,-63.5,0.0,2
1002,1536653144814961,0.4631448523376491,-56.5,0.0,2
E200 0017 1510 0023 1520 7DAB,1536653144820133,2.5432228007105784,-47.5,0.0,2
1703 0003 0B03 5024 CCA7 0E00,1536653144829886,3.6292811985336124,-60.5,0.0,2
1703 0003 6B03 5024 14A8 0E00,1536653144841954,1.4939799417968,-66.0,0.0,2
1002,1536653144877578,0.5674555459138722,-56.0,0.0,2
1703 0003 6B03 5024 40A7 0E00,1536653144883474,1.0767371674919053,-63.0,0.0,2
1703 0003 0B03 5024 44A6 0E00,1536653144888197,4.739883288962816,-66.5,0.0,2
1703 0003 4B03 5024 6CA9 0E00,1536653144893772,0.027494308578126514,-63.5,0.0,2
E200 0017 1510 0023 1520 7DAB,1536653144898815,2.4879994923466953,-47.5,0.0,2
1703 0003 0B03 5024 CCA7 0E00,1536653144904288,3.2488539631379734,-60.5,0.0,2
1703 0003 4B03 5024 5CA7 0E00,1536653144910392,0.9356109350064266,-64.5,0.0,2
1703 0003 0B03 5024 5CA7 0E00,1536653144917701,0.40792154397376557,-63.5,0.0,2
1703 0003 6B03 5024 14A8 0E00,1536653144925275,1.408077017675204,-65.5,0.0,2
E200 0017 1510 0023 1520 7DAB,1536653144961537,2.8377471119846214,-47.0,0.0,1
0001,1536653144969789,1.9787178707686621,-64.5,0.0,1
1703 0003 8B03 5024 10A7 0E00,1536653144974421,4.163106512717816,-62.5,0.0,1
E200 0017 1510 0023 1520 7DAB,1536653144984840,2.7395723415599402,-47.5,0.0,1
0001,1536653144996885,2.402096568225099,-63.5,0.0,1
1703 0003 8B03 5024 10A7 0E00,1536653145001574,4.046523972838507,-63.0,0.0,1
1703 0003 0B03 5024 CCA7 0E00,1536653145018426,2.7947956499238233,-61.0,0.0,2
1002,1536653145025273,0.77607693306632,-56.5,0.0,2
E200 0017 1510 0023 1520 7DAB,1536653145030143,2.3714169524673867,-48.0,0.0,2
1703 0003 4B03 5024 5CA7 0E00,1536653145038711,0.6226788542777557,-65.0,0.0,2
1703 0003 8B03 5024 6CA9 0E00,1536653145059864,5.396427066177871,-63.5,0.0,2
1703 0003 0B03 5024 70A9 0E00,1536653145066028,1.2853585546443522,-69.0,0.0,2
1703 0003 4B03 5024 6CA9 0E00,1536653145072743,0.2852030809429147,-63.5,0.0,2
1703 0003 0B03 5024 70A9 0E00,1536653145083733,1.242407092583555,-66.5,0.0,2
1703 0003 0B03 5024 B0A8 0E00,1536653145089942,4.917825060357551,-62.0,0.0,2
E200 0017 1510 0023 1520 7DAB,1536653145094516,2.494135415498238,-48.0,0.0,2
1703 0003 8B03 5024 6CA9 0E00,1536653145100135,5.255300833692392,-62.5,0.0,2
1002,1536653145105126,1.070601244340363,-56.5,0.0,2
1703 0003 4B03 5024 6CA9 0E00,1536653145109614,0.1563486947605206,-63.5,0.0,2
1703 0003 0B03 5024 CCA7 0E00,1536653145114860,2.5309509544074933,-61.5,0.0,2
1703 0003 4B03 5024 5CA7 0E00,1536653145121939,0.027494308578126514,-64.5,0.0,2
E200 0017 1510 0023 1520 7DAB,1536653145168372,2.5309509544074933,-47.5,0.0,1
1002,1536653145172934,5.384155219874786,-58.0,0.0,1
0001,1536653145177246,3.150679192713292,-62.0,0.0,1
1703 0003 8B03 5024 10A7 0E00,1536653145183063,3.5433782744120164,-64.0,0.0,1
1002,1536653145194752,5.304388218904732,-58.0,0.0,1
E200 0017 1510 0023 1520 7DAB,1536653145199183,2.438912107134355,-47.5,0.0,1
1703 0003 8B03 5024 10A7 0E00,1536653145206119,3.322485040956484,-62.5,0.0,1
0001,1536653145210944,3.1322714232586644,-61.0,0.0,1
1703 0003 8B03 5024 10A7 0E00,1536653145232899,1.346717786159778,-63.5,0.0,2
1002,1536653145237511,1.7946401762223854,-57.5,0.0,2
1703 0003 4B03 5024 5CA7 0E00,1536653145242647,5.979339765574415,-64.5,0.0,2
1703 0003 0B03 5024 B0A7 0E00,1536653145248238,4.426951208234145,-64.5,0.0,2
E200 0017 1510 0023 1520 7DAB,1536653145259334,2.5248150312559505,-48.0,0.0,2
1001,1536653145269688,5.065087215994573,-60.0,0.0,2
1703 0003 4B03 5024 6CA9 0E00,1536653145274234,0.47541669864073377,-62.5,0.0,2
1703 0003 0B03 5024 B0A8 0E00,1536653145296838,4.9791842918729765,-60.5,0.0,2
1703 0003 0B03 5024 CCA7 0E00,1536653145301469,1.6780576363430768,-62.5,0.0,2
1703 0003 4B03 5024 B4A7 0E00,1536653145306978,4.690795903750476,-63.0,0.0,2
1703 0003 6B03 5024 40A7 0E00,1536653145312185,6.126601921211436,-63.5,0.0,2
1703 0003 6B03 5024 14A8 0E00,1536653145317090,1.892814946647066,-65.5,0.0,2
1703 0003 8B03 5024 6CA9 0E00,1536653145323707,5.3718833735717,-63.5,0.0,2
1703 0003 0B03 5024 B0A8 0E00,1536653145338441,4.954640599266806,-61.0,0.0,2
E200 0017 1510 0023 1520 7DAB,1536653145343924,2.5309509544074933,-48.0,0.0,2
1703 0003 0B03 5024 B0A7 0E00,1536653145349810,4.322640514657922,-63.0,0.0,2
1703 0003 4B03 5024 6CA9 0E00,1536653145355760,0.3895137745191386,-63.0,0.0,2
1703 0003 6B03 5024 40A7 0E00,1536653145360568,6.187961152726862,-63.0,0.0,2
1703 0003 4B03 5024 5CA7 0E00,1536653145372188,5.598912530178776,-64.0,0.0,2
1001,1536653145382066,5.335067834662445,-60.5,0.0,2
1703 0003 4B03 5024 B4A7 0E00,1536653145387984,4.4085434387795175,-62.5,0.0,2
1703 0003 8B03 5024 6CA9 0E00,1536653145396524,5.138718293813083,-62.5,0.0,2
1703 0003 6B03 5024 14A8 0E00,1536653145402393,1.4817080954937145,-65.0,0.0,2
1703 0003 8B03 5024 10A7 0E00,1536653145407556,0.7147177015508941,-63.0,0.0,2
1703 0003 0B03 5024 CCA7 0E00,1536653145412246,0.923339088703341,-62.0,0.0,2
0001,1536653145452465,3.727455968958293,-62.0,0.0,1
E200 0017 1510 0023 1520 7DAB,1536653145463556,2.267106258891163,-48.0,0.0,1
1002,1536653145467982,6.273864076848458,-54.5,0.0,1
1002,1536653145479459,0.009086539123499549,-54.5,0.0,1
0001,1536653145486164,4.034252126535422,-64.0,0.0,1
E200 0017 1510 0023 1520 7DAB,1536653145490490,2.2364266431334503,-48.0,0.0,1
1703 0003 4B03 5024 B4A7 0E00,1536653145506204,3.874718124595315,-63.0,0.0,2
1703 0003 0B03 5024 B0A8 0E00,1536653145512559,4.881009521448296,-62.0,0.0,2
1703 0003 8B03 5024 10A7 0E00,1536653145517267,0.6104070079746702,-63.0,0.0,2
1703 0003 6B03 5024 14A8 0E00,1536653145522641,1.3160381704020656,-62.5,0.0,2
1703 0003 0B03 5024 B0A7 0E00,1536653145527238,3.2795335788956863,-63.0,0.0,2
1703 0003 8B03 5024 6CA9 0E00,1536653145532107,4.960776522418349,-65.0,0.0,2
E200 0017 1510 0023 1520 7DAB,1536653145536743,2.310057720951961,-47.0,0.0,2
1703 0003 4B03 5024 6CA9 0E00,1536653145541570,0.524504083853075,-63.0,0.0,2
1703 0003 4B03 5024 5CA7 0E00,1536653145547255,4.911689137206008,-63.0,0.0,2
1703 0003 6B03 5024 40A7 0E00,1536653145553298,5.243028987389307,-63.0,0.0,2
1703 0003 0B03 5024 CCA7 0E00,1536653145557921,0.27906715779137237,-61.5,0.0,2
1703 0003 0B03 5024 28A8 0E00,1536653145562756,5.795262071028137,-66.5,0.0,2
1703 0003 2B03 5024 1CA6 0E00,1536653145585006,4.107883204353932,-64.5,0.0,2
1002,1536653145589602,4.353320130415635,-57.5,0.0,2
E200 0017 1510 0023 1520 7DAB,1536653145603255,2.1321159495572264,-46.5,0.0,2
1703 0003 8B03 5024 10A7 0E00,1536653145607947,0.49996039124690395,-62.0,0.0,2
1703 0003 6B03 5024 14A8 0E00,1536653145613847,1.346717786159778,-60.5,0.0,2
1703 0003 4B03 5024 5CA7 0E00,1536653145619016,4.561941517568082,-62.5,0.0,2
1703 0003 0B03 5024 28A8 0E00,1536653145634181,5.3718833735717,-65.0,0.0,2
1703 0003 0B03 5024 B0A8 0E00,1536653145638914,4.764426981568986,-61.5,0.0,2
1002,1536653145644064,4.60489297962888,-57.0,0.0,2
1703 0003 4B03 5024 B4A7 0E00,1536653145649068,3.4022520419265376,-62.5,0.0,2
1703 0003 6B03 5024 40A7 0E00,1536653145654119,5.261436756843935,-63.0,0.0,2
1703 0003 4B03 5024 6CA9 0E00,1536653145658693,0.6104070079746702,-63.5,0.0,2
1703 0003 0B03 5024 CCA7 0E00,1536653145671903,0.13794092530589275,-62.0,0.0,2
1703 0003 0B03 5024 B0A7 0E00,1536653145676524,2.942057805560845,-62.5,0.0,2
1703 0003 2B03 5024 1CA6 0E00,1536653145682040,3.0340966528339837,-65.0,0.0,2
E200 0017 1510 0023 1520 7DAB,1536653145730024,2.107572256951056,-48.0,0.0,1
1002,1536653145734988,0.7944847025209478,-53.0,0.0,1
1703 0003 0B03 5024 DCA6 0E00,1536653145745125,4.457630823991859,-61.0,0.0,1
1703 0003 6B03 5024 14A8 0E00,1536653145751489,3.2059025010771753,-62.0,0.0,1
1002,1536653145761725,0.8987953960971709,-52.5,0.0,1
E200 0017 1510 0023 1520 7DAB,1536653145766540,2.0891644874964284,-47.5,0.0,1
1703 0003 0B03 5024 DCA6 0E00,1536653145773764,4.543533748113454,-61.0,0.0,1
1703 0003 6B03 5024 14A8 0E00,1536653145794664,2.721164572105313,-62.5,0.0,1
1703 0003 0B03 5024 D0A6 0E00,1536653145799513,4.58034928702271,-64.5,0.0,1
1703 0003 6B03 5024 14A8 0E00,1536653145816898,1.1442323221588735,-60.0,0.0,2
E200 0017 1510 0023 1520 7DAB,1536653145823519,2.0768926411933437,-45.5,0.0,2
1703 0003 0B03 5024 54A8 0E00,1536653145828710,1.199455630522757,-65.0,0.0,2
1002,1536653145833394,5.592776607027233,-55.5,0.0,2
1703 0003 6B03 5024 40A7 0E00,1536653145837693,4.371727899870263,-63.5,0.0,2
1703 0003 4B03 5024 B4A7 0E00,1536653145842830,2.5002713386497804,-63.5,0.0,2
1703 0003 0B03 5024 B0A7 0E00,1536653145848285,2.402096568225099,-62.5,0.0,2
1703 0003 8B03 5024 10A7 0E00,1536653145853619,0.17475646421514845,-60.5,0.0,2
1703 0003 0B03 5024 CCA7 0E00,1536653145858127,6.273864076848458,-62.0,0.0,2
1703 0003 4B03 5024 5CA7 0E00,1536653145863446,3.6415530448366975,-63.0,0.0,2
1703 0003 4B03 5024 6CA9 0E00,1536653145882690,0.9172031655517987,-63.5,0.0,2
1703 0003 0B03 5024 B0A8 0E00,1536653145887306,4.752155135265902,-63.0,0.0,2
1703 0003 0B03 5024 28A8 0E00,1536653145892378,4.782834751023614,-65.5,0.0,2
0001,1536653145914608,4.58034928702271,-66.5,0.0,2
1703 0003 0B03 5024 CCA7 0E00,1536653145920595,6.163417460120692,-63.0,0.0,2
1703 0003 0B03 5024 44A6 0E00,1536653145926051,5.206213448480051,-63.5,0.0,2
1703 0003 0B03 5024 28A8 0E00,1536653145933134,4.279689052597124,-65.5,0.0,2
1703 0003 8B03 5024 10A7 0E00,1536653145937761,0.021358385426584192,-60.0,0.0,2
1703 0003 6B03 5024 40A7 0E00,1536653145942249,4.07720358859622,-62.0,0.0,2
E200 0017 1510 0023 1520 7DAB,1536653145946929,2.0032615633748323,-45.5,0.0,2
1703 0003 2B03 5024 1CA6 0E00,1536653145951608,1.4878440186452568,-62.5,0.0,2
1703 0003 0B03 5024 B0A7 0E00,1536653145957061,1.9848537939202053,-63.0,0.0,2
1002,1536653145962064,6.06524268969601,-54.0,0.0,2
1703 0003 6B03 5024 14A8 0E00,1536653145966756,0.9969701665218524,-59.5,0.0,2
1703 0003 0B03 5024 54A8 0E00,1536653145993634,0.26679531148828683,-64.5,0.0,2
1703 0003 0B03 5024 B0A8 0E00,1536653146001242,4.856465828842126,-62.5,0.0,2
1703 0003 4B03 5024 5CA7 0E00,1536653146005891,3.1199995769555793,-64.5,0.0,2
1703 0003 4B03 5024 B4A7 0E00,1536653146010668,2.1198441032541417,-63.5,0.0,2
1703 0003 0B03 5024 E8A6 0E00,1536653146015594,6.077514535999096,-63.5,0.0,2
1703 0003 4B03 5024 34A6 0E00,1536653146021346,0.9049313192487132,-67.5,0.0,2
1703 0003 4B03 5024 6CA9 0E00,1536653146026225,1.3160381704020656,-64.5,0.0,2
1703 0003 6B03 5024 6CA9 0E00,1536653146030652,0.8251643182786603,-66.5,0.0,2
1703 0003 0B03 5024 DCA6 0E00,1536653146070910,3.095455884349409,-60.5,0.0,1
E200 0017 1510 0023 1520 7DAB,1536653146077553,2.494135415498238,-47.5,0.0,1
1002,1536653146082457,2.5923101859229187,-56.0,0.0,1
E200 0017 1510 0023 1520 7DAB,1536653146104941,2.5002713386497804,-48.0,0.0,1
1002,1536653146110119,2.8254752656815363,-55.5,0.0,1
1703 0003 0B03 5024 DCA6 0E00,1536653146127979,2.8070674962269084,-61.5,0.0,1
1703 0003 0B03 5024 B0A7 0E00,1536653146144907,1.2239993231289272,-62.0,0.0,2
1703 0003 8B03 5024 10A7 0E00,1536653146149900,5.807533917331223,-59.5,0.0,2
1002,1536653146154146,0.4570089291861068,-53.5,0.0,2
1703 0003 4B03 5024 5CA7 0E00,1536653146158490,2.813203419378451,-65.5,0.0,2
E200 0017 1510 0023 1520 7DAB,1536653146163008,2.101436333799514,-45.0,0.0,2
1703 0003 0B03 5024 B0A8 0E00,1536653146167704,5.089630908600743,-63.0,0.0,2
1703 0003 0B03 5024 54A8 0E00,1536653146173320,5.5682329144210625,-65.0,0.0,2
1703 0003 2B03 5024 0CA8 0E00,1536653146186067,0.5122322375499895,-65.0,0.0,2
1703 0003 4B03 5024 5CA8 0E00,1536653146192957,5.200077525328509,-64.5,0.0,2
1703 0003 6B03 5024 40A7 0E00,1536653146197562,3.537242351260474,-63.0,0.0,2
1703 0003 0B03 5024 44A6 0E00,1536653146202668,5.224621217934679,-62.5,0.0,2
1703 0003 4B03 5024 6CA9 0E00,1536653146208277,1.512387711251428,-64.5,0.0,2
1703 0003 4B03 5024 34A6 0E00,1536653146214174,0.1195331558512649,-65.5,0.0,2
1703 0003 0B03 5024 28A8 0E00,1536653146219147,3.3408928104111117,-66.0,0.0,2
1703 0003 2B03 5024 1CA6 0E00,1536653146232492,0.26679531148828683,-62.5,0.0,2
1703 0003 6B03 5024 14A8 0E00,1536653146238404,0.5797273922169577,-61.5,0.0,2
0001,1536653146242842,0.027494308578126514,-66.5,0.0,2
1703 0003 0B03 5024 E8A6 0E00,1536653146248283,6.022291227635213,-65.5,0.0,2
1703 0003 8B03 5024 5CA7 0E00,1536653146263319,6.20636892218149,-65.5,0.0,2
E200 0017 1510 0023 1520 7DAB,1536653146279396,2.2977858746488757,-44.5,0.0,2
1703 0003 0B03 5024 B0A8 0E00,1536653146285123,5.224621217934679,-62.0,0.0,2
1703 0003 0B03 5024 B0A7 0E00,1536653146291463,0.5797273922169577,-64.0,0.0,2
1703 0003 6B03 5024 40A7 0E00,1536653146296043,3.439067580835793,-63.5,0.0,2
1703 0003 0B03 5024 44A6 0E00,1536653146301375,5.1878056790254234,-63.5,0.0,2
1703 0003 4B03 5024 5CA7 0E00,1536653146306125,1.7332809447069595,-65.0,0.0,2
1002,1536653146310485,1.2976304009474378,-54.5,0.0,2
1703 0003 0B03 5024 E8A6 0E00,1536653146315457,6.077514535999096,-65.5,0.0,2
1703 0003 0B03 5024 28A8 0E00,1536653146320423,2.5616305701652062,-66.0,0.0,2
1703 0003 2B03 5024 0CA8 0E00,1536653146325517,5.911844610907447,-66.0,0.0,2
1703 0003 0B03 5024 54A8 0E00,1536653146330412,4.887145444599838,-65.0,0.0,2
1703 0003 6B03 5024 14A8 0E00,1536653146335881,0.5613196227623298,-62.5,0.0,2
1703 0003 8B03 5024 6CA9 0E00,1536653146340530,0.3588341587614252,-63.5,0.0,2
1703 0003 8B03 5024 10A7 0E00,1536653146347738,5.138718293813083,-61.0,0.0,2
1703 0003 2B03 5024 1CA6 0E00,1536653146354062,5.8627572256951055,-63.0,0.0,2
1703 0003 4B03 5024 6CA9 0E00,1536653146372304,2.015533409677918,-65.5,0.0,2
1002,1536653146412759,4.617164825931965,-56.5,0.0,1
E200 0017 1510 0023 1520 7DAB,1536653146417304,3.107727730652494,-47.0,0.0,1
1703 0003 0B03 5024 DCA6 0E00,1536653146424063,0.49996039124690395,-60.5,0.0,1
1703 0003 0B03 5024 DCA6 0E00,1536653146436095,0.5122322375499895,-61.5,0.0,1
1002,1536653146443792,4.715339596356646,-56.0,0.0,1
E200 0017 1510 0023 1520 7DAB,1536653146448493,3.2181743473802604,-47.0,0.0,1
1703 0003 4B03 5024 48A7 0E00,1536653146453438,5.365747450420158,-63.5,0.0,1
1703 0003 6B03 5024 14A8 0E00,1536653146471355,0.5060963143984472,-63.0,0.0,2
1703 0003 4B03 5024 6CA9 0E00,1536653146476696,2.107572256951056,-64.5,0.0,2
1002,1536653146481975,2.2609703357396205,-56.0,0.0,2
1703 0003 0B03 5024 B0A8 0E00,1536653146486421,6.157281536969149,-63.0,0.0,2
1703 0003 4B03 5024 5CA7 0E00,1536653146493374,1.0583293980372774,-63.5,0.0,2
1703 0003 8B03 5024 10A7 0E00,1536653146497948,4.617164825931965,-61.0,0.0,2
E200 0017 1510 0023 1520 7DAB,1536653146503244,2.8684267277423343,-45.5,0.0,2
1703 0003 8B03 5024 6CA9 0E00,1536653146508490,0.880387626642543,-64.5,0.0,2
1703 0003 0B03 5024 B0A7 0E00,1536653146516536,0.0029506159719563385,-65.0,0.0,2
1703 0003 2B03 5024 1CA6 0E00,1536653146522349,5.193941602176967,-64.0,0.0,2
1703 0003 0B03 5024 28A8 0E00,1536653146527706,1.8437275614347257,-65.5,0.0,2
1703 0003 0B03 5024 6CA6 0E00,1536653146533329,3.3286209641080267,-67.5,0.0,2
1703 0003 2B03 5024 0CA8 0E00,1536653146538170,4.703067750053561,-65.5,0.0,2
1703 0003 0B03 5024 B0A7 0E00,1536653146554041,6.083650459150638,-65.5,0.0,2
1002,1536653146563242,2.8991063435000473,-56.0,0.0,2
1703 0003 0B03 5024 B0A8 0E00,1536653146567589,0.021358385426584192,-63.0,0.0,2
1703 0003 8B03 5024 10A7 0E00,1536653146573122,4.4085434387795175,-61.0,0.0,2
1703 0003 4B03 5024 6CA9 0E00,1536653146577925,2.389824721922014,-66.0,0.0,2
1703 0003 8B03 5024 6CA9 0E00,1536653146583291,1.1074167832496178,-64.0,0.0,2
1703 0003 2B03 5024 1CA6 0E00,1536653146589549,4.672388134295848,-64.5,0.0,2
E200 0017 1510 0023 1520 7DAB,1536653146594270,3.113863653804037,-46.0,0.0,2
1703 0003 0B03 5024 28A8 0E00,1536653146602243,1.831455715131641,-64.5,0.0,2
1703 0003 0B03 5024 6CA6 0E00,1536653146612424,3.2795335788956863,-68.0,0.0,2
1703 0003 6B03 5024 14A8 0E00,1536653146624274,0.4140574671253088,-64.0,0.0,2
1703 0003 0B03 5024 DCA6 0E00,1536653146662455,5.077359062297658,-62.5,0.0,1
E200 0017 1510 0023 1520 7DAB,1536653146674962,3.5740578901697293,-46.5,0.0,1
1002,1536653146680141,5.427106681935584,-57.0,0.0,1
E200 0017 1510 0023 1520 7DAB,1536653146695231,3.5679219670181865,-46.5,0.0,1
1703 0003 0B03 5024 DCA6 0E00,1536653146711027,5.635728069088031,-61.5,0.0,1
1002,1536653146715751,5.476194067147924,-57.5,0.0,1
1703 0003 4B03 5024 48A7 0E00,1536653146721248,5.4639222208448395,-64.0,0.0,1
1002,1536653146739872,3.9053977403530276,-53.5,0.0,2
1703 0003 2B03 5024 1CA6 0E00,1536653146745006,4.003572510777708,-65.5,0.0,2
E200 0017 1510 0023 1520 7DAB,1536653146750416,3.396116118774995,-45.5,0.0,2
1703 0003 4B03 5024 48A7 0E00,1536653146769461,3.0340966528339837,-65.0,0.0,2
1703 0003 0B03 5024 B0A8 0E00,1536653146774183,0.5490477764592452,-63.0,0.0,2
1703 0003 8B03 5024 10A7 0E00,1536653146778906,3.770407431019091,-60.0,0.0,2
1703 0003 0B03 5024 E8A6 0E00,1536653146788083,6.194097075878404,-64.5,0.0,2
1703 0003 4B03 5024 D4A7 0E00,1536653146794283,1.7148731752523325,-65.0,0.0,2
1703 0003 8B03 5024 6CA9 0E00,1536653146800534,1.4571644028875443,-66.5,0.0,2
0001,1536653146821658,5.709359146906542,-67.0,0.0,2
E200 0017 1510 0023 1520 7DAB,1536653146827430,3.5311064281089313,-44.5,0.0,2
1002,1536653146832779,4.193786128475528,-52.0,0.0,2
1703 0003 8B03 5024 10A7 0E00,1536653146837424,3.702912276352123,-60.0,0.0,2
1703 0003 8B03 5024 6CA9 0E00,1536653146842710,1.8989508697986093,-64.5,0.0,2
1703 0003 4B03 5024 5CA7 0E00,1536653146847362,0.6042710848231279,-64.5,0.0,2
1703 0003 0B03 5024 B0A8 0E00,1536653146857722,0.8313002414302026,-64.0,0.0,2
9703 0003 6B03 5024 70A8 0E00,1536653146869099,5.3166600652078175,-62.0,0.0,2
1703 0003 4B03 5024 48A7 0E00,1536653146876483,2.5370868775590356,-64.0,0.0,2
1703 0003 0B03 5024 E8A6 0E00,1536653146881111,6.267728153696915,-64.5,0.0,2
E200 0017 1510 0023 1520 7DAB,1536653146925522,3.9053977403530276,-47.0,0.0,1
E200 0017 1510 0023 1520 7DAB,1536653146935688,3.9728928950199958,-46.5,0.0,1
1703 0003 4B03 5024 5CA7 0E00,1536653146955603,0.47541669864073377,-65.0,0.0,2
1002,1536653146960244,4.377863823021805,-52.5,0.0,2
1703 0003 0B03 5024 B0A8 0E00,1536653146972577,1.2239993231289272,-64.0,0.0,2
E200 0017 1510 0023 1520 7DAB,1536653146983140,3.8501744319891444,-44.5,0.0,2
9703 0003 6B03 5024 70A8 0E00,1536653146988916,4.7276114426597315,-61.0,0.0,2
1703 0003 0B03 5024 E8A6 0E00,1536653146993411,6.1818252295753195,-63.0,0.0,2
1703 0003 8B03 5024 10A7 0E00,1536653146998240,3.396116118774995,-59.0,0.0,2
1703 0003 6B03 5024 14A8 0E00,1536653147003243,0.34042638930679736,-63.5,0.0,2
1703 0003 4B03 5024 48A7 0E00,1536653147015199,2.0093974865263755,-61.0,0.0,2
1703 0003 6B03 5024 50A7 0E00,1536653147019763,0.2852030809429147,-67.5,0.0,2
1703 0003 8B03 5024 3CA9 0E00,1536653147025118,5.678679531148829,-63.5,0.0,2
1002,1536653147053035,4.549669671264997,-53.5,0.0,2
1703 0003 4B03 5024 48A7 0E00,1536653147057415,1.8989508697986093,-60.5,0.0,2
E200 0017 1510 0023 1520 7DAB,1536653147063275,4.0097084339292515,-44.5,0.0,2
1703 0003 2B03 5024 4CA9 0E00,1536653147075633,5.598912530178776,-65.5,0.0,2
1703 0003 0B03 5024 E8A6 0E00,1536653147082689,6.237048537939202,-64.0,0.0,2
1703 0003 4B03 5024 5CA7 0E00,1536653147087984,0.21770792627594648,-64.5,0.0,2
9703 0003 6B03 5024 70A8 0E00,1536653147093018,4.463766747143401,-62.0,0.0,2
1001,1536653147097856,1.8253197919800979,-60.5,0.0,2
1703 0003 6B03 5024 14A8 0E00,1536653147104374,0.34042638930679736,-64.0,0.0,2
1703 0003 8B03 5024 10A7 0E00,1536653147110491,3.126135500107122,-58.5,0.0,2
1703 0003 6B03 5024 50A7 0E00,1536653147129295,0.16862054106360613,-66.0,0.0,2
E200 0017 1510 0023 1520 7DAB,1536653147174383,4.568077440719625,-47.5,0.0,1
E200 0017 1510 0023 1520 7DAB,1536653147188249,4.568077440719625,-47.5,0.0,1
1001,1536653147205519,1.1503682453104158,-61.0,0.0,2
1703 0003 4B03 5024 4CA9 0E00,1536653147210484,0.6901740089447239,-65.0,0.0,2
E200 0017 1510 0023 1520 7DAB,1536653147217583,4.445358977688773,-45.0,0.0,2
1703 0003 4B03 5024 48A7 0E00,1536653147222185,1.3712614787659483,-60.5,0.0,2
1703 0003 9B03 5024 FCA2 0E00,1536653147226795,0.24225161888211666,-63.0,0.0,2
1703 0003 0B03 5024 E8A6 0E00,1536653147231439,0.07044577063892454,-62.5,0.0,2
1703 0003 6B03 5024 14A8 0E00,1536653147236688,0.3895137745191386,-62.5,0.0,2
1703 0003 3B03 5024 50A3 0E00,1536653147241247,2.721164572105313,-66.5,0.0,2
1002,1536653147247631,5.200077525328509,-59.0,0.0,2
1703 0003 8B03 5024 10A7 0E00,1536653147253234,2.71502864895377,-60.5,0.0,2
1703 0003 0B03 5024 DCA6 0E00,1536653147257771,1.3835333250690338,-63.0,0.0,2
1703 0003 2B03 5024 4CA9 0E00,1536653147274689,5.071223139146115,-65.0,0.0,2
1703 0003 6B03 5024 50A7 0E00,1536653147279929,5.9057086877559035,-66.5,0.0,2
1703 0003 0B03 5024 DCA6 0E00,1536653147294607,1.0521934748857351,-63.5,0.0,2
1703 0003 6B03 5024 14A8 0E00,1536653147299412,0.3895137745191386,-63.0,0.0,2
1703 0003 8B03 5024 10A7 0E00,1536653147304949,2.5984461090744615,-61.0,0.0,2
1703 0003 2B03 5024 4CA9 0E00,1536653147310217,4.911689137206008,-65.5,0.0,2
1703 0003 0B03 5024 E8A6 0E00,1536653147315475,0.29747492724599933,-62.5,0.0,2
E200 0017 1510 0023 1520 7DAB,1536653147321371,4.782834751023614,-45.5,0.0,2
1703 0003 4B03 5024 48A7 0E00,1536653147325928,1.0215138591280226,-60.0,0.0,2
1703 0003 8B03 5024 3CA9 0E00,1536653147331493,4.623300749083508,-63.5,0.0,2
1703 0003 3B03 5024 50A3 0E00,1536653147336016,3.5004268123512183,-66.0,0.0,2
1703 0003 4B03 5024 4CA9 0E00,1536653147340857,0.4570089291861068,-65.5,0.0,2
1703 0003 2B03 5024 D0A6 0E00,1536653147348440,4.568077440719625,-65.5,0.0,2
1703 0003 9B03 5024 FCA2 0E00,1536653147353797,6.224776691636118,-64.0,0.0,2
1703 0003 0B03 5024 DCA6 0E00,1536653147416616,0.6717662394900961,-62.5,0.0,1
E200 0017 1510 0023 1520 7DAB,1536653147426351,5.740038762664255,-48.5,0.0,1
0001,1536653147432216,2.040077102284088,-65.5,0.0,1
1703 0003 0B03 5024 DCA6 0E00,1536653147445139,0.7085817783993518,-61.0,0.0,1
1002,1536653147450076,3.224310270531803,-59.0,0.0,1
E200 0017 1510 0023 1520 7DAB,1536653147454760,5.850485379392021,-48.5,0.0,1
0001,1536653147460526,2.1137081801025985,-63.0,0.0,1
1703 0003 4B03 5024 48A7 0E00,1536653147476759,0.49996039124690395,-59.5,0.0,2
1703 0003 8B03 5024 10A7 0E00,1536653147481586,1.9296304855563218,-62.5,0.0,2
1703 0003 2B03 5024 D0A6 0E00,1536653147487312,3.715184122655208,-65.5,0.0,2
E200 0017 1510 0023 1520 7DAB,1536653147491926,5.617320299633404,-45.0,0.0,2
1703 0003 9B03 5024 FCA2 0E00,1536653147503397,5.75231060896734,-64.0,0.0,2
1703 0003 3B03 5024 50A3 0E00,1536653147516016,3.745863738412921,-65.0,0.0,2
1703 0003 0B03 5024 E8A6 0E00,1536653147520903,1.1503682453104158,-63.0,0.0,2
1703 0003 4B03 5024 4CA9 0E00,1536653147525397,6.022291227635213,-67.0,0.0,2
1703 0003 4B03 5024 5CA7 0E00,1536653147530146,6.2002329990299465,-63.5,0.0,2
1703 0003 6B03 5024 14A8 0E00,1536653147534667,1.2485430157350974,-62.5,0.0,2
0001,1536653147539386,0.24838754203365898,-67.0,0.0,2
1703 0003 3B03 5024 50A3 0E00,1536653147554697,3.9238055098076554,-66.0,0.0,2
E200 0017 1510 0023 1520 7DAB,1536653147559508,5.924116457210531,-44.5,0.0,2
1703 0003 9B03 5024 FCA2 0E00,1536653147571616,5.402562989329414,-63.5,0.0,2
1703 0003 4B03 5024 5CA7 0E00,1536653147576240,6.010019381332127,-64.0,0.0,2
1703 0003 8B03 5024 10A7 0E00,1536653147581183,1.6964654057977047,-63.0,0.0,2
1703 0003 8B03 5024 3CA9 0E00,1536653147587265,3.8256307393829743,-63.5,0.0,2
1703 0003 4B03 5024 48A7 0E00,1536653147591981,0.23611569573057434,-60.5,0.0,2
1703 0003 2B03 5024 D0A6 0E00,1536653147596546,3.2979413483503137,-66.0,0.0,2
0001,1536653147603380,0.3158826967006272,-65.5,0.0,2
1703 0003 6B03 5024 50A7 0E00,1536653147612883,4.5987570564773375,-65.5,0.0,2
1703 0003 0B03 5024 E8A6 0E00,1536653147617655,1.6105624816761086,-63.0,0.0,2
1703 0003 6B03 5024 14A8 0E00,1536653147622916,1.598290635373023,-62.5,0.0,2
1703 0003 4B03 5024 4CA9 0E00,1536653147629380,5.519145529208722,-66.5,0.0,2
E200 0017 1510 0023 1520 7DAB,1536653147667043,0.4263293134283934,-46.5,0.0,1
1002,1536653147673171,3.494290889199676,-58.0,0.0,1
1703 0003 0B03 5024 DCA6 0E00,1536653147678300,6.083650459150638,-63.0,0.0,1
1703 0003 0B03 5024 DCA6 0E00,1536653147690031,6.23091261478766,-62.0,0.0,1
E200 0017 1510 0023 1520 7DAB,1536653147695567,0.5490477764592452,-46.5,0.0,1
1002,1536653147701925,3.690640430049038,-59.0,0.0,1
1703 0003 4B03 5024 48A7 0E00,1536653147718675,6.114330074908351,-60.5,0.0,2
1703 0003 0B03 5024 E8A6 0E00,1536653147723580,1.7332809447069595,-62.5,0.0,2
1703 0003 4B03 5024 4CA9 0E00,1536653147729361,5.574368837572605,-66.0,0.0,2
E200 0017 1510 0023 1520 7DAB,1536653147734053,0.4570089291861068,-44.0,0.0,2
1703 0003 3B03 5024 50A3 0E00,1536653147739301,4.463766747143401,-66.5,0.0,2
1703 0003 4B03 5024 5CA7 0E00,1536653147750178,5.740038762664255,-63.5,0.0,2
1703 0003 6B03 5024 14A8 0E00,1536653147755662,1.935766408707864,-62.0,0.0,2
1703 0003 0B03 5024 54A8 0E00,1536653147766488,5.77685430157351,-64.0,0.0,2
1703 0003 9B03 5024 FCA2 0E00,1536653147771729,5.065087215994573,-64.5,0.0,2
1703 0003 2B03 5024 D0A6 0E00,1536653147777253,1.806912022525471,-67.0,0.0,2
1703 0003 2B03 5024 0CA8 0E00,1536653147807144,1.4448925565844597,-64.0,0.0,2
1703 0003 3B03 5024 50A3 0E00,1536653147812267,4.3042327452032945,-66.0,0.0,2
1703 0003 6B03 5024 14A8 0E00,1536653147817367,1.9419023318594073,-62.0,0.0,2
1703 0003 4B03 5024 5CA7 0E00,1536653147821835,5.531417375511808,-63.0,0.0,2
1703 0003 0B03 5024 E8A6 0E00,1536653147826391,1.9234945624047795,-61.5,0.0,2
E200 0017 1510 0023 1520 7DAB,1536653147832082,0.7147177015508941,-44.5,0.0,2
1703 0003 4B03 5024 48A7 0E00,1536653147836683,5.782990224725053,-59.5,0.0,2
1703 0003 9B03 5024 FCA2 0E00,1536653147841269,4.341048284112549,-65.0,0.0,2
1703 0003 4B03 5024 4CA9 0E00,1536653147845991,5.0221357539337745,-67.5,0.0,2
1703 0003 0B03 5024 54A8 0E00,1536653147850938,5.255300833692392,-64.0,0.0,2
1703 0003 2B03 5024 D0A6 0E00,1536653147859361,1.6228343279791932,-65.5,0.0,2
1703 0003 8B03 5024 C8A6 0E00,1536653147899690,6.20636892218149,-66.0,0.0,2
1703 0003 1B03 5024 14A4 0E00,1536653147905564,4.997592061327604,-62.5,0.0,2
1703 0003 4B03 5024 34A6 0E00,1536653147911916,2.5309509544074933,-65.5,0.0,2
E200 0017 1510 0023 1520 7DAB,1536653147948510,1.3099022472505233,-45.0,0.0,1
E200 0017 1510 0023 1520 7DAB,1536653147964151,1.322174093553608,-45.5,0.0,1
1703 0003 4B03 5024 48A7 0E00,1536653147982607,5.439378528238668,-59.5,0.0,2
1703 0003 4B03 5024 34A6 0E00,1536653147987930,2.0891644874964284,-65.5,0.0,2
E200 0017 1510 0023 1520 7DAB,1536653147993296,1.1933197073712138,-44.0,0.0,2
1703 0003 1B03 5024 14A4 0E00,1536653147999336,4.764426981568986,-62.0,0.0,2
1703 0003 2B03 5024 D0A6 0E00,1536653148004116,0.8067565488240325,-64.5,0.0,2
1703 0003 0B03 5024 54A8 0E00,1536653148016276,4.739883288962816,-63.5,0.0,2
1703 0003 0B03 5024 28A8 0E00,1536653148029083,0.05203800118429669,-66.5,0.0,2
1703 0003 8B03 5024 C8A6 0E00,1536653148034079,5.6541358385426586,-65.0,0.0,2
1703 0003 4B03 5024 5CA7 0E00,1536653148044167,5.193941602176967,-62.5,0.0,2
1703 0003 6B03 5024 14A8 0E00,1536653148048873,2.2977858746488757,-61.0,0.0,2
1703 0003 0B03 5024 E8A6 0E00,1536653148053469,2.2916499514973334,-61.5,0.0,2
0001,1536653148057792,3.537242351260474,-67.0,0.0,2
1703 0003 4B03 5024 5CA7 0E00,1536653148086315,5.101902754903827,-62.5,0.0,2
1703 0003 0B03 5024 28A8 0E00,1536653148091122,0.19930015682131863,-66.5,0.0,2
1703 0003 1B03 5024 14A4 0E00,1536653148095722,4.568077440719625,-61.5,0.0,2
1703 0003 2B03 5024 D0A6 0E00,1536653148102870,0.43246523657993574,-65.5,0.0,2
E200 0017 1510 0023 1520 7DAB,1536653148107808,1.5921547122214808,-45.5,0.0,2
1703 0003 4B03 5024 34A6 0E00,1536653148112576,1.6903294826461615,-63.0,0.0,2
1703 0003 4B03 5024 48A7 0E00,1536653148117940,5.1878056790254234,-59.5,0.0,2
1703 0003 4B03 5024 5CA8 0E00,1536653148122922,3.758135584716006,-64.5,0.0,2
1703 0003 0B03 5024 E8A6 0E00,1536653148128311,2.702756802650685,-62.5,0.0,2
1703 0003 2B03 5024 1CA6 0E00,1536653148135310,1.3528537093113204,-64.0,0.0,2
1703 0003 0B03 5024 40A9 0E00,1536653148140289,1.5430673270091404,-66.0,0.0,2
0001,1536653148147779,4.040388049686964,-67.0,0.0,2
1703 0003 8B03 5024 C8A6 0E00,1536653148153741,5.279844526298563,-65.0,0.0,2
1703 0003 6B03 5024 14A8 0E00,1536653148159176,2.334601413558131,-62.5,0.0,2
1703 0003 4B03 5024 D4A7 0E00,1536653148166518,4.991456138176062,-65.5,0.0,2
1703 0003 0B03 5024 54A8 0E00,1536653148171962,4.230601667384784,-63.5,0.0,2
0001,1536653148213387,1.1196886295527033,-64.5,0.0,1
1002,1536653148217566,0.7085817783993518,-58.5,0.0,1
E200 0017 1510 0023 1520 7DAB,1536653148222420,2.5125431849528654,-47.0,0.0,1
1703 0003 4B03 5024 48A7 0E00,1536653148227888,4.973048368721434,-62.5,0.0,1
E200 0017 1510 0023 1520 7DAB,1536653148238513,2.6107179553775466,-47.0,0.0,1
1002,1536653148248750,0.7576691636116921,-58.0,0.0,1
1703 0003 4B03 5024 48A7 0E00,1536653148253469,4.739883288962816,-62.0,0.0,1
0001,1536653148258140,1.659649866888449,-64.0,0.0,1
9703 0003 6B03 5024 70A8 0E00,1536653148274219,4.678524057447391,-63.0,0.0,2
E200 0017 1510 0023 1520 7DAB,1536653148279876,2.408232491376642,-46.5,0.0,2
1703 0003 0B03 5024 54A8 0E00,1536653148291294,3.929941432959198,-63.0,0.0,2
1703 0003 4B03 5024 D4A7 0E00,1536653148296281,4.611028902780422,-64.0,0.0,2
1703 0003 8B03 5024 C8A6 0E00,1536653148312538,4.647844441689678,-64.5,0.0,2
1703 0003 2B03 5024 D0A6 0E00,1536653148317940,5.727766916361169,-66.5,0.0,2
1703 0003 1B03 5024 14A4 0E00,1536653148323554,4.537397824961912,-61.5,0.0,2
1703 0003 4B03 5024 48A7 0E00,1536653148328104,4.930096906660636,-59.0,0.0,2
1703 0003 2B03 5024 88A5 0E00,1536653148334231,4.623300749083508,-63.5,0.0,2
1703 0003 4B03 5024 34A6 0E00,1536653148339565,0.8926594729456285,-63.0,0.0,2
1703 0003 4B03 5024 5CA8 0E00,1536653148346211,2.3714169524673867,-66.0,0.0,2
1703 0003 0B03 5024 40A9 0E00,1536653148356154,1.070601244340363,-65.5,0.0,2
1703 0003 2B03 5024 1CA6 0E00,1536653148370440,0.7638050867632344,-61.5,0.0,2
1703 0003 6B03 5024 50A7 0E00,1536653148375353,2.058484871738716,-66.5,0.0,2
1703 0003 4B03 5024 5CA7 0E00,1536653148382061,4.960776522418349,-65.0,0.0,2
1703 0003 9B03 5024 FCA2 0E00,1536653148386673,2.0032615633748323,-65.5,0.0,2
1703 0003 2B03 5024 1CA6 0E00,1536653148404763,0.6349507005808404,-61.5,0.0,2
1703 0003 4B03 5024 34A6 0E00,1536653148410265,0.6963099320962662,-62.0,0.0,2
1703 0003 4B03 5024 48A7 0E00,1536653148418772,4.764426981568986,-60.5,0.0,2
9703 0003 6B03 5024 70A8 0E00,1536653148430692,4.212193897930156,-61.5,0.0,2
1703 0003 1B03 5024 14A4 0E00,1536653148435533,4.236737590536326,-62.0,0.0,2
E200 0017 1510 0023 1520 7DAB,1536653148442444,3.494290889199676,-46.5,0.0,2
1703 0003 0B03 5024 54A8 0E00,1536653148447921,3.322485040956484,-64.5,0.0,2
1703 0003 4B03 5024 5CA7 0E00,1536653148452507,4.991456138176062,-65.0,0.0,2
1703 0003 4B03 5024 D4A7 0E00,1536653148482675,4.230601667384784,-63.0,0.0,2
1703 0003 9B03 5024 FCA2 0E00,1536653148496010,1.7762324067677575,-65.0,0.0,2
1703 0003 7B03 5024 98A4 0E00,1536653148501832,2.678213110044515,-66.5,0.0,2
1703 0003 0B03 5024 40A9 0E00,1536653148592601,0.0581739243358399,-65.0,0.0,2
E200 0017 1510 0023 1520 7DAB,1536653148635463,4.887145444599838,-47.0,0.0,1
E200 0017 1510 0023 1520 7DAB,1536653148651053,4.911689137206008,-46.5,0.0,1
1001,1536653148660061,0.5919992385200432,-58.5,0.0,1
E200 0017 1510 0023 1520 7DAB,1536653148677368,4.586485210174253,-45.5,0.0,2
1703 0003 0B03 5024 54A8 0E00,1536653148683465,2.745708264711483,-67.0,0.0,2
1703 0003 6B03 5024 40A7 0E00,1536653148692766,2.058484871738716,-63.5,0.0,2
1703 0003 4B03 5024 34A6 0E00,1536653148697982,6.267728153696915,-64.0,0.0,2
1703 0003 4B03 5024 5CA7 0E00,1536653148707121,5.1264464475099984,-65.0,0.0,2
1703 0003 2B03 5024 D0A6 0E00,1536653148713069,3.8379025856860594,-65.0,0.0,2
1703 0003 2B03 5024 1CA6 0E00,1536653148718334,0.033630231729669724,-63.5,0.0,2
1703 0003 0B03 5024 40A9 0E00,1536653148722994,5.942524226665159,-65.0,0.0,2
1703 0003 4B03 5024 48A7 0E00,1536653148728073,4.561941517568082,-61.0,0.0,2
1703 0003 9B03 5024 FCA2 0E00,1536653148732785,0.9724264739156814,-67.0,0.0,2
9703 0003 6B03 5024 70A8 0E00,1536653148738258,3.537242351260474,-63.5,0.0,2
1703 0003 4B03 5024 D4A7 0E00,1536653148743132,3.8992618172014852,-63.5,0.0,2
E200 0017 1510 0023 1520 7DAB,1536653148767179,4.9791842918729765,-45.0,0.0,2
1703 0003 0B03 5024 40A9 0E00,1536653148772266,6.04069899708984,-64.5,0.0,2
1703 0003 4B03 5024 D4A7 0E00,1536653148782266,3.7090481995036657,-64.0,0.0,2
1703 0003 2B03 5024 1CA6 0E00,1536653148787287,5.9916116118775,-64.0,0.0,2
1703 0003 4B03 5024 34A6 0E00,1536653148791870,5.9916116118775,-65.0,0.0,2
1703 0003 4B03 5024 48A7 0E00,1536653148796341,4.586485210174253,-61.5,0.0,2
1703 0003 6B03 5024 40A7 0E00,1536653148800924,2.549358723862121,-62.5,0.0,2
1703 0003 4B03 5024 5CA7 0E00,1536653148805824,5.243028987389307,-65.5,0.0,2
1703 0003 2B03 5024 D0A6 0E00,1536653148822588,3.561786043866644,-66.0,0.0,2
1703 0003 9B03 5024 FCA2 0E00,1536653148845933,0.7269895478539796,-66.5,0.0,2
1703 0003 0B03 5024 54A8 0E00,1536653148858268,2.125980026405684,-68.0,0.0,2
E200 0017 1510 0023 1520 7DAB,1536653148904120,5.77685430157351,-46.0,0.0,1
E200 0017 1510 0023 1520 7DAB,1536653148916060,5.832077609937393,-46.0,0.0,1
1703 0003 0B03 5024 5CA7 0E00,1536653148935905,5.6111843764818605,-62.5,0.0,2
E200 0017 1510 0023 1520 7DAB,1536653148941018,5.715495070058084,-45.5,0.0,2
1703 0003 4B03 5024 D4A7 0E00,1536653148946826,3.7949511236252618,-65.5,0.0,2
1703 0003 0B03 5024 54A8 0E00,1536653148951624,1.6719217131915345,-66.5,0.0,2
1703 0003 4B03 5024 34A6 0E00,1536653148956640,6.151145613817606,-66.0,0.0,2
1703 0003 4B03 5024 5CA7 0E00,1536653148962288,5.629592145936488,-64.5,0.0,2
1703 0003 7B03 5024 98A4 0E00,1536653148966855,1.1442323221588735,-67.0,0.0,2
1703 0003 6B03 5024 40A7 0E00,1536653148983323,3.2059025010771753,-61.5,0.0,2
1703 0003 9B03 5024 FCA2 0E00,1536653148987763,0.6656303163385537,-65.5,0.0,2
1703 0003 6B03 5024 14A8 0E00,1536653148993037,3.2733976557441435,-63.0,0.0,2
1703 0003 0B03 5024 40A9 0E00,1536653148999899,5.684815454300372,-65.0,0.0,2
1703 0003 2B03 5024 D0A6 0E00,1536653149006311,2.6536694174383446,-66.0,0.0,2
1703 0003 6B03 5024 50A7 0E00,1536653149011078,0.77607693306632,-66.5,0.0,2
1703 0003 4B03 5024 5CA8 0E00,1536653149025864,6.010019381332127,-65.5,0.0,2
1703 0003 7B03 5024 98A4 0E00,1536653149030768,0.861979857187916,-67.0,0.0,2
1703 0003 8B03 5024 C8A6 0E00,1536653149035351,1.6044265585245663,-65.5,0.0,2
1703 0003 0B03 5024 5CA7 0E00,1536653149040207,5.893436841452819,-61.0,0.0,2
1703 0003 4B03 5024 34A6 0E00,1536653149044682,6.028427150786755,-65.5,0.0,2
1703 0003 0B03 5024 54A8 0E00,1536653149049548,1.3344459398566935,-68.0,0.0,2
1703 0003 4B03 5024 D4A7 0E00,1536653149054201,3.856310355140687,-66.5,0.0,2
1703 0003 0B03 5024 40A9 0E00,1536653149059789,5.519145529208722,-65.0,0.0,2
1703 0003 4B03 5024 5CA7 0E00,1536653149064343,5.936388303513617,-63.5,0.0,2
1703 0003 6B03 5024 50A7 0E00,1536653149074776,0.861979857187916,-67.5,0.0,2
E200 0017 1510 0023 1520 7DAB,1536653149081976,0.1195331558512649,-46.5,0.0,2
1703 0003 4B03 5024 48A7 0E00,1536653149088438,5.144854216964626,-60.5,0.0,2
1703 0003 9B03 5024 FCA2 0E00,1536653149092892,0.3833778513675954,-65.5,0.0,2
1703 0003 6B03 5024 14A8 0E00,1536653149098248,3.420659811381165,-62.0,0.0,2
1703 0003 2B03 5024 D0A6 0E00,1536653149102708,2.5309509544074933,-65.5,0.0,2
1703 0003 6B03 5024 40A7 0E00,1536653149107840,3.6783685837459528,-61.0,0.0,2
E200 0017 1510 0023 1520 7DAB,1536653149152564,0.6594943931870114,-48.0,0.0,1
E200 0017 1510 0023 1520 7DAB,1536653149163948,0.7515332404601498,-48.0,0.0,1
1703 0003 7B03 5024 98A4 0E00,1536653149183590,0.542911853307702,-67.0,0.0,2
1703 0003 8B03 5024 C8A6 0E00,1536653149188158,1.0460575517341928,-65.5,0.0,2
1703 0003 0B03 5024 5CA7 0E00,1536653149192788,6.20636892218149,-61.5,0.0,2
1703 0003 6B03 5024 40A7 0E00,1536653149199100,3.9974365876261664,-61.0,0.0,2
1703 0003 4B03 5024 48A7 0E00,1536653149212594,5.470058143996382,-60.0,0.0,2
1703 0003 4B03 5024 34A6 0E00,1536653149218456,6.0529708433929255,-64.5,0.0,2
1703 0003 9B03 5024 FCA2 0E00,1536653149228080,6.20636892218149,-65.0,0.0,2
1703 0003 2B03 5024 D0A6 0E00,1536653149233988,2.0278052559810034,-65.5,0.0,2
1703 0003 2B03 5024 5CA7 0E00,1536653149238496,0.0029506159719563385,-62.0,0.0,2
1703 0003 6B03 5024 14A8 0E00,1536653149243281,3.9360773561107405,-62.0,0.0,2
1703 0003 4B03 5024 5CA7 0E00,1536653149248011,6.1388737675145215,-64.0,0.0,2
E200 0017 1510 0023 1520 7DAB,1536653149259904,1.1380963990073312,-46.5,0.0,2
1703 0003 9B03 5024 FCA2 0E00,1536653149293638,5.936388303513617,-65.5,0.0,2
1703 0003 6B03 5024 14A8 0E00,1536653149298210,4.144698743263188,-61.5,0.0,2
E200 0017 1510 0023 1520 7DAB,1536653149302984,1.408077017675204,-47.0,0.0,2
1703 0003 4B03 5024 48A7 0E00,1536653149307841,5.782990224725053,-59.5,0.0,2
1703 0003 7B03 5024 98A4 0E00,1536653149312748,0.0888535400935524,-66.5,0.0,2
1703 0003 4B03 5024 34A6 0E00,1536653149317547,5.9916116118775,-64.0,0.0,2
1703 0003 0B03 5024 5CA7 0E00,1536653149322721,0.14407684845743596,-62.0,0.0,2
1703 0003 4B03 5024 5CA7 0E00,1536653149332218,6.2002329990299465,-65.0,0.0,2
1703 0003 6B03 5024 40A7 0E00,1536653149344725,4.574213363871167,-59.0,0.0,2
1703 0003 3B03 5024 B4A3 0E00,1536653149349439,3.64768896798824,-64.0,0.0,2
1703 0003 2B03 5024 D0A6 0E00,1536653149354964,1.4817080954937145,-65.5,0.0,2
E200 0017 1510 0023 1520 7DAB,1536653149397273,2.248698489436535,-47.5,0.0,1
E200 0017 1510 0023 1520 7DAB,1536653149406303,2.322329567255046,-48.0,0.0,1
0001,1536653149419604,3.2427180399864306,-63.5,0.0,1
1703 0003 6B03 5024 14A8 0E00,1536653149436237,4.825786213084412,-62.5,0.0,2
1703 0003 2B03 5024 D0A6 0E00,1536653149440856,1.579882865918396,-66.0,0.0,2
1703 0003 6B03 5024 40A7 0E00,1536653149446984,4.954640599266806,-59.0,0.0,2
E200 0017 1510 0023 1520 7DAB,1536653149451781,2.365281029315844,-46.5,0.0,2
1703 0003 0B03 5024 CCA7 0E00,1536653149457978,1.3589896324628636,-63.0,0.0,2
1703 0003 9B03 5024 FCA2 0E00,1536653149470704,5.4639222208448395,-65.0,0.0,2
0001,1536653149477365,3.9728928950199958,-68.0,0.0,2
1703 0003 0B03 5024 5CA7 0E00,1536653149482706,0.5919992385200432,-62.5,0.0,2
1703 0003 4B03 5024 48A7 0E00,1536653149488108,6.187961152726862,-59.5,0.0,2
1703 0003 4B03 5024 A8A7 0E00,1536653149494692,3.5249705049573885,-66.0,0.0,2
1703 0003 3B03 5024 B4A3 0E00,1536653149499821,4.058795819141592,-64.5,0.0,2
1703 0003 4B03 5024 34A6 0E00,1536653149504456,6.046834920241383,-64.5,0.0,2
1703 0003 7B03 5024 98A4 0E00,1536653149511127,5.795262071028137,-66.0,0.0,2
1703 0003 6B03 5024 40A7 0E00,1536653149526251,5.249164910540849,-59.0,0.0,2
1703 0003 0B03 5024 5CA7 0E00,1536653149531059,0.8742517034910007,-62.5,0.0,2
1703 0003 9B03 5024 FCA2 0E00,1536653149535627,5.56209699126952,-63.5,0.0,2
1703 0003 7B03 5024 98A4 0E00,1536653149540395,5.746174685815797,-66.0,0.0,2
1703 0003 0B03 5024 CCA7 0E00,1536653149545473,1.4694362491906299,-62.0,0.0,2
1703 0003 2B03 5024 D0A6 0E00,1536653149550415,1.0215138591280226,-66.0,0.0,2
E200 0017 1510 0023 1520 7DAB,1536653149555748,3.027960729682441,-46.0,0.0,2
1703 0003 4B03 5024 48A7 0E00,1536653149560232,0.1870283105182331,-59.0,0.0,2
1703 0003 6B03 5024 14A8 0E00,1536653149567456,5.420970758784041,-64.0,0.0,2
1703 0003 4B03 5024 A8A7 0E00,1536653149572412,3.549514197563559,-66.0,0.0,2
0001,1536653149576870,4.371727899870263,-66.0,0.0,2
1703 0003 3B03 5024 B4A3 0E00,1536653149584149,4.4085434387795175,-63.5,0.0,2
1703 0003 4B03 5024 34A6 0E00,1536653149588811,6.059106766544468,-65.5,0.0,2
0001,1536653149627516,4.021980280232336,-65.0,0.0,1
1703 0003 8B03 5024 10A7 0E00,1536653149633200,4.089475434899304,-64.0,0.0,1
E200 0017 1510 0023 1520 7DAB,1536653149639173,3.5740578901697293,-47.0,0.0,1
E200 0017 1510 0023 1520 7DAB,1536653149649990,3.6170093522305273,-47.0,0.0,1
1703 0003 8B03 5024 10A7 0E00,1536653149655666,4.359456053567177,-63.5,0.0,1
1703 0003 0B03 5024 5CA7 0E00,1536653149685551,1.8130479456770132,-62.5,0.0,2
1703 0003 9B03 5024 FCA2 0E00,1536653149690667,5.255300833692392,-64.5,0.0,2
1703 0003 6B03 5024 40A7 0E00,1536653149695427,5.56209699126952,-59.5,0.0,2
1703 0003 6B03 5024 14A8 0E00,1536653149700217,0.30361085039754254,-64.5,0.0,2
E200 0017 1510 0023 1520 7DAB,1536653149704854,3.7826792773221762,-45.0,0.0,2
1703 0003 0B03 5024 B0A7 0E00,1536653149709960,1.7946401762223854,-64.0,0.0,2
1703 0003 4B03 5024 48A7 0E00,1536653149714834,0.4938244680953616,-59.0,0.0,2
1703 0003 4B03 5024 34A6 0E00,1536653149719969,5.832077609937393,-64.0,0.0,2
1703 0003 2B03 5024 1CA6 0E00,1536653149725127,0.7269895478539796,-63.5,0.0,2
1703 0003 0B03 5024 CCA7 0E00,1536653149729681,1.8253197919800979,-61.5,0.0,2
1703 0003 0B03 5024 5CA7 0E00,1536653149761052,2.1198441032541417,-62.5,0.0,2
E200 0017 1510 0023 1520 7DAB,1536653149765500,4.040388049686964,-45.5,0.0,2
1703 0003 4B03 5024 34A6 0E00,1536653149791966,5.893436841452819,-66.0,0.0,2
1703 0003 2B03 5024 1CA6 0E00,1536653149797127,0.9540187044610544,-64.0,0.0,2
1703 0003 4B03 5024 D4A7 0E00,1536653149801783,5.457786297693296,-65.5,0.0,2
1703 0003 4B03 5024 48A7 0E00,1536653149808326,0.7024458552478086,-59.0,0.0,2
1703 0003 0B03 5024 CCA7 0E00,1536653149812805,2.107572256951056,-61.0,0.0,2
1703 0003 0B03 5024 B0A7 0E00,1536653149830068,1.8559994077378112,-63.5,0.0,2
1703 0003 6B03 5024 14A8 0E00,1536653149834672,1.2914944777958954,-63.0,0.0,2
1703 0003 6B03 5024 40A7 0E00,1536653149839712,5.856621302543563,-62.0,0.0,2
1703 0003 9B03 5024 FCA2 0E00,1536653149845173,4.782834751023614,-64.0,0.0,2
9703 0003 6B03 5024 70A8 0E00,1536653149849905,3.758135584716006,-64.0,0.0,2
E200 0017 1510 0023 1520 7DAB,1536653149890269,4.825786213084412,-48.0,0.0,1
1703 0003 8B03 5024 28A6 0E00,1536653149895277,0.24225161888211666,-62.5,0.0,1
E200 0017 1510 0023 1520 7DAB,1536653149909272,4.954640599266806,-48.5,0.0,1
1703 0003 8B03 5024 28A6 0E00,1536653149914163,6.1818252295753195,-63.0,0.0,1
E200 0017 1510 0023 1520 7DAB,1536653149934335,4.881009521448296,-47.0,0.0,2
1703 0003 0B03 5024 B0A7 0E00,1536653149945932,2.3039217978004185,-62.0,0.0,2
1703 0003 4B03 5024 48A7 0E00,1536653149950521,1.3283100167051503,-59.5,0.0,2
1703 0003 0B03 5024 5CA7 0E00,1536653149955496,3.224310270531803,-61.0,0.0,2
1703 0003 9B03 5024 FCA2 0E00,1536653149960518,4.764426981568986,-65.0,0.0,2
9703 0003 6B03 5024 70A8 0E00,1536653149979516,3.3470287335626545,-62.0,0.0,2
1703 0003 0B03 5024 CCA7 0E00,1536653149984213,2.8377471119846214,-61.0,0.0,2
1703 0003 6B03 5024 14A8 0E00,1536653149989747,2.040077102284088,-62.0,0.0,2
1703 0003 2B03 5024 1CA6 0E00,1536653149994870,0.6472225468839259,-64.5,0.0,2
1703 0003 0B03 5024 28A8 0E00,1536653150000723,2.9297859592577598,-64.0,0.0,2
1703 0003 0B03 5024 5CA7 0E00,1536653150017271,3.506562735502761,-60.0,0.0,2
1703 0003 0B03 5024 B0A7 0E00,1536653150022055,2.267106258891163,-62.0,0.0,2
9703 0003 6B03 5024 70A8 0E00,1536653150027339,3.2365821168348883,-61.0,0.0,2
1703 0003 2B03 5024 5CA7 0E00,1536653150031932,3.420659811381165,-62.5,0.0,2
1703 0003 0B03 5024 28A8 0E00,1536653150040349,2.997281113924728,-64.0,0.0,2
1703 0003 6B03 5024 14A8 0E00,1536653150045026,2.3284654904065887,-62.5,0.0,2
1703 0003 2B03 5024 1CA6 0E00,1536653150050174,1.0215138591280226,-64.5,0.0,2
1703 0003 4B03 5024 48A7 0E00,1536653150060860,1.7516887141615873,-59.0,0.0,2
1703 0003 0B03 5024 CCA7 0E00,1536653150065554,3.1752228853194624,-62.0,0.0,2
E200 0017 1510 0023 1520 7DAB,1536653150079818,6.163417460120692,-49.0,0.0,2
1703 0003 8B03 5024 28A6 0E00,1536653150127885,5.506873682905637,-63.5,0.0,1
E200 0017 1510 0023 1520 7DAB,1536653150134012,0.30361085039754254,-49.0,0.0,1
1001,1536653150138393,0.13180500215435043,-59.5,0.0,1
1703 0003 8B03 5024 28A6 0E00,1536653150150387,5.292116372601647,-63.5,0.0,1
E200 0017 1510 0023 1520 7DAB,1536653150154889,0.40792154397376557,-49.0,0.0,1
1001,1536653150162585,0.30361085039754254,-58.5,0.0,1
1703 0003 2B03 5024 1CA6 0E00,1536653150181223,0.8681157803394584,-64.0,0.0,2
1703 0003 0B03 5024 B0A7 0E00,1536653150187067,2.8991063435000473,-62.0,0.0,2
1703 0003 4B03 5024 48A7 0E00,1536653150191641,2.0523489485871735,-59.0,0.0,2
E200 0017 1510 0023 1520 7DAB,1536653150196104,0.8742517034910007,-48.0,0.0,2
1703 0003 0B03 5024 28A8 0E00,1536653150200580,3.506562735502761,-64.0,0.0,2
1001,1536653150205471,2.058484871738716,-59.0,0.0,2
1703 0003 0B03 5024 5CA7 0E00,1536653150210054,3.9483492024138256,-60.0,0.0,2
9703 0003 6B03 5024 70A8 0E00,1536653150214635,1.868271254040896,-61.5,0.0,2
1703 0003 8B03 5024 10A7 0E00,1536653150219123,2.8806985740454194,-61.5,0.0,2
1703 0003 2B03 5024 5CA7 0E00,1536653150223928,3.7519996615644637,-62.5,0.0,2
1703 0003 0B03 5024 CCA7 0E00,1536653150234002,3.985164741323081,-63.5,0.0,2
1703 0003 2B03 5024 0CA8 0E00,1536653150238722,3.0218248065308986,-66.0,0.0,2
9703 0003 2B03 5024 14A7 0E00,1536653150243222,3.212038424228718,-60.5,0.0,2
1703 0003 6B03 5024 14A8 0E00,1536653150247961,2.672077186892972,-64.0,0.0,2
1703 0003 4B03 5024 5CA7 0E00,1536653150252589,3.8931258940499425,-63.0,0.0,2
1703 0003 4B03 5024 B4A7 0E00,1536653150257450,2.248698489436535,-63.5,0.0,2
1703 0003 8B03 5024 10A7 0E00,1536653150274084,2.757980111014568,-62.0,0.0,2
1703 0003 9B03 5024 FCA2 0E00,1536653150284706,4.531261901810369,-67.0,0.0,2
1703 0003 2B03 5024 5CA7 0E00,1536653150289337,3.856310355140687,-63.0,0.0,2
1703 0003 6B03 5024 14A8 0E00,1536653150296052,2.702756802650685,-64.0,0.0,2
E200 0017 1510 0023 1520 7DAB,1536653150300915,1.6719217131915345,-47.0,0.0,2
1703 0003 4B03 5024 B4A7 0E00,1536653150305467,2.334601413558131,-62.5,0.0,2
1703 0003 0B03 5024 5CA7 0E00,1536653150311162,4.0956113580508475,-59.5,0.0,2
1001,1536653150316231,1.365125555614406,-58.0,0.0,2
1703 0003 0B03 5024 28A8 0E00,1536653150321836,3.5004268123512183,-63.0,0.0,2
1703 0003 8B03 5024 D8A8 0E00,1536653150326532,4.0710676654446765,-65.0,0.0,2
1703 0003 0B03 5024 B0A7 0E00,1536653150331442,3.212038424228718,-63.5,0.0,2
9703 0003 2B03 5024 14A7 0E00,1536653150336244,3.083184038046324,-61.0,0.0,2
9703 0003 6B03 5024 70A8 0E00,1536653150347328,0.7392613941570643,-62.5,0.0,2
1703 0003 2B03 5024 1CA6 0E00,1536653150352268,0.7944847025209478,-65.0,0.0,2
1703 0003 2B03 5024 0CA8 0E00,1536653150356891,2.518679108104408,-66.5,0.0,2
1703 0003 4B03 5024 48A7 0E00,1536653150372441,2.2241547968303648,-60.0,0.0,2
1703 0003 4B03 5024 5CA7 0E00,1536653150378759,4.064931742293135,-64.0,0.0,2
1001,1536653150424806,1.5246595575545125,-58.0,0.0,1
E200 0017 1510 0023 1520 7DAB,1536653150429189,2.402096568225099,-48.5,0.0,1
E200 0017 1510 0023 1520 7DAB,1536653150449871,2.5984461090744615,-48.5,0.0,1
9703 0003 2B03 5024 14A7 0E00,1536653150471130,3.3040772715018565,-60.0,0.0,2
1703 0003 2B03 5024 0CA8 0E00,1536653150475883,1.8130479456770132,-66.5,0.0,2
1703 0003 0B03 5024 28A8 0E00,1536653150492370,3.86244627829223,-65.0,0.0,2
1703 0003 0B03 5024 5CA7 0E00,1536653150499775,4.758291058417444,-61.0,0.0,2
1703 0003 4B03 5024 A8A6 0E00,1536653150504492,4.678524057447391,-64.5,0.0,2
9703 0003 6B03 5024 70A8 0E00,1536653150509169,5.666407684845744,-62.5,0.0,2
1703 0003 8B03 5024 10A7 0E00,1536653150513642,2.604582032226004,-61.5,0.0,2
1703 0003 9B03 5024 FCA2 0E00,1536653150519279,4.678524057447391,-65.5,0.0,2
E200 0017 1510 0023 1520 7DAB,1536653150524909,3.0340966528339837,-46.0,0.0,2
1703 0003 6B03 5024 80A5 0E00,1536653150530077,5.48846591345101,-67.5,0.0,2
1703 0003 2B03 5024 1CA6 0E00,1536653150534815,0.9172031655517987,-65.5,0.0,2
1703 0003 0B03 5024 DCA6 0E00,1536653150540516,3.9053977403530276,-62.5,0.0,2
1703 0003 4B03 5024 B4A7 0E00,1536653150545162,3.14454326956175,-64.0,0.0,2
1703 0003 0B03 5024 B0A7 0E00,1536653150557459,4.212193897930156,-63.5,0.0,2
E200 0017 1510 0023 1520 7DAB,1536653150585326,3.353164656714197,-46.0,0.0,2
9703 0003 2B03 5024 14A7 0E00,1536653150589846,3.5311064281089313,-60.0,0.0,2
1703 0003 2B03 5024 1CA6 0E00,1536653150594374,1.2362711694320119,-66.0,0.0,2
1703 0003 0B03 5024 B0A7 0E00,1536653150599658,4.555805594416539,-63.5,0.0,2
1703 0003 0B03 5024 5CA7 0E00,1536653150605485,5.249164910540849,-61.5,0.0,2
1001,1536653150610000,0.20543607997286095,-62.5,0.0,2
9703 0003 6B03 5024 70A8 0E00,1536653150614411,4.960776522418349,-61.5,0.0,2
1703 0003 0B03 5024 DCA6 0E00,1536653150620158,3.7519996615644637,-63.5,0.0,2
1703 0003 4B03 5024 A8A6 0E00,1536653150625102,4.7276114426597315,-65.0,0.0,2
1703 0003 9B03 5024 FCA2 0E00,1536653150629790,5.1878056790254234,-66.0,0.0,2
1703 0003 6B03 5024 80A5 0E00,1536653150634957,5.690951377451914,-67.0,0.0,2
1703 0003 8B03 5024 10A7 0E00,1536653150643606,2.6229898016806317,-64.5,0.0,2
1703 0003 2B03 5024 0CA8 0E00,1536653150651594,0.5674555459138722,-68.5,0.0,2
1001,1536653150692840,4.273553129445581,-61.0,0.0,1
E200 0017 1510 0023 1520 7DAB,1536653150698315,4.199922051627071,-47.0,0.0,1
1001,1536653150712673,4.4330871313856886,-60.5,0.0,1
E200 0017 1510 0023 1520 7DAB,1536653150718331,4.310368668354837,-46.5,0.0,1
E200 0017 1510 0023 1520 7DAB,1536653150736200,4.199922051627071,-46.0,0.0,2
1703 0003 9B03 5024 FCA2 0E00,1536653150740907,5.3718833735717,-66.5,0.0,2
9703 0003 6B03 5024 70A8 0E00,1536653150747366,4.341048284112549,-60.5,0.0,2
1703 0003 0B03 5024 5CA7 0E00,1536653150760385,6.218640768484574,-64.0,0.0,2
9703 0003 2B03 5024 14A7 0E00,1536653150773709,3.770407431019091,-61.0,0.0,2
1703 0003 0B03 5024 B0A7 0E00,1536653150778615,5.414834835632499,-64.5,0.0,2
1703 0003 5B03 5024 74A4 0E00,1536653150790521,0.30361085039754254,-64.0,0.0,2
1703 0003 2B03 5024 1CA6 0E00,1536653150795343,1.346717786159778,-66.0,0.0,2
1703 0003 2B03 5024 0CA8 0E00,1536653150805133,6.237048537939202,-65.0,0.0,2
1703 0003 2B03 5024 0CA8 0E00,1536653150895729,6.083650459150638,-63.5,0.0,2
1703 0003 5B03 5024 74A4 0E00,1536653150900243,6.261592230545372,-64.5,0.0,2
E200 0017 1510 0023 1520 7DAB,1536653150906596,5.390291143026328,-48.5,0.0,2
1703 0003 8B03 5024 C8A6 0E00,1536653150913544,5.249164910540849,-65.5,0.0,2
9703 0003 6B03 5024 70A8 0E00,1536653150918083,3.6845045068974955,-59.5,0.0,2
1703 0003 9B03 5024 FCA2 0E00,1536653150926767,5.733902839512712,-65.0,0.0,2
1703 0003 2B03 5024 1CA6 0E00,1536653150931392,1.5062517880998847,-64.0,0.0,2
1703 0003 0B03 5024 B0A7 0E00,1536653150936265,0.027494308578126514,-65.5,0.0,2
1002,1536653150975974,1.0399216285826496,-54.5,0.0,1
1001,1536653150982187,5.967067919271329,-56.5,0.0,1
E200 0017 1510 0023 1520 7DAB,1536653150987177,6.071378612847553,-48.5,0.0,1
E200 0017 1510 0023 1520 7DAB,1536653150997989,6.1388737675145215,-49.0,0.0,1
1001,1536653151003656,6.04069899708984,-57.0,0.0,1
1002,1536653151009815,1.0031060896733948,-54.0,0.0,1
1703 0003 2B03 5024 0CA8 0E00,1536653151026704,5.782990224725053,-63.0,0.0,2
E200 0017 1510 0023 1520 7DAB,1536653151031763,0.3895137745191386,-50.0,0.0,2
1703 0003 4B03 5024 34A6 0E00,1536653151048861,0.01522246227504187,-65.0,0.0,2
1703 0003 5B03 5024 74A4 0E00,1536653151059407,5.8443494562404785,-64.0,0.0,2
1703 0003 2B03 5024 1CA6 0E00,1536653151068523,1.3405818630082358,-65.0,0.0,2
1703 0003 6B03 5024 40A7 0E00,1536653151074181,4.758291058417444,-61.0,0.0,2
1703 0003 8B03 5024 C8A6 0E00,1536653151079618,5.200077525328509,-65.0,0.0,2
1703 0003 4B03 5024 A8A7 0E00,1536653151085623,2.831611188833079,-64.0,0.0,2
1703 0003 4B03 5024 48A7 0E00,1536653151090725,1.5185236344029702,-61.5,0.0,2
9703 0003 6B03 5024 70A8 0E00,1536653151098603,2.702756802650685,-61.5,0.0,2
1703 0003 2B03 5024 D0A6 0E00,1536653151103533,6.249320384242288,-67.0,0.0,2
1703 0003 9B03 5024 FCA2 0E00,1536653151108010,6.010019381332127,-64.0,0.0,2
1703 0003 0B03 5024 4CA9 0E00,1536653151112889,2.5616305701652062,-65.5,0.0,2
1703 0003 4B03 5024 48A7 0E00,1536653151127018,1.5307954807060549,-60.0,0.0,2
E200 0017 1510 0023 1520 7DAB,1536653151132929,1.3283100167051503,-51.0,0.0,2
1703 0003 6B03 5024 50A7 0E00,1536653151138657,0.7147177015508941,-65.5,0.0,2
1703 0003 2B03 5024 D0A6 0E00,1536653151144614,6.0959223054537235,-66.0,0.0,2
9703 0003 6B03 5024 70A8 0E00,1536653151150338,2.389824721922014,-62.5,0.0,2
1703 0003 4B03 5024 34A6 0E00,1536653151155034,6.23091261478766,-65.0,0.0,2
1703 0003 2B03 5024 0CA8 0E00,1536653151161178,5.6541358385426586,-63.0,0.0,2
1703 0003 6B03 5024 40A7 0E00,1536653151178096,4.881009521448296,-61.5,0.0,2
1703 0003 6B03 5024 34A9 0E00,1536653151182710,4.758291058417444,-63.5,0.0,2
1703 0003 8B03 5024 C8A6 0E00,1536653151197339,5.249164910540849,-64.5,0.0,2
1703 0003 4B03 5024 A8A7 0E00,1536653151202636,3.2611258094410585,-64.0,0.0,2
1703 0003 5B03 5024 74A4 0E00,1536653151208260,5.384155219874786,-65.0,0.0,2
1703 0003 0B03 5024 4CA9 0E00,1536653151213517,2.5432228007105784,-67.0,0.0,2
E200 0017 1510 0023 1520 7DAB,1536653151254142,2.0707567180418005,-49.5,0.0,1
1002,1536653151260394,1.3958051713721185,-56.5,0.0,1
E200 0017 1510 0023 1520 7DAB,1536653151271527,2.21188295052728,-50.0,0.0,1
1002,1536653151277842,1.5430673270091404,-57.5,0.0,1
1703 0003 5B03 5024 74A4 0E00,1536653151296440,5.040543523388402,-66.0,0.0,2
1703 0003 8B03 5024 CCA6 0E00,1536653151301399,4.500582286052657,-63.0,0.0,2
E200 0017 1510 0023 1520 7DAB,1536653151306591,3.16908696216792,-50.5,0.0,2
1703 0003 0B03 5024 D0A6 0E00,1536653151311204,5.32279598835936,-64.5,0.0,2
1703 0003 2B03 5024 0CA8 0E00,1536653151316607,5.304388218904732,-63.5,0.0,2
1703 0003 8B03 5024 C8A6 0E00,1536653151321524,5.034407600236859,-64.0,0.0,2
1703 0003 4B03 5024 48A7 0E00,1536653151327408,1.5307954807060549,-60.5,0.0,2
1703 0003 9B03 5024 0CA5 0E00,1536653151333104,5.243028987389307,-63.5,0.0,2
1703 0003 4B03 5024 A8A6 0E00,1536653151337956,6.145009690666064,-65.0,0.0,2
1703 0003 6B03 5024 34A9 0E00,1536653151342870,3.9790288181715385,-62.0,0.0,2
1703 0003 6B03 5024 40A7 0E00,1536653151347596,5.0834949854492,-63.0,0.0,2
1703 0003 4B03 5024 50A7 0E00,1536653151355804,4.77056290472053,-65.0,0.0,2
1703 0003 4B03 5024 A8A7 0E00,1536653151382878,3.2979413483503137,-66.5,0.0,2
1703 0003 0B03 5024 5CA7 0E00,1536653151409667,4.574213363871167,-62.5,0.0,2
1703 0003 4B03 5024 48A7 0E00,1536653151414441,1.7210090984038748,-62.5,0.0,2
1703 0003 8B03 5024 CCA6 0E00,1536653151419109,4.242873513687869,-62.5,0.0,2
1703 0003 4B03 5024 50A7 0E00,1536653151423885,4.4330871313856886,-63.5,0.0,2
1703 0003 9B03 5024 0CA5 0E00,1536653151428697,4.917825060357551,-63.5,0.0,2
1703 0003 0B03 5024 D0A6 0E00,1536653151435117,4.7951065973267,-65.0,0.0,2
1703 0003 6B03 5024 34A9 0E00,1536653151440021,3.856310355140687,-61.0,0.0,2
E200 0017 1510 0023 1520 7DAB,1536653151444484,4.046523972838507,-48.0,0.0,2
1703 0003 5B03 5024 74A4 0E00,1536653151451106,4.310368668354837,-66.5,0.0,2
1703 0003 2B03 5024 D0A6 0E00,1536653151459000,5.838213533088935,-64.5,0.0,2
1703 0003 8B03 5024 C8A6 0E00,1536653151465027,4.86873767514521,-64.0,0.0,2
1703 0003 2B03 5024 0CA8 0E00,1536653151475983,4.310368668354837,-66.5,0.0,2
1703 0003 7B03 5024 E8A2 0E00,1536653151480847,1.4817080954937145,-62.5,0.0,2
E200 0017 1510 0023 1520 7DAB,1536653151532989,4.089475434899304,-48.5,0.0,1
E200 0017 1510 0023 1520 7DAB,1536653151545800,4.021980280232336,-47.5,0.0,1
1703 0003 8B03 5024 C8A6 0E00,1536653151566462,4.911689137206008,-64.5,0.0,2
1703 0003 8B03 5024 CCA6 0E00,1536653151571134,3.5556501207151014,-62.0,0.0,2
E200 0017 1510 0023 1520 7DAB,1536653151587907,4.660116287992763,-48.0,0.0,2
1703 0003 0B03 5024 D0A6 0E00,1536653151594292,4.218329821081698,-65.0,0.0,2
1703 0003 0B03 5024 5CA7 0E00,1536653151599542,5.353475604117073,-62.0,0.0,2
1002,1536653151604087,6.23091261478766,-60.0,0.0,2
1703 0003 9B03 5024 0CA5 0E00,1536653151608562,4.3042327452032945,-64.0,0.0,2
1703 0003 2B03 5024 D0A6 0E00,1536653151616145,5.9916116118775,-64.5,0.0,2
1703 0003 5B03 5024 74A4 0E00,1536653151620828,3.064776268591696,-66.0,0.0,2
1703 0003 6B03 5024 34A9 0E00,1536653151626585,3.3408928104111117,-61.5,0.0,2
1703 0003 7B03 5024 E8A2 0E00,1536653151631817,0.7638050867632344,-63.0,0.0,2
1703 0003 4B03 5024 50A7 0E00,1536653151639645,3.4145238882296227,-64.5,0.0,2
1703 0003 9B03 5024 0CA5 0E00,1536653151654322,4.0956113580508475,-64.0,0.0,2
E200 0017 1510 0023 1520 7DAB,1536653151662643,4.9362328298121785,-49.0,0.0,2
1703 0003 8B03 5024 CCA6 0E00,1536653151689610,3.2672617325926008,-63.5,0.0,2
1703 0003 7B03 5024 E8A2 0E00,1536653151694254,0.5674555459138722,-63.5,0.0,2
1703 0003 5B03 5024 74A4 0E00,1536653151698846,2.721164572105313,-65.5,0.0,2
1703 0003 6B03 5024 34A9 0E00,1536653151703439,2.7947956499238233,-62.5,0.0,2
1703 0003 0B03 5024 5CA7 0E00,1536653151709965,5.868893148846649,-63.0,0.0,2
1703 0003 4B03 5024 50A7 0E00,1536653151715091,3.6170093522305273,-66.5,0.0,2
1703 0003 0B03 5024 DCA6 0E00,1536653151731531,2.9359218824093025,-64.5,0.0,2
1703 0003 2B03 5024 D0A6 0E00,1536653151742004,6.237048537939202,-65.0,0.0,2
E200 0017 1510 0023 1520 7DAB,1536653151780888,5.476194067147924,-53.0,0.0,1
1001,1536653151785409,5.519145529208722,-62.0,0.0,1
1001,1536653151799552,5.7584465321188825,-61.0,0.0,1
E200 0017 1510 0023 1520 7DAB,1536653151804088,5.56209699126952,-53.0,0.0,1
1703 0003 8B03 5024 CCA6 0E00,1536653151829148,2.604582032226004,-63.5,0.0,2
1703 0003 7B03 5024 E8A2 0E00,1536653151834318,0.07658169379046775,-63.0,0.0,2
1703 0003 0B03 5024 DCA6 0E00,1536653151838944,3.1874947316225475,-65.0,0.0,2
1703 0003 6B03 5024 34A9 0E00,1536653151843809,2.377552875618929,-62.5,0.0,2
1703 0003 4B03 5024 50A7 0E00,1536653151850591,2.672077186892972,-66.0,0.0,2
1703 0003 2B03 5024 0CA8 0E00,1536653151856996,1.5614750964637683,-65.0,0.0,2
1703 0003 5B03 5024 74A4 0E00,1536653151862164,2.0768926411933437,-63.5,0.0,2
1703 0003 6B03 5024 14A8 0E00,1536653151878120,3.9790288181715385,-61.5,0.0,2
1703 0003 9B03 5024 0CA5 0E00,1536653151883010,3.2365821168348883,-63.5,0.0,2
1703 0003 4B03 5024 48A7 0E00,1536653151889426,0.7085817783993518,-59.5,0.0,2
1703 0003 2B03 5024 D0A6 0E00,1536653151894517,0.26679531148828683,-66.0,0.0,2
1703 0003 6B03 5024 34A9 0E00,1536653151908663,2.2609703357396205,-63.0,0.0,2
E200 0017 1510 0023 1520 7DAB,1536653151917085,0.23611569573057434,-55.5,0.0,2
1703 0003 4B03 5024 48A7 0E00,1536653151922253,0.6349507005808404,-58.5,0.0,2
1703 0003 2B03 5024 0CA8 0E00,1536653151926801,1.4448925565844597,-66.0,0.0,2
1703 0003 2B03 5024 88A5 0E00,1536653151931421,1.8621353308893536,-63.5,0.0,2
1703 0003 4B03 5024 50A7 0E00,1536653151937538,2.5309509544074933,-66.5,0.0,2
1703 0003 7B03 5024 E8A2 0E00,1536653151942101,6.01615530448367,-64.5,0.0,2
1703 0003 4B03 5024 A8A6 0E00,1536653151946913,1.242407092583555,-65.5,0.0,2
1703 0003 6B03 5024 14A8 0E00,1536653151952398,4.242873513687869,-63.0,0.0,2
1703 0003 5B03 5024 74A4 0E00,1536653151957217,2.0768926411933437,-65.0,0.0,2
1703 0003 8B03 5024 CCA6 0E00,1536653151961865,2.2241547968303648,-64.0,0.0,2
1703 0003 2B03 5024 D0A6 0E00,1536653151967154,0.46928077548919145,-64.5,0.0,2
1703 0003 9B03 5024 0CA5 0E00,1536653151979752,2.5677664933167486,-64.5,0.0,2
E200 0017 1510 0023 1520 7DAB,1536653152021854,2.0953004106479716,-60.0,0.0,1
E200 0017 1510 0023 1520 7DAB,1536653152036041,2.353009183012759,-58.5,0.0,1
1703 0003 4B03 5024 50A7 0E00,1536653152056119,1.9787178707686621,-67.5,0.0,2
1703 0003 4B03 5024 48A7 0E00,1536653152060739,0.8865235497940862,-56.0,0.0,2
1703 0003 2B03 5024 0CA8 0E00,1536653152065303,1.4326207102813742,-66.5,0.0,2
1703 0003 8B03 5024 10A7 0E00,1536653152082854,0.9049313192487132,-63.0,0.0,2
1703 0003 2B03 5024 88A5 0E00,1536653152089900,2.843883035136164,-63.0,0.0,2
1703 0003 9B03 5024 0CA5 0E00,1536653152101165,2.125980026405684,-63.5,0.0,2
E200 0017 1510 0023 1520 7DAB,1536653152106697,3.506562735502761,-61.0,0.0,2
1703 0003 4B03 5024 A8A6 0E00,1536653152112855,1.5062517880998847,-65.5,0.0,2
1703 0003 0B03 5024 54A8 0E00,1536653152118686,0.7883487793694046,-66.0,0.0,2
1703 0003 0B03 5024 4CA9 0E00,1536653152124447,1.7394168678585027,-63.0,0.0,2
1703 0003 2B03 5024 D0A6 0E00,1536653152129160,0.8681157803394584,-66.0,0.0,2
1703 0003 8B03 5024 CCA6 0E00,1536653152134100,1.5921547122214808,-63.0,0.0,2
1703 0003 5B03 5024 74A4 0E00,1536653152139395,1.7332809447069595,-64.5,0.0,2
1703 0003 4B03 5024 A8A6 0E00,1536653152154329,1.5430673270091404,-65.0,0.0,2
E200 0017 1510 0023 1520 7DAB,1536653152161131,4.377863823021805,-59.0,0.0,2
1703 0003 8B03 5024 CCA6 0E00,1536653152173294,1.3589896324628636,-64.0,0.0,2
1703 0003 4B03 5024 48A7 0E00,1536653152177837,1.009242012824937,-54.5,0.0,2
1703 0003 5B03 5024 74A4 0E00,1536653152188368,1.7332809447069595,-65.0,0.0,2
1703 0003 0B03 5024 54A8 0E00,1536653152204403,0.819028395127118,-66.0,0.0,2
1703 0003 2B03 5024 88A5 0E00,1536653152210986,3.788815200473719,-62.5,0.0,2
1703 0003 4B03 5024 50A7 0E00,1536653152217400,1.5614750964637683,-65.5,0.0,2
1703 0003 0B03 5024 4CA9 0E00,1536653152223371,1.9725819476171198,-63.0,0.0,2
1703 0003 9B03 5024 0CA5 0E00,1536653152228525,2.0093974865263755,-63.0,0.0,2
1703 0003 0B03 5024 D0A6 0E00,1536653152233729,1.5492032501606827,-63.5,0.0,2
1703 0003 2B03 5024 D0A6 0E00,1536653152243657,0.8435720877332882,-66.0,0.0,2
E200 0017 1510 0023 1520 7DAB,1536653152281813,4.60489297962888,-53.0,0.0,1
1001,1536653152286875,2.4450480302858972,-60.5,0.0,1
1703 0003 8B03 5024 48A6 0E00,1536653152301530,4.555805594416539,-62.5,0.0,1
1001,1536653152306758,2.659805340589887,-59.5,0.0,1
E200 0017 1510 0023 1520 7DAB,1536653152311119,4.721475519508189,-53.0,0.0,1
1703 0003 0B03 5024 4CA9 0E00,1536653152340878,2.506407261801323,-65.5,0.0,2
1703 0003 2B03 5024 88A5 0E00,1536653152346083,4.414679361931061,-60.5,0.0,2
1703 0003 4B03 5024 48A7 0E00,1536653152352778,1.27922263149281,-54.5,0.0,2
1703 0003 0B03 5024 5CA7 0E00,1536653152358195,4.021980280232336,-64.0,0.0,2
1703 0003 9B03 5024 0CA5 0E00,1536653152363884,1.8375916382831834,-63.0,0.0,2
1703 0003 0B03 5024 54A8 0E00,1536653152371250,0.9110672424002564,-66.5,0.0,2
1703 0003 4B03 5024 50A7 0E00,1536653152377030,0.7453973173086066,-65.5,0.0,2
E200 0017 1510 0023 1520 7DAB,1536653152381799,5.8873009183012766,-55.5,0.0,2
1703 0003 8B03 5024 CCA6 0E00,1536653152388702,0.6042710848231279,-65.0,0.0,2
1703 0003 4B03 5024 5CA8 0E00,1536653152397846,1.365125555614406,-65.0,0.0,2
1703 0003 0B03 5024 D0A6 0E00,1536653152409386,1.2362711694320119,-64.0,0.0,2
1703 0003 2B03 5024 D0A6 0E00,1536653152414140,1.3958051713721185,-68.0,0.0,2
1703 0003 4B03 5024 48A7 0E00,1536653152429096,1.4755721723421722,-56.0,0.0,2
1703 0003 0B03 5024 DCA6 0E00,1536653152435026,5.580504760724148,-63.0,0.0,2
1703 0003 8B03 5024 CCA6 0E00,1536653152439893,0.47541669864073377,-63.5,0.0,2
1703 0003 9B03 5024 0CA5 0E00,1536653152444603,1.6105624816761086,-64.0,0.0,2
1703 0003 0B03 5024 54A8 0E00,1536653152449282,0.5858633153685,-66.0,0.0,2
1703 0003 6B03 5024 34A9 0E00,1536653152454485,0.2545234651852013,-65.0,0.0,2
E200 0017 1510 0023 1520 7DAB,1536653152459362,0.04590207803275437,-57.0,0.0,2
1703 0003 0B03 5024 D0A6 0E00,1536653152475018,0.8497080108848305,-63.5,0.0,2
1703 0003 2B03 5024 88A5 0E00,1536653152479894,5.034407600236859,-61.0,0.0,2
1703 0003 0B03 5024 5CA7 0E00,1536653152485929,4.36559197671872,-64.0,0.0,2
1703 0003 4B03 5024 50A7 0E00,1536653152499388,0.6472225468839259,-67.0,0.0,2
1703 0003 9B03 5024 8CA4 0E00,1536653152505378,2.2180188736788224,-66.0,0.0,2
1703 0003 4B03 5024 5CA8 0E00,1536653152509852,1.27922263149281,-63.0,0.0,2
E200 0017 1510 0023 1520 7DAB,1536653152553452,0.23611569573057434,-56.0,0.0,1
E200 0017 1510 0023 1520 7DAB,1536653152570647,0.4508730060345636,-55.0,0.0,1
1703 0003 9B03 5024 8CA4 0E00,1536653152588582,2.1812033347695667,-65.0,0.0,2
1703 0003 4B03 5024 48A7 0E00,1536653152594339,1.9173586392532371,-59.0,0.0,2
1703 0003 0B03 5024 54A8 0E00,1536653152599882,0.837436164581745,-66.5,0.0,2
1703 0003 0B03 5024 D0A6 0E00,1536653152608119,0.3833778513675954,-65.0,0.0,2
E200 0017 1510 0023 1520 7DAB,1536653152613712,1.9173586392532371,-61.0,0.0,2
1703 0003 8B03 5024 CCA6 0E00,1536653152618442,0.027494308578126514,-64.0,0.0,2
1703 0003 4B03 5024 5CA8 0E00,1536653152624433,1.1442323221588735,-64.0,0.0,2
1703 0003 0B03 5024 DCA6 0E00,1536653152628901,5.721630993209627,-62.0,0.0,2
1703 0003 2B03 5024 88A5 0E00,1536653152638646,5.402562989329414,-63.0,0.0,2
1703 0003 9B03 5024 0CA5 0E00,1536653152651154,0.9601546276125967,-65.5,0.0,2
1703 0003 0B03 5024 DCA6 0E00,1536653152678262,5.917980534058989,-62.5,0.0,2
1703 0003 2B03 5024 88A5 0E00,1536653152688062,5.51300960605718,-64.5,0.0,2
E200 0017 1510 0023 1520 7DAB,1536653152692999,3.64768896798824,-60.5,0.0,2
1703 0003 8B03 5024 CCA6 0E00,1536653152698727,5.8443494562404785,-65.0,0.0,2
1703 0003 6B03 5024 14A8 0E00,1536653152703570,5.470058143996382,-66.5,0.0,2
1703 0003 9B03 5024 8CA4 0E00,1536653152709320,2.1812033347695667,-66.0,0.0,2
1703 0003 9B03 5024 0CA5 0E00,1536653152713781,0.5981351616715855,-66.0,0.0,2
1703 0003 4B03 5024 48A7 0E00,1536653152719249,2.604582032226004,-62.0,0.0,2
1703 0003 0B03 5024 54A8 0E00,1536653152727042,0.9110672424002564,-66.0,0.0,2
1703 0003 4B03 5024 5CA8 0E00,1536653152731632,1.3405818630082358,-63.0,0.0,2
1703 0003 4B03 5024 48A7 0E00,1536653152769761,5.071223139146115,-63.0,0.0,1
E200 0017 1510 0023 1520 7DAB,1536653152776274,2.9175141129546747,-56.5,0.0,1
1703 0003 4B03 5024 48A7 0E00,1536653152788092,5.052815369691487,-62.5,0.0,1
E200 0017 1510 0023 1520 7DAB,1536653152794259,3.1322714232586644,-55.5,0.0,1
1703 0003 4B03 5024 48A7 0E00,1536653152811505,3.4574753502904203,-64.0,0.0,2
E200 0017 1510 0023 1520 7DAB,1536653152816311,4.561941517568082,-55.0,0.0,2
1001,1536653152821426,2.322329567255046,-61.5,0.0,2
1703 0003 9B03 5024 8CA4 0E00,1536653152833573,2.9543296518639304,-64.5,0.0,2
1703 0003 0B03 5024 DCA6 0E00,1536653152838944,5.9486601498167015,-63.5,0.0,2
1703 0003 4B03 5024 5CA8 0E00,1536653152844028,1.6044265585245663,-64.0,0.0,2
1703 0003 2B03 5024 0CA8 0E00,1536653152848707,0.15021277160897828,-64.0,0.0,2
1703 0003 6B03 5024 14A8 0E00,1536653152854176,6.151145613817606,-63.5,0.0,2
1703 0003 5B03 5024 74A4 0E00,1536653152858906,0.5306400070046173,-65.0,0.0,2
1703 0003 0B03 5024 54A8 0E00,1536653152864041,1.4019410945236617,-66.5,0.0,2
1703 0003 0B03 5024 DCA6 0E00,1536653152877884,6.169553383272234,-63.5,0.0,2
1703 0003 2B03 5024 0CA8 0E00,1536653152883917,0.1870283105182331,-63.5,0.0,2
1703 0003 6B03 5024 14A8 0E00,1536653152888579,0.1563486947605206,-64.0,0.0,2
1703 0003 4B03 5024 5CA8 0E00,1536653152899748,1.7639605604646729,-65.5,0.0,2
1703 0003 9B03 5024 8CA4 0E00,1536653152905349,2.8806985740454194,-64.5,0.0,2
1703 0003 5B03 5024 74A4 0E00,1536653152910136,0.47541669864073377,-65.5,0.0,2
E200 0017 1510 0023 1520 7DAB,1536653152914719,4.696931826902018,-53.5,0.0,2
1703 0003 0B03 5024 54A8 0E00,1536653152920595,1.9296304855563218,-67.0,0.0,2
E200 0017 1510 0023 1520 7DAB,1536653152963471,4.298096822051752,-52.0,0.0,1
E200 0017 1510 0023 1520 7DAB,1536653152973406,4.310368668354837,-52.5,0.0,1
1001,1536653152979390,1.6841935594946191,-59.0,0.0,1
E200 0017 1510 0023 1520 7DAB,1536653152999840,4.86873767514521,-52.5,0.0,2
1703 0003 5B03 5024 74A4 0E00,1536653153005605,0.09498946324509472,-63.5,0.0,2
1703 0003 2B03 5024 0CA8 0E00,1536653153011971,6.23091261478766,-64.0,0.0,2
1703 0003 6B03 5024 14A8 0E00,1536653153028753,0.6226788542777557,-65.0,0.0,2
1703 0003 2B03 5024 0CA8 0E00,1536653153044312,6.151145613817606,-64.5,0.0,2
1703 0003 4B03 5024 48A7 0E00,1536653153050906,6.120465998059894,-66.0,0.0,2
1703 0003 6B03 5024 14A8 0E00,1536653153055848,0.7085817783993518,-63.5,0.0,2
E200 0017 1510 0023 1520 7DAB,1536653153060709,5.003727984479147,-53.0,0.0,2
1703 0003 5B03 5024 74A4 0E00,1536653153069127,0.2606593883367445,-66.0,0.0,2
1703 0003 2B03 5024 D0A6 0E00,1536653153078932,4.249009436839412,-68.0,0.0,2
1001,1536653153114105,1.6719217131915345,-58.0,0.0,1
E200 0017 1510 0023 1520 7DAB,1536653153121558,5.1264464475099984,-53.5,0.0,1
1703 0003 2B03 5024 0CA8 0E00,1536653153128247,5.715495070058084,-66.5,0.0,1
E200 0017 1510 0023 1520 7DAB,1536653153141059,5.310524142056275,-54.5,0.0,1
1001,1536653153146333,1.7946401762223854,-59.5,0.0,1
1703 0003 2B03 5024 0CA8 0E00,1536653153163675,5.598912530178776,-64.0,0.0,1
E200 0017 1510 0023 1520 7DAB,1536653153179621,5.335067834662445,-56.0,0.0,2
1703 0003 5B03 5024 74A4 0E00,1536653153188788,0.06430984748738222,-66.0,0.0,2
1703 0003 2B03 5024 0CA8 0E00,1536653153200533,5.75231060896734,-65.0,0.0,2
1703 0003 4B03 5024 48A7 0E00,1536653153208517,0.8742517034910007,-63.5,0.0,2
1703 0003 2B03 5024 D0A6 0E00,1536653153231887,5.077359062297658,-67.5,0.0,2
E200 0017 1510 0023 1520 7DAB,1536653153243939,5.690951377451914,-60.0,0.0,2
1703 0003 2B03 5024 0CA8 0E00,1536653153252702,5.635728069088031,-65.5,0.0,2
1703 0003 4B03 5024 48A7 0E00,1536653153259862,1.0031060896733948,-62.0,0.0,2
E200 0017 1510 0023 1520 7DAB,1536653153319198,0.49996039124690395,-58.5,0.0,1
1703 0003 2B03 5024 0CA8 0E00,1536653153328882,5.77685430157351,-62.5,0.0,1
1703 0003 2B03 5024 0CA8 0E00,1536653153338731,5.427106681935584,-64.5,0.0,1
E200 0017 1510 0023 1520 7DAB,1536653153345014,0.7883487793694046,-60.0,0.0,1
1703 0003 2B03 5024 0CA8 0E00,1536653153382584,5.285980449450105,-67.0,0.0,2
1703 0003 4B03 5024 48A7 0E00,1536653153387651,1.7271450215554172,-63.0,0.0,2
1703 0003 4B03 5024 48A7 0E00,1536653153405169,1.8989508697986093,-62.5,0.0,2
1002,1536653153414502,4.255145359990954,-58.0,0.0,2
E200 0017 1510 0023 1520 7DAB,1536653153450333,2.647533494286802,-60.5,0.0,1
E200 0017 1510 0023 1520 7DAB,1536653153470891,2.972737421318558,-60.0,0.0,1
1703 0003 2B03 5024 0CA8 0E00,1536653153482859,5.856621302543563,-65.5,0.0,1
1002,1536653153500143,4.488310439749571,-57.5,0.0,2
E200 0017 1510 0023 1520 7DAB,1536653153505259,4.4085434387795175,-59.5,0.0,2
1001,1536653153509779,0.0888535400935524,-59.0,0.0,2
9703 0003 1B03 5024 14A3 0E00,1536653153514203,4.917825060357551,-65.0,0.0,2
1703 0003 6B03 5024 14A8 0E00,1536653153523595,4.377863823021805,-64.5,0.0,2
1703 0003 4B03 5024 48A7 0E00,1536653153531880,2.395960645073557,-64.5,0.0,2
1703 0003 8B03 5024 28A6 0E00,1536653153544861,5.071223139146115,-63.0,0.0,2
1001,1536653153559340,0.21157200312440416,-60.0,0.0,2
E200 0017 1510 0023 1520 7DAB,1536653153564415,4.457630823991859,-56.0,0.0,2
1703 0003 2B03 5024 D0A6 0E00,1536653153571001,0.021358385426584192,-68.0,0.0,2
1703 0003 6B03 5024 14A8 0E00,1536653153587251,4.60489297962888,-65.5,0.0,2
1703 0003 8B03 5024 28A6 0E00,1536653153592894,4.948504676115264,-63.0,0.0,2
1002,1536653153597339,4.813514366781328,-59.5,0.0,2
9703 0003 1B03 5024 14A3 0E00,1536653153601924,4.862601751993668,-63.5,0.0,2
E200 0017 1510 0023 1520 7DAB,1536653153641930,3.9667569718684534,-54.5,0.0,1
E200 0017 1510 0023 1520 7DAB,1536653153656220,3.8992618172014852,-54.0,0.0,1
1703 0003 8B03 5024 28A6 0E00,1536653153679968,5.071223139146115,-62.0,0.0,2
E200 0017 1510 0023 1520 7DAB,1536653153685178,4.543533748113454,-53.5,0.0,2
1703 0003 6B03 5024 14A8 0E00,1536653153691133,4.506718209204199,-66.0,0.0,2
9703 0003 1B03 5024 14A3 0E00,1536653153697407,4.8932813677513805,-62.5,0.0,2
1703 0003 0B03 5024 DCA6 0E00,1536653153702529,1.4755721723421722,-62.5,0.0,2
1703 0003 0B03 5024 54A8 0E00,1536653153712892,5.77685430157351,-67.5,0.0,2
1703 0003 8B03 5024 28A6 0E00,1536653153726709,4.923960983509094,-61.0,0.0,2
9703 0003 1B03 5024 14A3 0E00,1536653153732687,4.856465828842126,-62.0,0.0,2
E200 0017 1510 0023 1520 7DAB,1536653153737659,4.5987570564773375,-53.5,0.0,2
1703 0003 0B03 5024 DCA6 0E00,1536653153742263,1.408077017675204,-63.0,0.0,2
1703 0003 0B03 5024 54A8 0E00,1536653153749307,5.838213533088935,-67.0,0.0,2
1703 0003 2B03 5024 0CA8 0E00,1536653153790951,0.11339723269972257,-64.0,0.0,1
E200 0017 1510 0023 1520 7DAB,1536653153797939,4.696931826902018,-54.5,0.0,1
1703 0003 2B03 5024 0CA8 0E00,1536653153810056,0.0581739243358399,-63.5,0.0,1
E200 0017 1510 0023 1520 7DAB,1536653153817418,4.672388134295848,-54.5,0.0,1
1703 0003 7B03 5024 7CA3 0E00,1536653153834707,4.997592061327604,-65.5,0.0,2
9703 0003 1B03 5024 14A3 0E00,1536653153841565,4.696931826902018,-62.5,0.0,2
1703 0003 8B03 5024 28A6 0E00,1536653153847789,4.838058059387498,-61.0,0.0,2
E200 0017 1510 0023 1520 7DAB,1536653153852611,4.611028902780422,-55.5,0.0,2
1703 0003 0B03 5024 54A8 0E00,1536653153858092,6.046834920241383,-66.5,0.0,2
1703 0003 0B03 5024 DCA6 0E00,1536653153872186,0.9785623970672246,-61.5,0.0,2
E200 0017 1510 0023 1520 7DAB,1536653153893527,4.537397824961912,-56.0,0.0,2
9703 0003 1B03 5024 14A3 0E00,1536653153899286,4.696931826902018,-61.5,0.0,2
1703 0003 8B03 5024 28A6 0E00,1536653153903940,4.862601751993668,-60.0,0.0,2
1703 0003 0B03 5024 54A8 0E00,1536653153908839,0.09498946324509472,-67.5,0.0,2
1703 0003 7B03 5024 7CA3 0E00,1536653153913766,4.881009521448296,-63.5,0.0,2
1703 0003 0B03 5024 DCA6 0E00,1536653153920613,0.9601546276125967,-62.0,0.0,2
1703 0003 3B03 5024 24A5 0E00,1536653153926365,3.561786043866644,-62.5,0.0,2
1703 0003 0B03 5024 20A9 0E00,1536653153930781,0.0888535400935524,-64.0,0.0,2
E200 0017 1510 0023 1520 7DAB,1536653153970102,5.451650374541754,-56.5,0.0,1
1703 0003 2B03 5024 0CA8 0E00,1536653153978669,0.30974677354908486,-63.5,0.0,1
E200 0017 1510 0023 1520 7DAB,1536653153989508,5.629592145936488,-58.0,0.0,1
1703 0003 2B03 5024 0CA8 0E00,1536653153994267,0.27293123463982916,-62.5,0.0,1
1703 0003 4B03 5024 A8A7 0E00,1536653154002077,6.20636892218149,-65.5,0.0,1
1703 0003 0B03 5024 DCA6 0E00,1536653154018279,1.0644653211888206,-62.0,0.0,2
1002,1536653154022