0003,1556806253406931,1.4878440186452568,-65.5,0.0,1
0003,1556806253683469,6.046834920241383,-65.0,0.0,1
0001,1556806253697896,3.14454326956175,-66.0,0.0,1
0003,1556806253705298,5.5252814523602645,-64.0,0.0,1
0001,1556806253751159,3.1199995769555793,-65.0,0.0,1
0001,1556806253783952,2.5248150312559505,-64.5,0.0,1
0003,1556806253803735,4.568077440719625,-64.0,0.0,1
0003,1556806253922956,3.9728928950199958,-63.0,0.0,1
0003,1556806253948757,3.690640430049038,-63.0,0.0,1
0003,1556806253996243,3.5004268123512183,-63.5,0.0,1
0001,1556806254003816,1.0521934748857351,-64.0,0.0,1
0001,1556806254032152,0.8742517034910007,-66.0,0.0,1
0003,1556806254092581,2.5002713386497804,-62.5,0.0,1
0003,1556806254143702,2.5800383396198336,-62.5,0.0,1
0003,1556806254157992,2.3284654904065887,-63.0,0.0,1
0003,1556806254217408,1.874407177192439,-63.0,0.0,1
0003,1556806254232655,1.7762324067677575,-63.5,0.0,1
0001,1556806254238417,5.899572764604361,-67.0,0.0,1
0003,1556806254279631,1.217863399977384,-63.5,0.0,1
0001,1556806254285453,5.32279598835936,-64.0,0.0,1
0003,1556806254299062,1.0951449369465331,-62.5,0.0,1
0001,1556806254304232,5.2307571410862215,-64.0,0.0,1
0001,1556806254348227,4.782834751023614,-64.5,0.0,1
0003,1556806254356003,0.6165429311262134,-62.0,0.0,1
0003,1556806254366646,0.5735914690654154,-62.0,0.0,1
0003,1556806254414377,0.5674555459138722,-62.0,0.0,1
0003,1556806254426165,0.3281545430037127,-62.5,0.0,1
0003,1556806254482696,0.10112538639663793,-63.0,0.0,1
0001,1556806254489659,3.8685822014437723,-64.0,0.0,1
0003,1556806254504480,6.089786382302181,-62.5,0.0,1
0003,1556806254551007,5.825941686785851,-62.0,0.0,1
0003,1556806254561196,5.733902839512712,-62.5,0.0,1
0001,1556806254573004,4.242873513687869,-63.5,0.0,1
0003,1556806254614660,5.279844526298563,-62.5,0.0,1
0001,1556806254632968,3.549514197563559,-65.0,0.0,1
0003,1556806254649195,5.157126063267711,-61.5,0.0,1
0003,1556806254693376,4.9791842918729765,-63.5,0.0,1
0003,1556806254704586,4.881009521448296,-62.0,0.0,1
0001,1556806254758834,2.8622908045907915,-64.5,0.0,1
0003,1556806254764141,4.9791842918729765,-63.0,0.0,1
0003,1556806254775518,4.549669671264997,-63.5,0.0,1
0001,1556806254792949,2.5616305701652062,-64.5,0.0,1
0003,1556806254836482,4.261281283142496,-62.0,0.0,1
0001,1556806254847875,1.892814946647066,-64.5,0.0,1
0003,1556806254854488,4.1569705895662725,-64.0,0.0,1
0003,1556806254900911,3.6354171216851547,-64.0,0.0,1
0001,1556806254906282,2.02166933282946,-63.5,0.0,1
0001,1556806254916901,1.6841935594946191,-64.5,0.0,1
0003,1556806254922629,3.064776268591696,-64.5,0.0,1
0003,1556806254962931,3.3163491178049416,-66.5,0.0,1
0001,1556806254985036,1.2669507851897253,-66.0,0.0,1
0003,1556806254996755,2.5248150312559505,-64.5,0.0,1
0001,1556806255041971,1.1503682453104158,-65.5,0.0,1
0003,1556806255056107,1.9909897170717477,-66.5,0.0,1
0003,1556806255063846,2.0462130254356303,-67.0,0.0,1
0001,1556806255068975,0.9417468581579689,-65.5,0.0,1
0003,1556806255113238,1.1687760147650437,-66.0,0.0,1
0001,1556806255120792,0.9724264739156814,-65.5,0.0,1
0001,1556806255131002,0.5613196227623298,-66.5,0.0,1
0003,1556806255136368,1.1012808600980755,-66.0,0.0,1
0003,1556806255181966,0.9785623970672246,-67.5,0.0,1
0001,1556806255186417,0.5060963143984472,-66.5,0.0,1
0001,1556806255206998,6.102058228605266,-65.5,0.0,1
0003,1556806255363958,6.06524268969601,-65.0,0.0,1
0003,1556806255376705,5.635728069088031,-64.0,0.0,1
0001,1556806255385242,5.439378528238668,-66.0,0.0,1
0003,1556806255432932,5.531417375511808,-65.0,0.0,1
0003,1556806255442938,5.457786297693296,-63.5,0.0,1
0003,1556806255490032,5.052815369691487,-65.0,0.0,1
0003,1556806255509281,5.132582370661541,-63.5,0.0,1
0003,1556806255558724,4.555805594416539,-61.5,0.0,1
0003,1556806255642244,4.359456053567177,-64.0,0.0,1
0003,1556806255689767,4.224465744233241,-64.0,0.0,1
0001,1556806255696032,3.2795335788956863,-66.5,0.0,1
0003,1556806255707444,3.9053977403530276,-64.5,0.0,1
0001,1556806255716521,3.138407346410207,-65.0,0.0,1
0003,1556806255763799,3.5433782744120164,-63.5,0.0,1
0003,1556806255785310,3.2427180399864306,-65.0,0.0,1
0001,1556806255872920,2.353009183012759,-65.0,0.0,1
0001,1556806255927599,2.2793781051942483,-65.5,0.0,1
0001,1556806255951838,2.0462130254356303,-64.5,0.0,1
0001,1556806255993824,1.788504253070843,-64.0,0.0,1
0003,1556806255999787,2.058484871738716,-67.0,0.0,1
0003,1556806256012246,1.7578246373131297,-65.0,0.0,1
0001,1556806256017035,1.868271254040896,-64.0,0.0,1
0003,1556806256069081,1.4203488639782886,-65.0,0.0,1
0001,1556806256074966,1.3835333250690338,-63.0,0.0,1
0001,1556806256087807,1.5246595575545125,-63.0,0.0,1
0003,1556806256093354,1.217863399977384,-64.0,0.0,1
0001,1556806256141348,1.3589896324628636,-64.5,0.0,1
0003,1556806256145958,0.7576691636116921,-66.5,0.0,1
0001,1556806256154411,1.365125555614406,-64.0,0.0,1
0003,1556806256164590,0.6840380857931816,-65.5,0.0,1
0003,1556806256205538,0.5858633153685,-67.0,0.0,1
0001,1556806256212354,1.0215138591280226,-63.5,0.0,1
0001,1556806256222683,1.4448925565844597,-62.5,0.0,1
0003,1556806256228090,0.5183681607015318,-66.0,0.0,1
0003,1556806256269355,0.027494308578126514,-66.0,0.0,1
0001,1556806256277564,0.7208536247024364,-62.5,0.0,1
0001,1556806256289537,0.77607693306632,-62.5,0.0,1
0003,1556806256295563,0.11339723269972257,-66.0,0.0,1
0003,1556806256340041,6.046834920241383,-65.0,0.0,1
0001,1556806256345354,0.819028395127118,-62.5,0.0,1
0001,1556806256358278,0.8006206256724901,-62.0,0.0,1
0003,1556806256363840,5.8013979941796805,-66.5,0.0,1
0002,1556806256389813,4.733747365811274,-69.0,0.0,1
0002,1556806256434010,4.813514366781328,-67.5,0.0,1
0001,1556806256438310,0.5551836996107875,-62.0,0.0,1
0003,1556806256443756,5.500737759754094,-65.5,0.0,1
0003,1556806256455493,5.420970758784041,-65.0,0.0,1
0002,1556806256465232,3.9238055098076554,-68.0,0.0,1
0001,1556806256469417,0.5613196227623298,-62.0,0.0,1
0001,1556806256524832,0.27293123463982916,-63.0,0.0,1
0003,1556806256529454,5.32279598835936,-65.5,0.0,1
0003,1556806256546480,5.29825229575319,-65.0,0.0,1
0001,1556806256550826,0.18089238736669078,-63.0,0.0,1
0001,1556806256611635,0.21157200312440416,-62.5,0.0,1
0003,1556806256616071,5.05895129284303,-66.5,0.0,1
0002,1556806256628071,3.389980195623452,-69.0,0.0,1
0001,1556806256633893,6.187961152726862,-64.0,0.0,1
0003,1556806256638172,4.86873767514521,-66.5,0.0,1
0001,1556806256680533,6.169553383272234,-64.0,0.0,1
0003,1556806256685001,4.881009521448296,-66.5,0.0,1
0003,1556806256703047,4.825786213084412,-66.5,0.0,1
0001,1556806256712590,5.930252380362074,-63.5,0.0,1
0001,1556806256768155,5.75231060896734,-64.0,0.0,1
0003,1556806256772879,4.500582286052657,-66.5,0.0,1
0003,1556806256791878,4.592621133325795,-66.5,0.0,1
0001,1556806256798377,5.629592145936488,-64.0,0.0,1
0003,1556806256845222,4.206057974778613,-66.0,0.0,1
0001,1556806256852737,5.445514451390212,-64.0,0.0,1
0002,1556806256864688,1.7762324067677575,-69.0,0.0,1
0003,1556806256883221,3.690640430049038,-67.0,0.0,1
0001,1556806256893145,5.2123493716315945,-64.5,0.0,1
0002,1556806256904338,2.0093974865263755,-67.5,0.0,1
0001,1556806256954150,4.905553214054466,-65.0,0.0,1
0003,1556806256971666,3.5801938133212716,-66.5,0.0,1
0001,1556806256983863,4.758291058417444,-63.5,0.0,1
0003,1556806256996500,3.1936306547740902,-67.0,0.0,1
0007,1556806257000810,4.4085434387795175,-68.0,0.0,1
0003,1556806257042228,2.8622908045907915,-68.5,0.0,1
0007,1556806257053115,4.034252126535422,-68.5,0.0,1
0002,1556806257057345,1.113552706401161,-66.5,0.0,1
0001,1556806257061783,4.512854132355741,-64.0,0.0,1
0001,1556806257092944,3.9728928950199958,-64.0,0.0,1
0007,1556806257101498,3.788815200473719,-67.5,0.0,1
0002,1556806257109480,0.3281545430037127,-68.5,0.0,1
0001,1556806257168873,3.770407431019091,-64.0,0.0,1
0001,1556806257213093,3.5126986586543034,-63.5,0.0,1
0002,1556806257234402,5.997747535029042,-66.5,0.0,1
0002,1556806257296961,5.740038762664255,-64.5,0.0,1
0001,1556806257301863,3.2733976557441435,-64.0,0.0,1
0003,1556806257306106,1.579882865918396,-66.5,0.0,1
0003,1556806257327498,1.4264847871298318,-66.0,0.0,1
0002,1556806257339574,5.580504760724148,-64.5,0.0,1
0006,1556806257343921,2.6659412637414297,-67.5,0.0,1
0001,1556806257348204,2.972737421318558,-63.0,0.0,1
0003,1556806257392383,1.3283100167051503,-66.0,0.0,1
0002,1556806257403285,5.56209699126952,-65.0,0.0,1
0001,1556806257407611,2.4818635691951525,-63.0,0.0,1
0002,1556806257432632,5.328931911510903,-64.5,0.0,1
0001,1556806257436990,2.6536694174383446,-62.5,0.0,1
0003,1556806257442842,0.8926594729456285,-66.5,0.0,1
0002,1556806257491902,4.985320215024519,-65.5,0.0,1
0007,1556806257504590,5.660271761694201,-68.0,0.0,1
0001,1556806257509154,2.322329567255046,-63.0,0.0,1
0003,1556806257514797,0.49996039124690395,-66.5,0.0,1
0003,1556806257542065,0.4631448523376491,-66.0,0.0,1
0002,1556806257546185,4.856465828842126,-64.5,0.0,1
0006,1556806257551944,1.1626400916135013,-67.5,0.0,1
0007,1556806257556225,5.543689221814892,-66.0,0.0,1
0001,1556806257560834,2.2609703357396205,-62.0,0.0,1
0003,1556806257610006,6.145009690666064,-65.0,0.0,1
0002,1556806257614373,4.635572595386593,-63.0,0.0,1
0007,1556806257620683,4.997592061327604,-65.0,0.0,1
0001,1556806257624853,2.058484871738716,-62.5,0.0,1
0006,1556806257630777,0.8313002414302026,-67.5,0.0,1
0002,1556806257641701,4.512854132355741,-64.5,0.0,1
0007,1556806257651907,4.9791842918729765,-65.5,0.0,1
0001,1556806257658184,2.0032615633748323,-61.0,0.0,1
0001,1556806257712022,1.99712564022329,-62.0,0.0,1
0002,1556806257721244,4.420815285082603,-64.0,0.0,1
0007,1556806257733268,4.488310439749571,-64.5,0.0,1
0001,1556806257744538,1.6903294826461615,-62.0,0.0,1
0006,1556806257752595,6.151145613817606,-66.5,0.0,1
0003,1556806257763125,5.7584465321188825,-66.0,0.0,1
0007,1556806257768704,4.040388049686964,-65.0,0.0,1
0002,1556806257776306,3.9913006644746236,-63.5,0.0,1
0008,1556806257781620,3.3163491178049416,-69.5,0.0,1
0008,1556806257824129,3.5679219670181865,-69.0,0.0,1
0003,1556806257828340,4.948504676115264,-65.5,0.0,1
0001,1556806257834774,1.7946401762223854,-61.5,0.0,1
0002,1556806257839266,3.8685822014437723,-65.0,0.0,1
0007,1556806257844017,3.5924656596243567,-64.5,0.0,1
0006,1556806257854473,5.482329990299467,-66.0,0.0,1
0001,1556806257872816,1.6780576363430768,-61.5,0.0,1
0007,1556806257883205,3.463611273441963,-64.5,0.0,1
0006,1556806257887904,5.157126063267711,-66.5,0.0,1
0002,1556806257892541,3.7826792773221762,-64.5,0.0,1
0003,1556806257896875,4.635572595386593,-65.5,0.0,1
0008,1556806257902898,1.9173586392532371,-70.0,0.0,1
0002,1556806257957186,3.43293165768425,-65.5,0.0,1
0003,1556806257966663,4.3042327452032945,-65.0,0.0,1
0001,1556806257971104,1.536931403857598,-62.0,0.0,1
0006,1556806257977194,4.807378443629785,-65.5,0.0,1
0007,1556806257982173,2.6107179553775466,-64.5,0.0,1
0008,1556806257986715,1.9173586392532371,-69.0,0.0,1
0006,1556806258007551,4.476038593446486,-67.0,0.0,1
0001,1556806258011832,1.5307954807060549,-62.0,0.0,1
0007,1556806258016068,2.518679108104408,-63.5,0.0,1
0003,1556806258020973,4.021980280232336,-65.0,0.0,1
0002,1556806258025944,3.2059025010771753,-64.0,0.0,1
0008,1556806258030477,1.806912022525471,-69.5,0.0,1
0006,1556806258073710,4.163106512717816,-66.0,0.0,1
0001,1556806258083019,1.5430673270091404,-62.0,0.0,1
0007,1556806258089475,2.0339411791325457,-64.5,0.0,1
0003,1556806258094250,3.807222969928347,-63.5,0.0,1
0002,1556806258098542,3.0034170370762707,-64.5,0.0,1
0009,1556806258108389,5.5252814523602645,-69.0,0.0,1
0005,1556806258118259,0.19930015682131863,-67.0,0.0,1
0002,1556806258132815,2.819339342529994,-64.0,0.0,1
0001,1556806258137497,1.451028479736002,-61.5,0.0,1
0003,1556806258142960,3.445203503987335,-63.5,0.0,1
0007,1556806258156418,1.4817080954937145,-62.5,0.0,1
0005,1556806258161291,5.727766916361169,-66.5,0.0,1
0006,1556806258181170,3.6538248911397826,-65.5,0.0,1
0002,1556806258223747,2.365281029315844,-63.0,0.0,1
0007,1556806258236615,1.0460575517341928,-63.5,0.0,1
0003,1556806258242277,3.138407346410207,-63.0,0.0,1
0005,1556806258246598,5.838213533088935,-65.5,0.0,1
0001,1556806258252476,1.536931403857598,-62.5,0.0,1
0006,1556806258256847,3.1752228853194624,-65.5,0.0,1
0001,1556806258282820,1.5860187890699384,-63.5,0.0,1
0002,1556806258288078,2.3284654904065887,-63.0,0.0,1
0003,1556806258297248,2.9604655750154727,-62.5,0.0,1
0007,1556806258301936,0.7453973173086066,-63.0,0.0,1
0006,1556806258308730,2.886834497196962,-65.5,0.0,1
0005,1556806258316857,5.605048453330318,-65.0,0.0,1
0007,1556806258363773,0.033630231729669724,-65.0,0.0,1
0009,1556806258376329,3.6170093522305273,-67.0,0.0,1
0001,1556806258380866,1.5307954807060549,-63.0,0.0,1
0003,1556806258385252,2.659805340589887,-62.5,0.0,1
0006,1556806258389757,2.5861742627713764,-65.5,0.0,1
0002,1556806258396774,2.2364266431334503,-63.0,0.0,1
0002,1556806258415599,2.205747027375737,-62.5,0.0,1
0003,1556806258425432,2.7825238036207383,-61.5,0.0,1
0001,1556806258429820,1.5921547122214808,-63.5,0.0,1
0007,1556806258434707,5.770718378421967,-63.5,0.0,1
0009,1556806258446180,3.0770481148947817,-69.5,0.0,1
0006,1556806258457731,2.1812033347695667,-65.5,0.0,1
0007,1556806258526712,5.144854216964626,-63.0,0.0,1
0002,1556806258531677,2.02166933282946,-62.0,0.0,1
0006,1556806258535948,1.8989508697986093,-66.5,0.0,1
0003,1556806258542932,2.4450480302858972,-61.0,0.0,1
0001,1556806258550413,1.6535139437369066,-64.0,0.0,1
0009,1556806258563017,2.6352616479837168,-66.5,0.0,1
0007,1556806258574093,4.850329905690582,-63.0,0.0,1
0003,1556806258578298,2.2916499514973334,-61.0,0.0,1
0009,1556806258583002,2.1382518727087687,-68.0,0.0,1
0001,1556806258593449,1.6841935594946191,-65.0,0.0,1
0006,1556806258598012,1.7148731752523325,-64.5,0.0,1
0002,1556806258606286,1.911222716101694,-62.0,0.0,1
0005,1556806258630564,4.758291058417444,-66.5,0.0,1
0001,1556806258685803,1.7394168678585027,-66.5,0.0,1
0003,1556806258690395,1.9419023318594073,-61.0,0.0,1
0002,1556806258694573,1.8559994077378112,-61.5,0.0,1
0007,1556806258713734,3.5679219670181865,-61.5,0.0,1
0006,1556806258720090,0.628814777429298,-66.0,0.0,1
0004,1556806258732750,5.132582370661541,-66.5,0.0,1
0009,1556806258740686,0.9172031655517987,-70.0,0.0,1
0006,1556806258757100,0.5981351616715855,-68.5,0.0,1
0003,1556806258762322,1.7210090984038748,-61.0,0.0,1
0001,1556806258766977,1.7639605604646729,-66.5,0.0,1
0007,1556806258772643,3.463611273441963,-62.0,0.0,1
0009,1556806258777403,0.9540187044610544,-68.5,0.0,1
0004,1556806258785092,5.089630908600743,-69.0,0.0,1
0002,1556806258796969,1.8559994077378112,-61.5,0.0,1
0010,1556806258801809,4.420815285082603,-68.0,0.0,1
0007,1556806258862613,3.0095529602278135,-61.5,0.0,1
0004,1556806258866682,4.752155135265902,-67.5,0.0,1
0002,1556806258871631,1.7762324067677575,-63.0,0.0,1
0001,1556806258876086,1.7271450215554172,-67.0,0.0,1
0003,1556806258880724,1.3773974019174915,-60.0,0.0,1
0006,1556806258885028,5.997747535029042,-70.0,0.0,1
0010,1556806258893066,3.874718124595315,-69.0,0.0,1
0009,1556806258901556,5.807533917331223,-71.5,0.0,1
0007,1556806258915833,2.45118395343744,-62.5,0.0,1
0002,1556806258926541,1.7946401762223854,-62.0,0.0,1
0004,1556806258930782,4.758291058417444,-66.5,0.0,1
0003,1556806258935032,1.2914944777958954,-59.5,0.0,1
0010,1556806258939626,3.2856695020472286,-68.5,0.0,1
0001,1556806258947184,1.7148731752523325,-67.0,0.0,1
0006,1556806258951421,5.690951377451914,-68.5,0.0,1
0009,1556806258962787,5.2737086031470195,-70.0,0.0,1
0001,1556806259005473,1.9480382550109496,-64.5,0.0,1
0007,1556806259009691,2.1198441032541417,-62.0,0.0,1
0004,1556806259031276,4.36559197671872,-65.0,0.0,1
0003,1556806259035478,0.9662905507641391,-59.0,0.0,1
0002,1556806259058742,1.6535139437369066,-63.0,0.0,1
0006,1556806259065965,5.267572679995477,-67.5,0.0,1
0009,1556806259070836,4.064931742293135,-68.5,0.0,1
0002,1556806259083007,1.6780576363430768,-63.0,0.0,1
0009,1556806259087997,3.813358893079889,-68.0,0.0,1
0001,1556806259097086,1.8375916382831834,-66.0,0.0,1
0007,1556806259101517,1.6903294826461615,-62.5,0.0,1
0003,1556806259106303,0.7515332404601498,-58.5,0.0,1
0004,1556806259110637,4.015844357080794,-66.0,0.0,1
0010,1556806259117500,1.7332809447069595,-66.5,0.0,1
0006,1556806259123705,4.862601751993668,-68.5,0.0,1
0010,1556806259176344,1.5246595575545125,-66.0,0.0,1
0003,1556806259185904,0.6533584700354682,-57.0,0.0,1
0004,1556806259190223,3.8869899708984,-66.0,0.0,1
0006,1556806259195087,4.831922136235955,-68.5,0.0,1
0001,1556806259201551,1.6964654057977047,-66.0,0.0,1
0007,1556806259206209,1.2730867083412676,-63.0,0.0,1
0009,1556806259210951,2.9911451907731856,-67.5,0.0,1
0002,1556806259217274,1.616698404827651,-63.0,0.0,1
0008,1556806259222570,4.617164825931965,-68.5,0.0,1
0002,1556806259239086,1.536931403857598,-63.0,0.0,1
0001,1556806259243285,1.868271254040896,-65.5,0.0,1
0010,1556806259248203,1.0215138591280226,-65.0,0.0,1
0003,1556806259252726,0.5613196227623298,-57.0,0.0,1
0009,1556806259265357,2.5923101859229187,-65.5,0.0,1
0004,1556806259271644,3.6538248911397826,-65.5,0.0,1
0007,1556806259275958,0.9478827813095112,-64.0,0.0,1
0008,1556806259280781,4.132426896960103,-69.5,0.0,1
0004,1556806259328806,3.4022520419265376,-63.5,0.0,1
0003,1556806259333348,0.4508730060345636,-56.5,0.0,1
0007,1556806259337643,0.3220186198521695,-65.0,0.0,1
0010,1556806259341976,0.4201933902768511,-64.5,0.0,1
0009,1556806259346230,2.1505237190118542,-65.0,0.0,1
0002,1556806259351151,1.4387566334329165,-63.0,0.0,1
0008,1556806259357607,3.4574753502904203,-68.0,0.0,1
0001,1556806259363288,1.9848537939202053,-64.5,0.0,1
0010,1556806259381723,0.20543607997286095,-64.5,0.0,1
0002,1556806259385958,1.4326207102813742,-63.5,0.0,1
0007,1556806259390988,6.102058228605266,-65.0,0.0,1
0009,1556806259395987,1.9480382550109496,-65.0,0.0,1
0003,1556806259405741,0.4570089291861068,-57.0,0.0,1
0008,1556806259410288,3.2059025010771753,-67.5,0.0,1
0006,1556806259414483,4.083339511747762,-69.5,0.0,1
0001,1556806259420929,2.0462130254356303,-64.5,0.0,1
0004,1556806259468498,2.9788733444701005,-65.0,0.0,1
0006,1556806259474126,3.86244627829223,-71.0,0.0,1
0002,1556806259478453,1.4264847871298318,-63.5,0.0,1
0007,1556806259484631,5.292116372601647,-65.5,0.0,1
0010,1556806259488966,5.850485379392021,-64.0,0.0,1
0003,1556806259493194,0.24225161888211666,-57.0,0.0,1
0001,1556806259497452,2.1321159495572264,-65.5,0.0,1
0009,1556806259503526,1.6228343279791932,-65.0,0.0,1
0008,1556806259507669,2.6904849563476,-66.5,0.0,1
0003,1556806259524339,0.3895137745191386,-57.0,0.0,1
0008,1556806259528572,2.47572764604361,-66.5,0.0,1
0007,1556806259533116,4.776698827872072,-66.5,0.0,1
0004,1556806259538612,2.800931573075366,-65.0,0.0,1
0001,1556806259543853,2.310057720951961,-65.0,0.0,1
0002,1556806259548712,1.322174093553608,-63.0,0.0,1
0009,1556806259553073,1.156504168461959,-64.5,0.0,1
0010,1556806259563371,5.476194067147924,-64.0,0.0,1
0003,1556806259609407,0.27293123463982916,-57.5,0.0,1
0007,1556806259614846,4.0710676654446765,-65.0,0.0,1
0008,1556806259619832,1.935766408707864,-66.5,0.0,1
0004,1556806259624232,2.6966208794991426,-64.0,0.0,1
0002,1556806259628396,1.346717786159778,-63.0,0.0,1
0009,1556806259634000,0.7883487793694046,-65.0,0.0,1
0010,1556806259638437,4.776698827872072,-64.5,0.0,1
0001,1556806259642999,2.4143684145281843,-65.0,0.0,1
0001,1556806259655001,2.432776183982812,-65.0,0.0,1
0004,1556806259660243,2.5923101859229187,-65.0,0.0,1
0007,1556806259664424,3.874718124595315,-64.5,0.0,1
0003,1556806259670142,0.34656231245834057,-57.5,0.0,1
0002,1556806259674288,1.4264847871298318,-62.5,0.0,1
0010,1556806259686056,4.3901356693248905,-64.0,0.0,1
0008,1556806259691552,1.6351061742822788,-61.0,0.0,1
0005,1556806259697497,0.01522246227504187,-68.0,0.0,1
0009,1556806259702798,0.49996039124690395,-66.5,0.0,1
0003,1556806259747285,0.291339004094457,-57.5,0.0,1
0004,1556806259752901,2.2855140283457906,-63.5,0.0,1
0002,1556806259757674,1.3528537093113204,-62.0,0.0,1
0005,1556806259762334,0.23611569573057434,-67.0,0.0,1
0007,1556806259766601,3.5311064281089313,-64.0,0.0,1
0001,1556806259771494,2.997281113924728,-65.0,0.0,1
0008,1556806259776665,1.30376632409898,-66.0,0.0,1
0010,1556806259784670,3.6783685837459528,-66.0,0.0,1
0009,1556806259789829,0.09498946324509472,-66.0,0.0,1
0008,1556806259802771,1.4264847871298318,-65.0,0.0,1
0004,1556806259811060,2.1934751810726523,-64.0,0.0,1
0010,1556806259815943,3.1874947316225475,-65.5,0.0,1
0003,1556806259820183,0.49996039124690395,-57.5,0.0,1
0002,1556806259824443,1.3528537093113204,-62.0,0.0,1
0007,1556806259828704,3.0770481148947817,-62.5,0.0,1
0009,1556806259833053,0.039766154881212046,-66.5,0.0,1
0003,1556806259891681,0.481552621792277,-57.5,0.0,1
0004,1556806259895939,1.9787178707686621,-63.5,0.0,1
0007,1556806259900433,2.886834497196962,-62.0,0.0,1
0008,1556806259904608,1.0031060896733948,-66.5,0.0,1
0002,1556806259908801,1.346717786159778,-63.0,0.0,1
0009,1556806259913319,5.75231060896734,-67.5,0.0,1
0010,1556806259917505,2.5739024164682913,-66.0,0.0,1
0001,1556806259921754,3.549514197563559,-65.5,0.0,1
0010,1556806259938031,2.3591451061643016,-65.0,0.0,1
0004,1556806259942323,1.9909897170717477,-63.5,0.0,1
0003,1556806259948201,0.4508730060345636,-57.5,0.0,1
0002,1556806259952344,1.4387566334329165,-62.5,0.0,1
0007,1556806259957075,2.659805340589887,-63.0,0.0,1
0009,1556806259968587,5.335067834662445,-67.5,0.0,1
0008,1556806259974668,0.5981351616715855,-66.5,0.0,1
0001,1556806259983692,4.249009436839412,-65.5,0.0,1
0001,1556806260026568,3.8931258940499425,-65.0,0.0,1
0002,1556806260030803,1.4755721723421722,-62.5,0.0,1
0004,1556806260036877,1.9296304855563218,-63.5,0.0,1
0008,1556806260041218,0.1195331558512649,-68.5,0.0,1
0009,1556806260045751,4.966912445569891,-68.5,0.0,1
0003,1556806260050027,0.5674555459138722,-57.5,0.0,1
0007,1556806260055801,2.408232491376642,-62.5,0.0,1
0010,1556806260073856,1.2976304009474378,-64.5,0.0,1
0004,1556806260083555,1.9848537939202053,-62.5,0.0,1
0002,1556806260089400,1.6473780205853643,-63.0,0.0,1
0008,1556806260094258,6.194097075878404,-67.5,0.0,1
0003,1556806260100844,0.6472225468839259,-57.0,0.0,1
0007,1556806260106010,2.1137081801025985,-62.0,0.0,1
0009,1556806260122039,4.482174516598029,-69.0,0.0,1
0006,1556806260136415,5.703223223754999,-69.5,0.0,1
0003,1556806260178174,0.6410866237323836,-57.0,0.0,1
0004,1556806260183682,1.9725819476171198,-63.0,0.0,1
0001,1556806260188755,4.715339596356646,-64.5,0.0,1
0006,1556806260193662,5.580504760724148,-69.0,0.0,1
0008,1556806260197972,5.29825229575319,-69.5,0.0,1
0007,1556806260202732,1.8805431003439814,-62.5,0.0,1
0002,1556806260207007,1.9664460244655775,-63.0,0.0,1
0009,1556806260211480,3.469747196593506,-71.5,0.0,1
0010,1556806260215984,0.13180500215435043,-65.0,0.0,1
0008,1556806260231569,5.365747450420158,-68.5,0.0,1
0010,1556806260235971,0.2545234651852013,-63.5,0.0,1
0003,1556806260240552,0.7085817783993518,-56.5,0.0,1
0009,1556806260246079,3.439067580835793,-70.5,0.0,1
0007,1556806260250437,1.7394168678585027,-62.5,0.0,1
0004,1556806260254881,1.9234945624047795,-63.5,0.0,1
0001,1556806260259116,4.9362328298121785,-64.5,0.0,1
0002,1556806260263493,2.0953004106479716,-64.0,0.0,1
0006,1556806260267726,5.193941602176967,-68.0,0.0,1
0005,1556806260273669,3.758135584716006,-67.5,0.0,1
0007,1556806260316569,1.3344459398566935,-61.5,0.0,1
0004,1556806260320753,2.015533409677918,-63.5,0.0,1
0005,1556806260324921,3.549514197563559,-67.5,0.0,1
0002,1556806260331353,2.144387795860312,-64.0,0.0,1
0006,1556806260335835,5.077359062297658,-66.0,0.0,1
0003,1556806260340862,0.8006206256724901,-56.5,0.0,1
0010,1556806260345885,5.838213533088935,-64.0,0.0,1
0008,1556806260350582,4.555805594416539,-68.0,0.0,1
0001,1556806260355993,5.218485294783137,-64.5,0.0,1
0003,1556806260377198,0.7822128562178623,-56.5,0.0,1
0010,1556806260382034,5.53755329866335,-64.0,0.0,1
0006,1556806260387048,4.923960983509094,-65.5,0.0,1
0002,1556806260391765,2.438912107134355,-64.0,0.0,1
0005,1556806260395902,3.482019042896591,-67.5,0.0,1
0001,1556806260400017,5.494601836602552,-64.5,0.0,1
0004,1556806260406024,2.083028564344886,-64.5,0.0,1
0007,1556806260410249,0.9478827813095112,-64.0,0.0,1
0008,1556806260419831,3.9176695866561126,-69.5,0.0,1
0003,1556806260468642,0.8558439340363728,-55.5,0.0,1
0010,1556806260473811,5.249164910540849,-65.0,0.0,1
0008,1556806260478312,3.86244627829223,-69.0,0.0,1
0004,1556806260482574,1.8559994077378112,-65.0,0.0,1
0005,1556806260486830,2.985009267621643,-66.5,0.0,1
0001,1556806260491356,5.58664068387569,-64.5,0.0,1
0006,1556806260495860,4.623300749083508,-66.0,0.0,1
0007,1556806260502197,0.3895137745191386,-64.0,0.0,1
0002,1556806260509343,2.71502864895377,-64.0,0.0,1
0001,1556806260529322,5.727766916361169,-64.0,0.0,1
0002,1556806260534480,2.727300495256855,-65.0,0.0,1
0010,1556806260539056,4.709203673205104,-65.5,0.0,1
0006,1556806260543430,4.488310439749571,-65.5,0.0,1
0004,1556806260548316,1.9909897170717477,-63.5,0.0,1
0003,1556806260552875,0.9478827813095112,-55.0,0.0,1
0007,1556806260558529,0.1931642336697763,-63.5,0.0,1
0008,1556806260567503,3.089319961197867,-69.0,0.0,1
0005,1556806260573003,2.8806985740454194,-67.5,0.0,1
0001,1556806260807332,0.2606593883367445,-64.5,0.0,1
0008,1556806260814328,1.8989508697986093,-68.5,0.0,1
0010,1556806260818626,2.9297859592577598,-67.0,0.0,1
0003,1556806260823193,1.27922263149281,-55.0,0.0,1
0005,1556806260827736,2.377552875618929,-68.5,0.0,1
0002,1556806260833132,3.396116118774995,-66.0,0.0,1
0004,1556806260838370,1.7210090984038748,-64.5,0.0,1
0006,1556806260842592,3.3593005798657396,-65.5,0.0,1
0007,1556806260847773,5.1264464475099984,-61.5,0.0,1
0005,1556806260866241,2.604582032226004,-68.0,0.0,1
0003,1556806260870467,1.4019410945236617,-55.5,0.0,1
0007,1556806260874532,5.034407600236859,-62.0,0.0,1
0008,1556806260883568,1.641242097433821,-66.5,0.0,1
0006,1556806260887802,3.2181743473802604,-65.0,0.0,1
0002,1556806260892097,3.561786043866644,-66.5,0.0,1
0004,1556806260896397,1.6841935594946191,-64.5,0.0,1
0001,1556806260900843,0.5551836996107875,-63.5,0.0,1
0010,1556806260905198,2.377552875618929,-68.5,0.0,1
0010,1556806260947440,1.8559994077378112,-67.5,0.0,1
0007,1556806260952459,4.672388134295848,-62.5,0.0,1
0002,1556806260957101,3.6783685837459528,-66.5,0.0,1
0006,1556806260963281,2.9666014981670155,-64.5,0.0,1
0001,1556806260967598,0.9908342433703092,-64.0,0.0,1
0004,1556806260971808,1.7148731752523325,-64.5,0.0,1
0003,1556806260976117,1.6289702511307365,-56.0,0.0,1
0008,1556806260980195,1.0215138591280226,-66.5,0.0,1
0008,1556806260992790,1.1012808600980755,-66.5,0.0,1
0003,1556806260997596,1.598290635373023,-56.5,0.0,1
0007,1556806261003271,4.506718209204199,-62.5,0.0,1
0001,1556806261007440,1.1012808600980755,-63.5,0.0,1
0005,1556806261011832,2.463455799740525,-66.5,0.0,1
0002,1556806261017864,3.727455968958293,-67.5,0.0,1
0004,1556806261022788,1.659649866888449,-65.5,0.0,1
0010,1556806261026996,1.5001158649483424,-68.5,0.0,1
0006,1556806261031317,3.0218248065308986,-64.0,0.0,1
0007,1556806261074997,4.261281283142496,-62.0,0.0,1
0008,1556806261079527,0.6963099320962662,-66.5,0.0,1
0003,1556806261083635,1.9050867929501516,-56.5,0.0,1
0006,1556806261089834,2.727300495256855,-64.5,0.0,1
0004,1556806261094026,1.7148731752523325,-64.5,0.0,1
0001,1556806261098234,1.6228343279791932,-64.0,0.0,1
0005,1556806261103066,2.408232491376642,-67.0,0.0,1
0002,1556806261107725,4.187650205323986,-68.0,0.0,1
0010,1556806261125551,1.0644653211888206,-67.5,0.0,1
0008,1556806261141692,0.18089238736669078,-67.5,0.0,1
0003,1556806261146001,2.0768926411933437,-56.5,0.0,1
0006,1556806261150618,2.721164572105313,-63.5,0.0,1
0007,1556806261155323,4.040388049686964,-62.5,0.0,1
0005,1556806261161101,2.6659412637414297,-64.5,0.0,1
0001,1556806261165930,1.806912022525471,-64.0,0.0,1
0002,1556806261170034,4.58034928702271,-68.0,0.0,1
0004,1556806261180492,1.573746942766853,-66.0,0.0,1
0010,1556806261185096,0.37724192821605307,-68.0,0.0,1
0007,1556806261228199,3.5311064281089313,-63.0,0.0,1
0006,1556806261232846,2.6352616479837168,-64.5,0.0,1
0008,1556806261237625,5.930252380362074,-64.5,0.0,1
0001,1556806261242632,2.353009183012759,-64.0,0.0,1
0002,1556806261248484,4.782834751023614,-70.0,0.0,1
0005,1556806261253573,2.5309509544074933,-65.0,0.0,1
0003,1556806261257840,2.4695917228920674,-58.0,0.0,1
0004,1556806261262199,1.849863484586269,-65.5,0.0,1
0010,1556806261269460,5.8627572256951055,-68.5,0.0,1
0008,1556806261281242,5.807533917331223,-65.0,0.0,1
0007,1556806261285577,3.3347568872595694,-63.0,0.0,1
0001,1556806261289863,2.5984461090744615,-65.0,0.0,1
0005,1556806261294308,2.420504337679727,-65.0,0.0,1
0006,1556806261306698,2.843883035136164,-64.5,0.0,1
0004,1556806261312126,1.9480382550109496,-65.0,0.0,1
0003,1556806261316708,2.672077186892972,-58.0,0.0,1
0010,1556806261321213,5.402562989329414,-69.5,0.0,1
0007,1556806261364878,3.0095529602278135,-63.0,0.0,1
0006,1556806261369903,2.6536694174383446,-64.0,0.0,1
0003,1556806261377871,2.8254752656815363,-59.0,0.0,1
0008,1556806261385664,5.304388218904732,-65.0,0.0,1
0010,1556806261390064,4.8932813677513805,-68.0,0.0,1
0001,1556806261394537,2.8377471119846214,-65.0,0.0,1
0004,1556806261400434,2.2241547968303648,-65.5,0.0,1
0005,1556806261406043,2.4143684145281843,-64.0,0.0,1
0007,1556806261423814,2.831611188833079,-62.5,0.0,1
0004,1556806261428561,2.1750674116180244,-66.0,0.0,1
0008,1556806261433012,5.3718833735717,-64.5,0.0,1
0010,1556806261437720,4.555805594416539,-67.5,0.0,1
0001,1556806261441941,3.058640345440154,-65.0,0.0,1
0005,1556806261446246,2.4695917228920674,-64.0,0.0,1
0006,1556806261452533,2.604582032226004,-64.0,0.0,1
0003,1556806261457424,3.052504422288611,-59.5,0.0,1
0007,1556806261506203,2.5739024164682913,-61.5,0.0,1
0008,1556806261510732,4.991456138176062,-64.5,0.0,1
0005,1556806261515898,2.2977858746488757,-63.5,0.0,1
0001,1556806261520125,3.396116118774995,-66.0,0.0,1
0004,1556806261525503,2.702756802650685,-66.0,0.0,1
0003,1556806261529674,3.1936306547740902,-59.5,0.0,1
0006,1556806261534801,2.6229898016806317,-65.0,0.0,1
0010,1556806261540140,4.144698743263188,-67.0,0.0,1
0007,1556806261559796,2.322329567255046,-61.0,0.0,1
0008,1556806261564599,4.653980364841221,-64.0,0.0,1
0004,1556806261569697,2.800931573075366,-67.0,0.0,1
0003,1556806261573983,3.396116118774995,-60.0,0.0,1
0001,1556806261579318,3.8685822014437723,-66.0,0.0,1
0010,1556806261584474,4.052659895990049,-65.5,0.0,1
0005,1556806261590040,2.438912107134355,-63.0,0.0,1
0006,1556806261594208,2.5616305701652062,-64.5,0.0,1
0001,1556806261635464,3.8256307393829743,-66.0,0.0,1
0004,1556806261640248,2.9297859592577598,-65.0,0.0,1
0006,1556806261644627,2.5432228007105784,-64.5,0.0,1
0005,1556806261648891,2.438912107134355,-63.5,0.0,1
0010,1556806261655175,3.5740578901697293,-66.0,0.0,1
0007,1556806261660804,2.254834412588078,-60.0,0.0,1
0008,1556806261667301,4.58034928702271,-63.0,0.0,1
0003,1556806261676176,3.8808540477468574,-60.5,0.0,1
0007,1556806261690825,2.1934751810726523,-59.5,0.0,1
0006,1556806261696037,2.6107179553775466,-64.0,0.0,1
0009,1556806261700363,1.0521934748857351,-69.5,0.0,1
0010,1556806261706428,3.3163491178049416,-66.5,0.0,1
0004,1556806261710574,3.2059025010771753,-65.0,0.0,1
0008,1556806261714671,4.451494900840316,-63.0,0.0,1
0003,1556806261719406,4.015844357080794,-61.0,0.0,1
0001,1556806261724812,4.3901356693248905,-67.0,0.0,1
0005,1556806261729345,2.4573198765889823,-64.0,0.0,1
0001,1556806261774265,4.721475519508189,-68.0,0.0,1
0004,1556806261780525,3.494290889199676,-65.5,0.0,1
0008,1556806261786678,4.3042327452032945,-63.0,0.0,1
0010,1556806261790831,3.070912191743239,-65.5,0.0,1
0006,1556806261796113,2.727300495256855,-64.5,0.0,1
0003,1556806261800283,4.396271592476433,-61.5,0.0,1
0005,1556806261806449,2.5923101859229187,-64.0,0.0,1
0007,1556806261810984,1.9603101013140352,-59.5,0.0,1
0009,1556806261818660,0.37110600506451075,-70.0,0.0,1
0010,1556806261830628,2.985009267621643,-65.5,0.0,1
0003,1556806261834897,4.426951208234145,-62.0,0.0,1
0001,1556806261839142,5.292116372601647,-69.0,0.0,1
0007,1556806261843559,2.02166933282946,-59.5,0.0,1
0006,1556806261848795,2.5616305701652062,-65.0,0.0,1
0008,1556806261856603,4.107883204353932,-63.0,0.0,1
0005,1556806261860770,2.5984461090744615,-64.5,0.0,1
0004,1556806261864943,3.7397278152613787,-65.0,0.0,1
0009,1556806261869465,6.2002329990299465,-69.5,0.0,1
0001,1556806261920673,6.059106766544468,-68.0,0.0,1
0007,1556806261924952,1.9050867929501516,-59.0,0.0,1
0010,1556806261929693,2.3714169524673867,-64.5,0.0,1
0003,1556806261934544,4.813514366781328,-63.5,0.0,1
0009,1556806261944118,5.727766916361169,-70.5,0.0,1
0004,1556806261948510,3.9728928950199958,-65.5,0.0,1
0008,1556806261953613,3.9053977403530276,-63.0,0.0,1
0006,1556806261961424,2.6536694174383446,-65.5,0.0,1
0005,1556806261965563,2.5739024164682913,-64.0,0.0,1
0009,1556806261980259,5.77685430157351,-68.5,0.0,1
0007,1556806261985621,1.8866790234955237,-59.5,0.0,1
0003,1556806261992159,5.034407600236859,-63.0,0.0,1
0006,1556806261996337,2.4573198765889823,-65.0,0.0,1
0008,1556806262002318,3.788815200473719,-63.0,0.0,1
0005,1556806262006624,2.843883035136164,-63.5,0.0,1
0001,1556806262011238,0.7147177015508941,-69.0,0.0,1
0004,1556806262015454,4.132426896960103,-65.5,0.0,1
0010,1556806262059795,1.7639605604646729,-65.0,0.0,1
0006,1556806262064316,2.377552875618929,-65.0,0.0,1
0003,1556806262070307,5.193941602176967,-63.5,0.0,1
0005,1556806262075574,3.083184038046324,-63.5,0.0,1
0008,1556806262079735,3.727455968958293,-63.5,0.0,1
0007,1556806262087314,1.8375916382831834,-59.5,0.0,1
0009,1556806262091663,5.29825229575319,-68.0,0.0,1
0004,1556806262095981,4.439223054537231,-65.5,0.0,1
0009,1556806262111879,4.923960983509094,-67.5,0.0,1
0005,1556806262116345,3.0770481148947817,-64.0,0.0,1
0007,1556806262122696,1.8866790234955237,-59.5,0.0,1
0003,1556806262129209,5.5498251449664355,-63.5,0.0,1
0004,1556806262133740,4.703067750053561,-66.5,0.0,1
0006,1556806262138875,2.2855140283457906,-64.5,0.0,1
0010,1556806262143166,1.2976304009474378,-64.5,0.0,1
0008,1556806262147513,3.5556501207151014,-64.0,0.0,1
0007,1556806262191873,1.8191838688285555,-59.5,0.0,1
0008,1556806262197209,3.3838442724719098,-64.0,0.0,1
0004,1556806262201682,4.850329905690582,-67.0,0.0,1
0010,1556806262206379,0.9662905507641391,-65.0,0.0,1
0003,1556806262210749,5.770718378421967,-65.0,0.0,1
0001,1556806262214781,2.273242182042705,-68.0,0.0,1
0005,1556806262219428,3.6783685837459528,-64.0,0.0,1
0009,1556806262228668,4.666252211144306,-67.5,0.0,1
0006,1556806262232699,2.5554946470136635,-64.5,0.0,1
0001,1556806262247529,2.1996111042241946,-67.0,0.0,1
0007,1556806262252063,1.8866790234955237,-59.0,0.0,1
0009,1556806262256593,4.647844441689678,-70.0,0.0,1
0006,1556806262261955,2.813203419378451,-66.0,0.0,1
0010,1556806262266565,0.6901740089447239,-65.0,0.0,1
0004,1556806262270840,5.138718293813083,-68.5,0.0,1
0005,1556806262277847,3.6354171216851547,-64.0,0.0,1
0003,1556806262282878,6.157281536969149,-65.5,0.0,1
0008,1556806262287629,3.107727730652494,-64.0,0.0,1
0003,1556806262332228,0.4631448523376491,-65.0,0.0,1
0007,1556806262336506,1.849863484586269,-59.5,0.0,1
0010,1556806262341803,0.0029506159719563385,-65.0,0.0,1
0005,1556806262347162,3.8931258940499425,-64.0,0.0,1
0006,1556806262351535,2.273242182042705,-65.5,0.0,1
0009,1556806262356709,4.040388049686964,-67.0,0.0,1
0001,1556806262361825,2.985009267621643,-67.0,0.0,1
0008,1556806262366216,3.089319961197867,-64.5,0.0,1
0004,1556806262372605,5.543689221814892,-65.5,0.0,1
0007,1556806262384749,1.806912022525471,-60.0,0.0,1
0003,1556806262389226,0.7208536247024364,-66.5,0.0,1
0004,1556806262393887,5.53755329866335,-67.5,0.0,1
0005,1556806262397997,4.040388049686964,-63.0,0.0,1
0009,1556806262402288,3.8992618172014852,-67.5,0.0,1
0001,1556806262407894,3.2611258094410585,-67.5,0.0,1
0010,1556806262412998,5.813669840482765,-63.5,0.0,1
0008,1556806262417688,2.886834497196962,-64.5,0.0,1
0006,1556806262427371,2.432776183982812,-66.0,0.0,1
0005,1556806262471054,4.163106512717816,-64.0,0.0,1
0009,1556806262475229,3.690640430049038,-68.0,0.0,1
0006,1556806262479925,2.5432228007105784,-66.0,0.0,1
0003,1556806262484214,1.4448925565844597,-64.5,0.0,1
0004,1556806262488760,5.8627572256951055,-68.0,0.0,1
0008,1556806262496858,2.6107179553775466,-64.0,0.0,1
0007,1556806262501261,1.892814946647066,-59.5,0.0,1
0001,1556806262506438,4.083339511747762,-66.5,0.0,1
0010,1556806262511918,5.51300960605718,-63.5,0.0,1
0005,1556806262524567,4.396271592476433,-64.0,0.0,1
0007,1556806262530007,1.8621353308893536,-59.0,0.0,1
0008,1556806262534308,2.6229898016806317,-64.0,0.0,1
0003,1556806262541428,1.702601328949247,-66.5,0.0,1
0004,1556806262546172,0.4201933902768511,-67.0,0.0,1
0010,1556806262550491,5.292116372601647,-63.0,0.0,1
0006,1556806262554855,2.5739024164682913,-65.5,0.0,1
0001,1556806262559684,4.359456053567177,-66.0,0.0,1
0009,1556806262564344,3.690640430049038,-66.0,0.0,1
0008,1556806262613739,2.205747027375737,-65.0,0.0,1
0005,1556806262618301,4.531261901810369,-64.5,0.0,1
0001,1556806262622699,4.592621133325795,-66.0,0.0,1
0004,1556806262627912,0.46928077548919145,-68.0,0.0,1
0006,1556806262633663,2.727300495256855,-67.0,0.0,1
0009,1556806262638427,3.494290889199676,-67.5,0.0,1
0003,1556806262644349,2.0953004106479716,-66.0,0.0,1
0007,1556806262662181,1.954174178162492,-60.0,0.0,1
0010,1556806262666344,4.930096906660636,-63.0,0.0,1
0004,1556806262674301,0.7944847025209478,-68.0,0.0,1
0007,1556806262679824,2.0093974865263755,-59.5,0.0,1
0006,1556806262684095,2.7518441878630258,-67.0,0.0,1
0002,1556806262688558,1.7639605604646729,-69.5,0.0,1
0001,1556806262693267,5.040543523388402,-65.5,0.0,1
0010,1556806262697664,4.7276114426597315,-63.0,0.0,1
0005,1556806262702369,4.905553214054466,-64.5,0.0,1
0008,1556806262706673,2.040077102284088,-64.5,0.0,1
0003,1556806262710955,2.365281029315844,-65.5,0.0,1
0009,1556806262715960,3.2856695020472286,-66.0,0.0,1
0006,1556806262760607,2.8254752656815363,-66.0,0.0,1
0009,1556806262765782,3.101591807500952,-66.0,0.0,1
0003,1556806262771161,2.6291257248321744,-65.5,0.0,1
0008,1556806262775723,1.9173586392532371,-64.5,0.0,1
0001,1556806262780737,5.721630993209627,-65.0,0.0,1
0005,1556806262785510,5.046679446539945,-63.5,0.0,1
0007,1556806262790040,2.0768926411933437,-60.0,0.0,1
0002,1556806262794256,2.3039217978004185,-68.5,0.0,1
0010,1556806262798877,4.451494900840316,-63.0,0.0,1
0004,1556806262803340,1.4571644028875443,-67.5,0.0,1
0008,1556806262818887,1.7639605604646729,-65.0,0.0,1
0007,1556806262823589,2.0953004106479716,-58.5,0.0,1
0003,1556806262832659,2.8622908045907915,-66.5,0.0,1
0004,1556806262838204,1.641242097433821,-67.5,0.0,1
0002,1556806262842545,2.5248150312559505,-68.0,0.0,1
0010,1556806262847049,4.377863823021805,-63.0,0.0,1
0009,1556806262851992,3.1199995769555793,-65.5,0.0,1
0005,1556806262857047,5.402562989329414,-64.5,0.0,1
0006,1556806262861207,2.942057805560845,-66.0,0.0,1
0004,1556806262903973,1.8253197919800979,-68.0,0.0,1
0002,1556806262908233,2.9113781898031323,-69.0,0.0,1
0009,1556806262912803,3.0770481148947817,-65.0,0.0,1
0003,1556806262917914,3.3286209641080267,-66.0,0.0,1
0001,1556806262922284,0.1931642336697763,-64.0,0.0,1
0007,1556806262928308,2.1321159495572264,-59.0,0.0,1
0008,1556806262933301,1.4264847871298318,-65.0,0.0,1
0010,1556806262939431,4.212193897930156,-63.0,0.0,1
0005,1556806262943997,5.819805763634308,-64.5,0.0,1
0006,1556806262948512,3.1752228853194624,-67.0,0.0,1
0001,1556806262963074,0.40792154397376557,-65.0,0.0,1
0007,1556806262967460,2.2180188736788224,-59.5,0.0,1
0004,1556806262971934,2.248698489436535,-68.0,0.0,1
0009,1556806262976205,3.1322714232586644,-64.5,0.0,1
0008,1556806262980403,1.346717786159778,-64.0,0.0,1
0010,1556806262985070,4.003572510777708,-63.5,0.0,1
0003,1556806262991627,3.727455968958293,-67.5,0.0,1
0002,1556806262996756,3.113863653804037,-68.5,0.0,1
0005,1556806263001270,5.930252380362074,-65.0,0.0,1
0006,1556806263006610,3.3040772715018565,-67.5,0.0,1
0007,1556806263053134,2.205747027375737,-59.0,0.0,1
0002,1556806263058989,3.3347568872595694,-69.5,0.0,1
0001,1556806263063470,0.880387626642543,-64.0,0.0,1
0003,1556806263067757,4.291960898900209,-68.0,0.0,1
0010,1556806263072880,3.856310355140687,-64.5,0.0,1
0006,1556806263078964,3.2979413483503137,-67.0,0.0,1
0004,1556806263083939,3.0034170370762707,-67.0,0.0,1
0005,1556806263088336,6.1388737675145215,-65.5,0.0,1
0009,1556806263092453,2.8929704203485045,-64.0,0.0,1
0008,1556806263097029,1.1503682453104158,-64.5,0.0,1
0002,1556806263114662,3.8379025856860594,-69.0,0.0,1
0010,1556806263120097,3.6783685837459528,-64.5,0.0,1
0004,1556806263124259,2.8684267277423343,-68.5,0.0,1
0005,1556806263128734,6.273864076848458,-65.5,0.0,1
0006,1556806263134444,3.5863297364728144,-68.5,0.0,1
0009,1556806263138671,2.9175141129546747,-63.5,0.0,1
0007,1556806263143349,2.2793781051942483,-59.0,0.0,1
0001,1556806263148037,1.3160381704020656,-63.5,0.0,1
0008,1556806263153382,1.2055915536742994,-64.0,0.0,1
0007,1556806263199763,2.310057720951961,-59.0,0.0,1
0002,1556806263204743,4.089475434899304,-70.0,0.0,1
0009,1556806263209559,2.727300495256855,-63.0,0.0,1
0004,1556806263214960,3.6722326605944104,-68.0,0.0,1
0008,1556806263219238,0.9908342433703092,-63.5,0.0,1
0010,1556806263223849,3.322485040956484,-65.0,0.0,1
0005,1556806263228395,0.16248461791206292,-66.0,0.0,1
0006,1556806263232628,3.7397278152613787,-68.5,0.0,1
0001,1556806263237035,1.6473780205853643,-64.5,0.0,1
0008,1556806263249764,1.0828730906434476,-64.0,0.0,1
0004,1556806263254650,3.5249705049573885,-67.0,0.0,1
0005,1556806263259540,0.3281545430037127,-66.0,0.0,1
0007,1556806263263951,2.2977858746488757,-59.5,0.0,1
0001,1556806263268161,1.6964654057977047,-64.5,0.0,1
0010,1556806263272897,3.2672617325926008,-64.5,0.0,1
0006,1556806263277436,3.702912276352123,-68.5,0.0,1
0009,1556806263287162,2.764116034166111,-63.0,0.0,1
0005,1556806263340120,0.5674555459138722,-66.0,0.0,1
0010,1556806263344798,2.997281113924728,-65.0,0.0,1
0007,1556806263349017,2.395960645073557,-59.5,0.0,1
0004,1556806263355139,4.0097084339292515,-67.5,0.0,1
0009,1556806263360973,2.5370868775590356,-62.5,0.0,1
0006,1556806263365637,4.383999746173348,-69.0,0.0,1
0008,1556806263370401,1.0215138591280226,-64.0,0.0,1
0001,1556806263380435,2.365281029315844,-66.5,0.0,1
0001,1556806263393247,2.310057720951961,-66.5,0.0,1
0004,1556806263399341,4.144698743263188,-67.0,0.0,1
0008,1556806263407069,1.0644653211888206,-64.0,0.0,1
0007,1556806263418863,2.4695917228920674,-59.0,0.0,1
0003,1556806263423835,1.217863399977384,-65.5,0.0,1
0009,1556806263428609,2.5984461090744615,-62.5,0.0,1
0005,1556806263432850,0.7392613941570643,-67.0,0.0,1
0010,1556806263437899,2.9175141129546747,-64.5,0.0,1
0006,1556806263442378,4.549669671264997,-68.5,0.0,1
0001,1556806263487170,3.052504422288611,-68.0,0.0,1
0006,1556806263491395,4.592621133325795,-69.5,0.0,1
0005,1556806263495645,0.9540187044610544,-67.5,0.0,1
0008,1556806263500674,1.0337857054311073,-64.0,0.0,1
0004,1556806263505858,4.506718209204199,-65.5,0.0,1
0009,1556806263510312,2.494135415498238,-63.0,0.0,1
0003,1556806263516319,1.6780576363430768,-64.0,0.0,1
0010,1556806263520658,2.678213110044515,-64.5,0.0,1
0007,1556806263526168,2.494135415498238,-60.0,0.0,1
0003,1556806263542934,1.8007760993739277,-64.5,0.0,1
0008,1556806263547821,1.2669507851897253,-64.0,0.0,1
0005,1556806263554608,1.1810478610681292,-65.0,0.0,1
0006,1556806263559639,5.00986390763069,-68.5,0.0,1
0004,1556806263563788,4.549669671264997,-66.5,0.0,1
0007,1556806263569167,2.5248150312559505,-59.5,0.0,1
0009,1556806263574294,2.3039217978004185,-64.0,0.0,1
0010,1556806263578505,2.6536694174383446,-63.5,0.0,1
0002,1556806263585241,1.1626400916135013,-71.0,0.0,1
0001,1556806263589468,4.040388049686964,-69.0,0.0,1
0010,1556806263631912,2.7088927258022277,-63.5,0.0,1
0003,1556806263637475,2.2364266431334503,-63.0,0.0,1
0007,1556806263643739,2.672077186892972,-60.5,0.0,1
0006,1556806263648536,5.506873682905637,-70.0,0.0,1
0004,1556806263652983,5.0221357539337745,-67.0,0.0,1
0008,1556806263658494,1.4755721723421722,-64.0,0.0,1
0002,1556806263662803,1.579882865918396,-69.5,0.0,1
0009,1556806263667062,2.248698489436535,-65.0,0.0,1
0003,1556806263689371,2.432776183982812,-63.0,0.0,1
0009,1556806263693904,2.2241547968303648,-64.0,0.0,1
0007,1556806263698316,2.702756802650685,-60.5,0.0,1
0008,1556806263702675,1.5185236344029702,-65.0,0.0,1
0010,1556806263707225,2.5739024164682913,-63.0,0.0,1
0004,1556806263712149,4.997592061327604,-67.0,0.0,1
0002,1556806263717035,2.0891644874964284,-67.5,0.0,1
0006,1556806263722459,5.7584465321188825,-68.5,0.0,1
0008,1556806263766630,1.579882865918396,-65.0,0.0,1
0007,1556806263770951,2.757980111014568,-61.0,0.0,1
0004,1556806263780746,5.347339680965531,-68.0,0.0,1
0010,1556806263785556,2.2916499514973334,-63.5,0.0,1
0009,1556806263790859,2.2364266431334503,-64.0,0.0,1
0006,1556806263796774,5.985475688725957,-69.0,0.0,1
0003,1556806263800917,2.997281113924728,-63.0,0.0,1
0002,1556806263808366,2.7395723415599402,-67.5,0.0,1
0002,1556806263823835,2.819339342529994,-67.5,0.0,1
0006,1556806263828142,6.083650459150638,-68.5,0.0,1
0004,1556806263832264,5.53755329866335,-68.5,0.0,1
0008,1556806263836703,1.8989508697986093,-63.5,0.0,1
0003,1556806263842275,3.1874947316225475,-63.5,0.0,1
0009,1556806263846567,2.125980026405684,-64.5,0.0,1
0007,1556806263851445,3.113863653804037,-62.5,0.0,1
0010,1556806263857073,2.1812033347695667,-62.0,0.0,1
0009,1556806263900830,1.9480382550109496,-65.0,0.0,1
0010,1556806263905020,2.1198441032541417,-62.0,0.0,1
0007,1556806263909766,3.156815115864835,-62.5,0.0,1
0006,1556806263914096,0.1870283105182331,-68.5,0.0,1
0004,1556806263919275,6.23091261478766,-70.5,0.0,1
0008,1556806263928228,2.3039217978004185,-64.0,0.0,1
0002,1556806263933232,3.439067580835793,-67.5,0.0,1
0003,1556806263943030,3.844038508837602,-63.0,0.0,1
0010,1556806263956000,2.0462130254356303,-62.0,0.0,1
0006,1556806263960466,0.30361085039754254,-69.0,0.0,1
0007,1556806263965032,3.2488539631379734,-63.5,0.0,1
0009,1556806263974744,1.8989508697986093,-65.0,0.0,1
0002,1556806263979236,3.5679219670181865,-66.5,0.0,1
0008,1556806263983766,2.310057720951961,-62.5,0.0,1
0004,1556806263988381,0.7024458552478086,-69.5,0.0,1
0010,1556806264032693,1.874407177192439,-61.5,0.0,1
0009,1556806264037528,2.058484871738716,-64.0,0.0,1
0001,1556806264041723,2.383688798770472,-69.0,0.0,1
0008,1556806264046525,2.5370868775590356,-63.5,0.0,1
0003,1556806264051017,4.291960898900209,-63.0,0.0,1
0007,1556806264056344,3.6783685837459528,-63.5,0.0,1
0002,1556806264066105,4.15083466641473,-66.5,0.0,1
0006,1556806264070166,0.6533584700354682,-68.0,0.0,1
0010,1556806264082408,1.8805431003439814,-61.5,0.0,1
0009,1556806264087924,2.0093974865263755,-65.5,0.0,1
0001,1556806264095764,2.8684267277423343,-69.5,0.0,1
0003,1556806264099887,4.561941517568082,-63.0,0.0,1
0007,1556806264106075,3.5126986586543034,-63.5,0.0,1
0008,1556806264110218,2.8070674962269084,-62.5,0.0,1
0006,1556806264116084,0.6963099320962662,-68.5,0.0,1
0002,1556806264130637,4.463766747143401,-68.5,0.0,1
0010,1556806264172169,1.6903294826461615,-62.0,0.0,1
0007,1556806264176360,4.028116203383879,-64.0,0.0,1
0002,1556806264180558,4.899417290902923,-68.0,0.0,1
0001,1556806264184983,3.518834581805846,-68.0,0.0,1
0009,1556806264190112,2.0707567180418005,-63.5,0.0,1
0003,1556806264194469,5.169397909570796,-63.0,0.0,1
0008,1556806264204351,2.9911451907731856,-62.0,0.0,1
0006,1556806264221934,1.1687760147650437,-68.5,0.0,1
0010,1556806264234460,1.659649866888449,-62.0,0.0,1
0008,1556806264239267,3.070912191743239,-62.5,0.0,1
0003,1556806264245800,5.433242605087126,-63.5,0.0,1
0002,1556806264254691,5.439378528238668,-68.0,0.0,1
0007,1556806264258849,4.298096822051752,-63.5,0.0,1
0009,1556806264268406,2.0339411791325457,-64.5,0.0,1
0001,1556806264272646,3.9790288181715385,-67.0,0.0,1
0006,1556806264277894,1.7700964836162152,-68.0,0.0,1
0010,1556806264320023,1.5307954807060549,-62.0,0.0,1
0001,1556806264327184,4.500582286052657,-66.5,0.0,1
0008,1556806264331776,3.43293165768425,-61.5,0.0,1
0002,1556806264335968,5.917980534058989,-67.0,0.0,1
0003,1556806264340191,6.003883458180585,-64.0,0.0,1
0007,1556806264346195,4.555805594416539,-65.0,0.0,1
0009,1556806264353186,2.168931488466482,-65.0,0.0,1
0001,1556806264369483,4.84419398253904,-66.5,0.0,1
0010,1556806264373936,1.3958051713721185,-61.5,0.0,1
0003,1556806264379398,6.28,-65.0,0.0,1
0007,1556806264384215,4.703067750053561,-65.0,0.0,1
0008,1556806264388502,3.6845045068974955,-61.5,0.0,1
0009,1556806264399086,2.432776183982812,-64.0,0.0,1
0002,1556806264404792,6.187961152726862,-69.5,0.0,1
0009,1556806264453198,2.353009183012759,-64.0,0.0,1
0003,1556806264461632,0.7208536247024364,-66.0,0.0,1
0008,1556806264465939,3.64768896798824,-62.5,0.0,1
0002,1556806264470389,0.7147177015508941,-69.5,0.0,1
0001,1556806264474916,5.3166600652078175,-67.5,0.0,1
0006,1556806264479406,2.322329567255046,-70.0,0.0,1
0007,1556806264483988,4.788970674175157,-65.5,0.0,1
0010,1556806264488378,1.322174093553608,-61.0,0.0,1
0006,1556806264501719,2.721164572105313,-69.0,0.0,1
0001,1556806264506091,5.727766916361169,-67.0,0.0,1
0002,1556806264512744,1.1626400916135013,-69.5,0.0,1
0007,1556806264516888,5.05895129284303,-64.5,0.0,1
0009,1556806264526374,2.395960645073557,-64.5,0.0,1
0003,1556806264530746,0.8006206256724901,-67.5,0.0,1
0008,1556806264537510,3.8256307393829743,-62.5,0.0,1
0010,1556806264543819,1.3773974019174915,-61.0,0.0,1
0006,1556806264589226,3.1997665779256326,-68.5,0.0,1
0007,1556806264598959,5.206213448480051,-64.5,0.0,1
0008,1556806264603485,4.058795819141592,-63.0,0.0,1
0010,1556806264608634,1.27922263149281,-61.0,0.0,1
0009,1556806264613781,2.5923101859229187,-64.0,0.0,1
0001,1556806264619946,0.13794092530589275,-68.0,0.0,1
0010,1556806264636464,1.1933197073712138,-61.5,0.0,1
0007,1556806264640969,5.445514451390212,-65.0,0.0,1
0008,1556806264648923,4.341048284112549,-63.0,0.0,1
0009,1556806264653261,2.678213110044515,-63.5,0.0,1
0001,1556806264658298,0.3833778513675954,-68.0,0.0,1
0006,1556806264662648,3.4145238882296227,-68.5,0.0,1
0008,1556806264705728,4.439223054537231,-62.0,0.0,1
0009,1556806264710019,2.721164572105313,-63.5,0.0,1
0006,1556806264714276,3.727455968958293,-68.5,0.0,1
0007,1556806264718813,5.672543607997286,-65.5,0.0,1
0010,1556806264725389,1.3099022472505233,-61.0,0.0,1
0001,1556806264739301,0.9846983202187669,-69.0,0.0,1
0008,1556806264754072,4.4944463629011135,-62.5,0.0,1
0007,1556806264764430,5.8013979941796805,-65.0,0.0,1
0010,1556806264768871,1.3099022472505233,-61.0,0.0,1
0009,1556806264773141,2.8806985740454194,-64.0,0.0,1
0001,1556806264777774,1.1810478610681292,-69.0,0.0,1
0006,1556806264783609,4.034252126535422,-67.5,0.0,1
0009,1556806264825386,2.9175141129546747,-64.0,0.0,1
0010,1556806264830567,1.2730867083412676,-61.0,0.0,1
0001,1556806264837457,1.7700964836162152,-69.5,0.0,1
0008,1556806264854350,4.862601751993668,-63.0,0.0,1
0006,1556806264858855,4.402407515627975,-68.5,0.0,1
0007,1556806264863861,6.218640768484574,-66.5,0.0,1
0007,1556806264879288,0.021358385426584192,-66.0,0.0,1
0010,1556806264883765,1.4448925565844597,-60.5,0.0,1
0008,1556806264888113,4.960776522418349,-63.0,0.0,1
0009,1556806264893582,3.101591807500952,-65.0,0.0,1
0006,1556806264899959,4.690795903750476,-67.5,0.0,1
0001,1556806264908856,2.267106258891163,-69.0,0.0,1
0008,1556806264956572,5.267572679995477,-63.5,0.0,1
0001,1556806264966520,2.420504337679727,-69.5,0.0,1
0006,1556806264970868,4.9791842918729765,-70.0,0.0,1
0009,1556806264975067,3.2979413483503137,-64.5,0.0,1
0010,1556806264979809,1.5307954807060549,-60.5,0.0,1
0007,1556806264984954,0.7269895478539796,-67.5,0.0,1
0004,1556806264998319,2.1812033347695667,-70.5,0.0,1
0001,1556806265003604,2.886834497196962,-68.5,0.0,1
0010,1556806265007859,1.5921547122214808,-60.5,0.0,1
0008,1556806265012466,5.359611527268616,-64.0,0.0,1
0009,1556806265018867,3.537242351260474,-64.0,0.0,1
0006,1556806265023566,5.065087215994573,-69.0,0.0,1
0007,1556806265028851,0.9110672424002564,-67.0,0.0,1
0001,1556806265079892,3.5433782744120164,-70.5,0.0,1
0007,1556806265085902,1.1442323221588735,-66.5,0.0,1
0005,1556806265090248,4.230601667384784,-68.0,0.0,1
0010,1556806265094473,1.702601328949247,-60.5,0.0,1
0008,1556806265099160,5.813669840482765,-63.5,0.0,1
0009,1556806265103708,3.776543354170634,-64.5,0.0,1
0004,1556806265108380,2.9175141129546747,-68.5,0.0,1
0006,1556806265112640,5.832077609937393,-69.5,0.0,1
0001,1556806265126873,3.831766662534517,-69.5,0.0,1
0005,1556806265132803,4.617164825931965,-67.0,0.0,1
0010,1556806265139509,1.7210090984038748,-60.5,0.0,1
0008,1556806265144199,6.01615530448367,-63.5,0.0,1
0009,1556806265148611,3.9115336635045703,-64.5,0.0,1
0007,1556806265152896,1.4939799417968,-67.0,0.0,1
0006,1556806265157495,6.132737844362978,-69.0,0.0,1
0004,1556806265162046,3.2672617325926008,-69.5,0.0,1
0009,1556806265205086,3.8992618172014852,-66.0,0.0,1
0005,1556806265210226,5.101902754903827,-66.0,0.0,1
0003,1556806265214680,1.5430673270091404,-69.0,0.0,1
0004,1556806265221181,3.788815200473719,-70.0,0.0,1
0010,1556806265225886,1.9234945624047795,-60.0,0.0,1
0006,1556806265230349,0.27293123463982916,-70.5,0.0,1
0007,1556806265234719,1.9603101013140352,-66.5,0.0,1
0008,1556806265238963,0.033630231729669724,-63.5,0.0,1
0007,1556806265256117,2.015533409677918,-66.5,0.0,1
0009,1556806265261184,4.107883204353932,-64.0,0.0,1
0010,1556806265266775,1.9234945624047795,-59.5,0.0,1
0008,1556806265271424,0.3526982356098829,-63.0,0.0,1
0005,1556806265278812,5.310524142056275,-67.0,0.0,1
0003,1556806265286111,2.2977858746488757,-68.5,0.0,1
0004,1556806265297882,4.26741720629404,-69.0,0.0,1
0007,1556806265340808,2.45118395343744,-67.0,0.0,1
0009,1556806265345535,4.586485210174253,-65.5,0.0,1
0010,1556806265350073,2.0768926411933437,-60.0,0.0,1
0006,1556806265355118,1.0153779359764794,-69.0,0.0,1
0008,1556806265359869,0.49996039124690395,-62.5,0.0,1
0004,1556806265365064,4.561941517568082,-68.0,0.0,1
0003,1556806265371820,3.4022520419265376,-68.5,0.0,1
0005,1556806265376622,5.825941686785851,-67.5,0.0,1
0010,1556806265389144,2.101436333799514,-60.0,0.0,1
0008,1556806265393877,0.5613196227623298,-63.0,0.0,1
0009,1556806265403698,4.666252211144306,-65.5,0.0,1
0003,1556806265408124,3.5801938133212716,-67.0,0.0,1
0004,1556806265413000,5.089630908600743,-69.0,0.0,1
0006,1556806265417083,1.2914944777958954,-68.5,0.0,1
0007,1556806265421237,2.9911451907731856,-67.5,0.0,1
0010,1556806265463594,2.310057720951961,-60.0,0.0,1
0004,1556806265468959,5.347339680965531,-68.0,0.0,1
0006,1556806265473227,1.745552791010045,-69.0,0.0,1
0005,1556806265478929,0.19930015682131863,-68.5,0.0,1
0009,1556806265483180,4.905553214054466,-65.5,0.0,1
0008,1556806265487502,0.9969701665218524,-63.5,0.0,1
0003,1556806265491632,4.26741720629404,-65.0,0.0,1
0007,1556806265496324,3.5433782744120164,-67.5,0.0,1
0010,1556806265508542,2.4450480302858972,-60.5,0.0,1
0006,1556806265515003,2.040077102284088,-69.5,0.0,1
0005,1556806265520214,0.27293123463982916,-68.5,0.0,1
0008,1556806265524492,1.0337857054311073,-63.0,0.0,1
0004,1556806265528938,5.868893148846649,-68.5,0.0,1
0007,1556806265534283,3.6967763532005806,-68.0,0.0,1
0009,1556806265538553,5.071223139146115,-66.0,0.0,1
0003,1556806265542759,4.451494900840316,-65.5,0.0,1
0008,1556806265585016,1.156504168461959,-64.0,0.0,1
0007,1556806265590615,3.9913006644746236,-66.5,0.0,1
0010,1556806265600182,2.6352616479837168,-61.0,0.0,1
0003,1556806265615167,5.046679446539945,-64.0,0.0,1
0009,1556806265633236,5.378019296723243,-66.0,0.0,1
0003,1556806265644986,5.101902754903827,-63.5,0.0,1
0007,1556806265650214,4.476038593446486,-66.5,0.0,1
0010,1556806265654520,2.702756802650685,-60.5,0.0,1
0008,1556806265660445,1.5062517880998847,-64.0,0.0,1
0009,1556806265665365,5.378019296723243,-67.5,0.0,1
0003,1556806265711259,5.4639222208448395,-63.0,0.0,1
0008,1556806265717497,1.702601328949247,-63.0,0.0,1
0010,1556806265721705,2.9052422666515896,-61.0,0.0,1
0004,1556806265728621,0.5613196227623298,-68.5,0.0,1
0009,1556806265733034,5.9486601498167015,-67.0,0.0,1
0007,1556806265737706,5.052815369691487,-65.5,0.0,1
0006,1556806265747945,3.475883119745048,-70.5,0.0,1
0008,1556806265758935,1.7516887141615873,-65.0,0.0,1
0006,1556806265764726,3.8256307393829743,-70.5,0.0,1
0010,1556806265768988,3.0218248065308986,-61.5,0.0,1
0003,1556806265773332,5.746174685815797,-63.5,0.0,1
0004,1556806265778568,0.837436164581745,-68.0,0.0,1
0007,1556806265782907,5.200077525328509,-66.0,0.0,1
0009,1556806265788519,0.009086539123499549,-67.5,0.0,1
0007,1556806265829785,5.5498251449664355,-66.0,0.0,1
0002,1556806265835006,0.4570089291861068,-71.5,0.0,1
0010,1556806265839212,3.2733976557441435,-61.0,0.0,1
0003,1556806265843422,6.132737844362978,-64.0,0.0,1
0009,1556806265847982,0.26679531148828683,-67.5,0.0,1
0008,1556806265852440,2.1750674116180244,-65.5,0.0,1
0004,1556806265857071,1.2730867083412676,-69.0,0.0,1
0006,1556806265867584,4.26741720629404,-70.0,0.0,1
0004,1556806265880658,1.3896692482205761,-68.5,0.0,1
0003,1556806265890475,0.20543607997286095,-64.0,0.0,1
0009,1556806265895167,0.4508730060345636,-67.5,0.0,1
0010,1556806265901162,3.40838796507808,-61.5,0.0,1
0007,1556806265905683,6.034563073938298,-66.0,0.0,1
0008,1556806265910394,2.408232491376642,-66.0,0.0,1
0002,1556806265915928,1.0644653211888206,-70.0,0.0,1
0006,1556806265922727,4.856465828842126,-69.0,0.0,1
0004,1556806265967231,2.0953004106479716,-69.5,0.0,1
0010,1556806265972118,3.5556501207151014,-61.0,0.0,1
0008,1556806265976908,2.678213110044515,-66.5,0.0,1
0007,1556806265981638,6.1818252295753195,-66.0,0.0,1
0003,1556806265986426,0.7883487793694046,-65.0,0.0,1
0009,1556806265991047,1.0460575517341928,-67.0,0.0,1
0006,1556806265995288,5.101902754903827,-68.5,0.0,1
0009,1556806266017946,1.1933197073712138,-66.0,0.0,1
0006,1556806266022487,5.003727984479147,-69.5,0.0,1
0003,1556806266029815,1.0644653211888206,-64.5,0.0,1
0010,1556806266037717,3.7397278152613787,-61.0,0.0,1
0007,1556806266051978,0.2238438494274888,-67.0,0.0,1
0007,1556806266095593,0.3895137745191386,-66.5,0.0,1
0006,1556806266100180,5.580504760724148,-68.5,0.0,1
0009,1556806266109730,1.4755721723421722,-66.0,0.0,1
0003,1556806266114981,1.6964654057977047,-65.0,0.0,1
0010,1556806266119873,4.0710676654446765,-61.0,0.0,1
0008,1556806266124722,3.7826792773221762,-68.0,0.0,1
0007,1556806266138046,0.5306400070046173,-66.0,0.0,1
0009,1556806266142744,1.5676110196153106,-66.0,0.0,1
0003,1556806266147950,2.1382518727087687,-65.0,0.0,1
0004,1556806266154424,3.7519996615644637,-68.5,0.0,1
0010,1556806266169915,4.242873513687869,-59.5,0.0,1
0003,1556806266214941,2.4879994923466953,-65.0,0.0,1
0004,1556806266227052,4.224465744233241,-67.5,0.0,1
0008,1556806266232202,4.703067750053561,-68.5,0.0,1
0009,1556806266241449,1.9050867929501516,-65.5,0.0,1
0007,1556806266251502,1.1258245527042456,-66.5,0.0,1
0010,1556806266261182,4.396271592476433,-61.0,0.0,1
0010,1556806266287084,4.568077440719625,-61.5,0.0,1
0009,1556806266291915,2.101436333799514,-66.0,0.0,1
0007,1556806266297970,1.4326207102813742,-67.0,0.0,1
0004,1556806266311841,4.592621133325795,-68.5,0.0,1
0003,1556806266316427,3.126135500107122,-64.5,0.0,1
0008,1556806266330480,5.6541358385426586,-67.0,0.0,1
0010,1556806266384203,4.973048368721434,-62.5,0.0,1
0007,1556806266395063,1.9787178707686621,-67.0,0.0,1
0003,1556806266401187,3.702912276352123,-63.5,0.0,1
0002,1556806266405672,5.420970758784041,-68.0,0.0,1
0001,1556806266410300,5.893436841452819,-69.0,0.0,1
0008,1556806266415504,5.942524226665159,-67.0,0.0,1
0004,1556806266419967,5.48846591345101,-69.0,0.0,1
0010,1556806266438768,5.2307571410862215,-62.5,0.0,1
0009,1556806266443207,2.9113781898031323,-66.0,0.0,1
0001,1556806266451976,6.01615530448367,-67.5,0.0,1
0004,1556806266456544,5.390291143026328,-67.5,0.0,1
0003,1556806266461274,3.9667569718684534,-63.0,0.0,1
0008,1556806266486532,0.13180500215435043,-67.0,0.0,1
0007,1556806266491810,2.770251957317653,-68.0,0.0,1
0007,1556806266553554,3.040232575985526,-68.5,0.0,1
0003,1556806266567257,4.525125978658827,-64.0,0.0,1
0002,1556806266571556,0.07658169379046775,-68.5,0.0,1
0001,1556806266576741,0.4508730060345636,-66.5,0.0,1
0010,1556806266581519,5.973203842422872,-62.5,0.0,1
0009,1556806266586897,3.844038508837602,-67.0,0.0,1
0008,1556806266591581,0.733125471005522,-67.0,0.0,1
0009,1556806266604877,3.7519996615644637,-68.0,0.0,1
0003,1556806266608926,4.666252211144306,-65.0,0.0,1
0010,1556806266613332,6.028427150786755,-62.5,0.0,1
0002,1556806266617809,0.49996039124690395,-68.5,0.0,1
0008,1556806266622662,0.8435720877332882,-66.5,0.0,1
0007,1556806266626992,3.5986015827758995,-67.0,0.0,1
0001,1556806266635991,0.4447370828830213,-67.0,0.0,1
0009,1556806266686449,4.561941517568082,-68.0,0.0,1
0008,1556806266691593,1.30376632409898,-68.0,0.0,1
0010,1556806266710822,0.43860115973147895,-62.5,0.0,1
0003,1556806266715406,5.304388218904732,-66.0,0.0,1
0002,1556806266720263,1.2362711694320119,-67.0,0.0,1
0001,1556806266734984,1.0215138591280226,-67.0,0.0,1
0007,1556806266739162,4.107883204353932,-69.0,0.0,1
0003,1556806266751238,5.592776607027233,-68.0,0.0,1
0001,1556806266756143,1.242407092583555,-67.0,0.0,1
0010,1556806266761433,0.5981351616715855,-64.0,0.0,1
0008,1556806266765951,1.6780576363430768,-66.5,0.0,1
0002,1556806266770202,1.4755721723421722,-68.0,0.0,1
0007,1556806266780235,4.469902670294943,-69.0,0.0,1
0009,1556806266784496,4.923960983509094,-67.5,0.0,1
0010,1556806266837635,0.8435720877332882,-63.5,0.0,1
0008,1556806266848794,2.2855140283457906,-66.0,0.0,1
0002,1556806266866913,2.144387795860312,-70.0,0.0,1
0009,1556806266871399,5.482329990299467,-67.5,0.0,1
0002,1556806266885402,2.365281029315844,-69.0,0.0,1
0010,1556806266899631,1.1442323221588735,-62.5,0.0,1
0008,1556806266909757,2.757980111014568,-67.0,0.0,1
0009,1556806266914035,5.795262071028137,-67.5,0.0,1
0010,1556806266966226,1.4203488639782886,-64.0,0.0,1
0009,1556806266971598,6.06524268969601,-67.5,0.0,1
0008,1556806266976011,3.2304461936833455,-67.0,0.0,1
0002,1556806266981080,3.469747196593506,-70.0,0.0,1
0001,1556806266985246,2.8622908045907915,-70.0,0.0,1
0008,1556806267001874,3.365436503017282,-67.5,0.0,1
0009,1556806267013409,0.05203800118429669,-66.0,0.0,1
0010,1556806267019799,1.7210090984038748,-63.5,0.0,1
0002,1556806267034238,3.7826792773221762,-70.0,0.0,1
0009,1556806267076675,0.4263293134283934,-66.0,0.0,1
0002,1556806267081143,3.929941432959198,-70.0,0.0,1
0010,1556806267092726,2.0523489485871735,-63.5,0.0,1
0008,1556806267112172,3.8256307393829743,-66.0,0.0,1
0009,1556806267127632,0.30974677354908486,-66.5,0.0,1
0008,1556806267138678,4.224465744233241,-66.0,0.0,1
0010,1556806267143045,2.4143684145281843,-64.5,0.0,1
0002,1556806267147236,4.568077440719625,-70.0,0.0,1
0010,1556806267203504,2.6536694174383446,-65.0,0.0,1
0008,1556806267208052,4.353320130415635,-66.0,0.0,1
0009,1556806267214659,0.8435720877332882,-67.0,0.0,1
0002,1556806267225018,5.046679446539945,-70.0,0.0,1
0010,1556806267238297,2.843883035136164,-66.0,0.0,1
0002,1556806267242887,5.236893064237764,-70.0,0.0,1
0008,1556806267262584,4.733747365811274,-67.0,0.0,1
0009,1556806267266753,1.4387566334329165,-67.0,0.0,1
0008,1556806267318742,5.052815369691487,-66.5,0.0,1
0010,1556806267323000,3.40838796507808,-65.0,0.0,1
0009,1556806267327663,1.4939799417968,-69.0,0.0,1
0010,1556806267352423,3.5863297364728144,-65.5,0.0,1
0008,1556806267377203,5.353475604117073,-67.0,0.0,1
0009,1556806267386466,1.6780576363430768,-68.0,0.0,1
0008,1556806267436015,5.629592145936488,-69.0,0.0,1
0010,1556806267440144,4.040388049686964,-64.5,0.0,1
0009,1556806267449041,2.4573198765889823,-68.0,0.0,1
0008,1556806267461977,6.083650459150638,-68.5,0.0,1
0010,1556806267466537,4.187650205323986,-65.0,0.0,1
0009,1556806267491146,2.831611188833079,-68.5,0.0,1
0009,1556806267534440,2.9359218824093025,-68.5,0.0,1
0008,1556806267542004,0.3588341587614252,-68.0,0.0,1
0010,1556806267547280,4.586485210174253,-64.5,0.0,1
0008,1556806267596457,1.156504168461959,-68.5,0.0,1
0009,1556806267600695,3.807222969928347,-69.0,0.0,1
0010,1556806267647198,5.506873682905637,-65.0,0.0,1
0008,1556806267668770,1.5676110196153106,-68.0,0.0,1
0009,1556806267673208,4.10174728120239,-67.0,0.0,1
0010,1556806267701138,5.764582455270425,-65.5,0.0,1
0008,1556806267706886,2.0339411791325457,-70.0,0.0,1
0009,1556806267712386,4.555805594416539,-68.5,0.0,1
0010,1556806267763011,5.911844610907447,-65.5,0.0,1
0008,1556806267779706,2.5432228007105784,-69.5,0.0,1
0009,1556806267789738,4.966912445569891,-68.5,0.0,1
0008,1556806267809958,2.6843490331960576,-70.0,0.0,1
0010,1556806267817466,6.261592230545372,-66.5,0.0,1
0009,1556806267837071,5.181669755873881,-68.5,0.0,1
0010,1556806267878736,6.249320384242288,-68.0,0.0,1
0009,1556806267899067,5.433242605087126,-68.5,0.0,1
0010,1556806267933960,0.524504083853075,-67.5,0.0,1
0009,1556806267943129,6.046834920241383,-70.5,0.0,1
0010,1556806267994797,0.5490477764592452,-67.5,0.0,1
0009,1556806267998904,5.721630993209627,-70.0,0.0,1
0007,1556806268019322,2.819339342529994,-69.0,0.0,1
0009,1556806268034447,6.028427150786755,-69.5,0.0,1
0007,1556806268045331,3.0095529602278135,-69.0,0.0,1
0010,1556806268054793,0.9724264739156814,-68.5,0.0,1
0010,1556806268121283,1.1196886295527033,-67.0,0.0,1
0007,1556806268128378,3.40838796507808,-66.0,0.0,1
0007,1556806268149036,3.9544851255653684,-68.0,0.0,1
0010,1556806268168877,1.4264847871298318,-67.5,0.0,1
0007,1556806268222278,4.261281283142496,-65.5,0.0,1
0004,1556806268240136,3.322485040956484,-69.0,0.0,1
0004,1556806268291496,3.6292811985336124,-69.0,0.0,1
0007,1556806268302