A996,0,0.662679700366597,-47.5
A996,0,0.6749515466696822,-47.5
A996,0,0.7485826244881929,-47.5
A996,0,0.7424467013366504,-48.0
A996,0,0.7424467013366504,-48.0
A996,0,0.760854470791278,-47.5
A996,0,0.7853981633974483,-48.0
A996,0,0.8222137023067037,-48.0
A996,1636103457371100,0.9387962421860124,-47.5
A996,1636103457381948,0.9572040116406401,-47.5
A996,1636103457390910,0.9572040116406401,-47.5
A996,1636103457397432,0.9572040116406401,-47.5
A996,1636103457410713,0.9817477042468103,-47.5
A996,1636103457415004,0.9387962421860124,-47.5
A996,1636103457424145,0.9510680884890975,-47.5
A996,1636103457436632,0.9510680884890975,-47.5
A996,1636103457443593,0.9878836273983529,-47.5
A996,1636103457450435,0.9510680884890975,-47.5
A996,1636103457462941,0.9694758579437253,-47.5
A996,1636103457471390,0.9694758579437253,-47.0
A996,1636103457480303,0.9633399347921826,-47.5
A996,1636103457489494,0.9756117810952678,-47.5
A996,1636103457499257,0.9633399347921826,-47.5
A996,1636103457508656,0.9817477042468103,-47.5
A996,1636103457516425,0.9756117810952678,-47.5
A996,1636103457522164,0.9510680884890975,-47.5
A996,1636103457532892,0.9756117810952678,-47.5
A996,1636103457540051,0.9817477042468103,-47.5
A996,1636103457550267,0.9878836273983529,-47.5
A996,1636103457559822,0.9817477042468103,-47.5
A996,1636103457570558,0.9756117810952678,-47.5
A996,1636103457577060,0.9694758579437253,-47.5
A996,1636103457589213,0.9572040116406401,-47.5
A996,1636103457598762,0.9694758579437253,-47.5
A996,1636103457606435,0.9510680884890975,-47.5
A996,1636103457614056,0.9326603190344698,-47.5
A996,1636103457624906,0.944932165337555,-47.5
A996,1636103457630330,0.9265243958829272,-47.5
A996,1636103457641049,0.9326603190344698,-47.5
A996,1636103457649975,0.9572040116406401,-47.5
A996,1636103457658412,0.944932165337555,-47.5
A996,1636103457668498,0.9694758579437253,-47.5
A996,1636103457677885,0.944932165337555,-47.5
A996,1636103457685699,0.9510680884890975,-47.5
A996,1636103457695425,0.9633399347921826,-47.5
A996,1636103457704612,0.9756117810952678,-47.5
A996,1636103457713766,0.9510680884890975,-47.5
A996,1636103457719195,0.9694758579437253,-47.5
A996,1636103457728629,0.9572040116406401,-47.5
A996,1636103457741327,0.9633399347921826,-47.5
A996,1636103457746202,0.9633399347921826,-47.5
A996,1636103457759187,0.9572040116406401,-47.5
A996,1636103457765565,0.9633399347921826,-47.5
A996,1636103457775172,0.9510680884890975,-47.5
A996,1636103457784632,0.9572040116406401,-47.5
A996,1636103457794678,0.9878836273983529,-47.5
A996,1636103457802006,0.9940195505498954,-47.5
A996,1636103457812633,1.000155473701438,-47.5
A996,1636103457819979,1.000155473701438,-47.5
A996,1636103457831454,1.0062913968529805,-47.0
A996,1636103457837142,0.9878836273983529,-47.5
A996,1636103457847784,1.0062913968529805,-47.5
A996,1636103457856907,0.9878836273983529,-47.5
A996,1636103457864010,1.0062913968529805,-47.5
A996,1636103457875125,0.9940195505498954,-47.5
A996,1636103457883705,0.9940195505498954,-47.5
A996,1636103457893203,0.9940195505498954,-47.5
A996,1636103457900908,0.9940195505498954,-47.5
A996,1636103457912237,0.9878836273983529,-47.5
A996,1636103457919504,0.9633399347921826,-47.5
A996,1636103457928221,0.9510680884890975,-47.5
A996,1636103457938531,0.9817477042468103,-47.5
A996,1636103457946969,0.9817477042468103,-47.5
A996,1636103457955023,0.9694758579437253,-47.5
A996,1636103457965941,0.9756117810952678,-47.5
A996,1636103457971376,0.9756117810952678,-47.5
A996,1636103457980955,0.9940195505498954,-47.5
A996,1636103457992422,0.9572040116406401,-47.5
A996,1636103458001073,0.9694758579437253,-47.5
A996,1636103458010845,0.9756117810952678,-47.5
A996,1636103458019137,0.9694758579437253,-47.5
A996,1636103458025920,0.9387962421860124,-47.5
A996,1636103458038307,0.9572040116406401,-47.5
A996,1636103458046431,0.944932165337555,-47.5
A996,1636103458053518,0.944932165337555,-47.5
A996,1636103458063805,0.9387962421860124,-47.0
A996,1636103458073239,0.9510680884890975,-47.5
A996,1636103458082854,0.9633399347921826,-47.5
A996,1636103458088499,0.9510680884890975,-47.5
A996,1636103458100397,0.944932165337555,-47.5
A996,1636103458108207,0.9510680884890975,-47.5
A996,1636103458116929,0.9572040116406401,-47.5
A996,1636103458126945,0.944932165337555,-47.5
A996,1636103458137259,0.9633399347921826,-47.5
A996,1636103458142877,0.9694758579437253,-47.5
A996,1636103458154296,0.9510680884890975,-47.5
A996,1636103458163797,0.9572040116406401,-47.5
A996,1636103458177931,0.9633399347921826,-47.5
A996,1636103458186322,0.9387962421860124,-47.5
A996,1636103458193713,0.9326603190344698,-47.5
A996,1636103458206930,0.9694758579437253,-47.5
A996,1636103458211954,0.9633399347921826,-47.5
A996,1636103458223951,0.9572040116406401,-47.5
A996,1636103458234290,0.9878836273983529,-47.5
A996,1636103458241504,0.9510680884890975,-47.0
A996,1636103458250013,0.9633399347921826,-47.5
A996,1636103458259971,0.9756117810952678,-47.5
A996,1636103458268549,0.9694758579437253,-47.5
A996,1636103458278177,0.9633399347921826,-47.5
A996,1636103458287355,0.9756117810952678,-47.0
A996,1636103458294582,0.9633399347921826,-47.5
A996,1636103458304032,0.9694758579437253,-47.5
A996,1636103458314389,0.9756117810952678,-47.5
A996,1636103458321880,0.9817477042468103,-47.5
A996,1636103458330045,0.9572040116406401,-47.5
A996,1636103458341045,1.0062913968529805,-47.5
A996,1636103458350525,0.9572040116406401,-47.5
A996,1636103458357781,0.9572040116406401,-47.5
A996,1636103458369200,0.9633399347921826,-47.5
A996,1636103458376429,0.9756117810952678,-47.5
A996,1636103458384228,0.9817477042468103,-47.0
A996,1636103458394620,0.9756117810952678,-47.5
A996,1636103458402189,1.000155473701438,-47.5
A996,1636103458413205,0.9694758579437253,-47.5
A996,1636103458422327,0.9510680884890975,-47.5
A996,1636103458432397,0.9817477042468103,-47.5
A996,1636103458440466,0.9694758579437253,-47.0
A996,1636103458449337,0.9940195505498954,-47.5
A996,1636103458459012,1.012427320004523,-47.0
A996,1636103458464450,0.9878836273983529,-47.5
A996,1636103458477122,1.0246991663076084,-47.0
A996,1636103458484329,1.0185632431560658,-47.0
A996,1636103458494714,1.030835089459151,-47.0
A996,1636103458500116,1.055378782065321,-47.0
A996,1636103458513177,1.0676506283684062,-47.0
A996,1636103458521550,1.0615147052168636,-47.0
A996,1636103458532145,1.0615147052168636,-47.0
A996,1636103458539613,1.0615147052168636,-47.0
A996,1636103458545643,1.0799224746714913,-47.0
A996,1636103458555474,1.0676506283684062,-47.0
A996,1636103458566551,1.0615147052168636,-47.0
A996,1636103458576359,1.086058397823034,-47.0
A996,1636103458583675,1.0737865515199487,-47.0
A996,1636103458593673,1.0737865515199487,-47.0
A996,1636103458599989,1.0799224746714913,-47.0
A996,1636103458611992,1.1044661672776617,-47.0
A996,1636103458621622,1.1106020904292042,-47.0
A996,1636103458629748,1.1351457830353744,-47.0
A996,1636103458636227,1.1351457830353744,-47.0
A996,1636103458647383,1.1474176293384597,-47.0
A996,1636103458653599,1.1351457830353744,-47.0
A996,1636103458664352,1.1658253987930873,-47.0
A996,1636103458671162,1.1596894756415448,-47.0
A996,1636103458681471,1.1903690913992575,-47.0
A996,1636103458690954,1.1719613219446299,-47.0
A996,1636103458701520,1.1535535524900022,-47.0
A996,1636103458707734,1.1903690913992575,-47.0
A996,1636103458719731,1.184233168247715,-47.0
A996,1636103458726721,1.1903690913992575,-47.5
A996,1636103458737544,1.1965050145508,-47.5
A996,1636103458744602,1.1965050145508,-47.5
A996,1636103458754028,1.2026409377023426,-47.5
A996,1636103458765669,1.2087768608538851,-47.0
A996,1636103458773144,1.214912784005428,-47.5
A996,1636103458778634,1.2333205534600555,-47.0
A996,1636103458790312,1.2210487071569704,-47.5
A996,1636103458796980,1.2333205534600555,-47.5
A996,1636103458806810,1.239456476611598,-47.5
A996,1636103458817322,1.2640001692177683,-47.5
A996,1636103458824093,1.2640001692177683,-47.5
A996,1636103458836280,1.2455923997631406,-47.5
A996,1636103458844749,1.239456476611598,-47.5
A996,1636103458851830,1.2517283229146832,-47.5
A996,1636103458863487,1.227184630308513,-47.5
A996,1636103458871769,1.2210487071569704,-47.5
A996,1636103458880447,1.2333205534600555,-47.5
A996,1636103458891344,1.2087768608538851,-47.5
A996,1636103458900053,1.214912784005428,-47.5
A996,1636103458908222,1.1780972450961724,-47.5
A996,1636103458914642,1.184233168247715,-47.5
A996,1636103458926607,1.214912784005428,-47.5
A996,1636103458935754,1.1780972450961724,-47.5
A996,1636103458944719,1.1780972450961724,-47.5
A996,1636103458949933,1.2026409377023426,-47.5
A996,1636103458958953,1.2210487071569704,-47.5
A996,1636103458970830,1.2210487071569704,-47.5
A996,1636103458979791,1.1965050145508,-47.5
A996,1636103458988759,1.2087768608538851,-47.5
A996,1636103458998708,1.2210487071569704,-47.5
A996,1636103459005055,1.239456476611598,-47.5
A996,1636103459015660,1.2333205534600555,-47.5
A996,1636103459025931,1.2333205534600555,-47.5
A996,1636103459033957,1.239456476611598,-47.5
A996,1636103459042929,1.227184630308513,-47.5
A996,1636103459049868,1.2210487071569704,-47.5
A996,1636103459058583,1.214912784005428,-47.5
A996,1636103459071482,1.2210487071569704,-47.5
A996,1636103459078516,1.2087768608538851,-47.5
A996,1636103459085023,1.214912784005428,-47.5
A996,1636103459094673,1.2026409377023426,-47.5
A996,1636103459102395,1.2210487071569704,-47.5
A996,1636103459114859,1.2333205534600555,-47.5
A996,1636103459125450,1.239456476611598,-47.5
A996,1636103459132962,1.227184630308513,-47.5
A996,1636103459142523,1.2333205534600555,-47.5
A996,1636103459150609,1.227184630308513,-47.5
A996,1636103459160017,1.2455923997631406,-47.5
A996,1636103459167642,1.2762720155208536,-47.0
A996,1636103459177108,1.2640001692177683,-47.5
A996,1636103459187665,1.2640001692177683,-47.5
A996,1636103459195225,1.2762720155208536,-47.5
A996,1636103459201457,1.2762720155208536,-47.5
A996,1636103459211663,1.2640001692177683,-47.5
A996,1636103459223984,1.3008157081270237,-47.5
A996,1636103459232474,1.3069516312785663,-47.5
A996,1636103459239240,1.2946797849754812,-47.5
A996,1636103459249714,1.2946797849754812,-47.5
A996,1636103459259275,1.3130875544301088,-47.5
A996,1636103459264118,1.3008157081270237,-47.5
A996,1636103459273751,1.2946797849754812,-47.5
A996,1636103459285341,1.3008157081270237,-47.5
A996,1636103459296008,1.3008157081270237,-47.5
A996,1636103459301068,1.3130875544301088,-47.5
A996,1636103459313894,1.325359400733194,-47.5
A996,1636103459319985,1.3744467859455345,-47.5
A996,1636103459331801,1.325359400733194,-47.5
A996,1636103459338694,1.368310862793992,-47.5
A996,1636103459346773,1.3621749396424494,-47.5
A996,1636103459354316,1.380582709097077,-47.5
A996,1636103459364597,1.41126232485479,-47.5
A996,1636103459373699,1.4358060174609601,-47.5
A996,1636103459383780,1.423534171157875,-47.5
A996,1636103459393424,1.4051264017032472,-48.0
A996,1636103459401406,1.4480778637640452,-47.5
A996,1636103459410820,1.4726215563702154,-48.0
A996,1636103459419762,1.4542137869155878,-47.5
A996,1636103459429480,1.4787574795217582,-48.0
A996,1636103459437915,1.4542137869155878,-48.0
A996,1636103459447843,1.4726215563702154,-48.0
A996,1636103459452522,1.4480778637640452,-47.5
A996,1636103459466245,1.4726215563702154,-48.0
A996,1636103459473954,1.4726215563702154,-48.0
A996,1636103459483721,1.4971652489763858,-48.0
A996,1636103459488384,1.4664856332186729,-48.0
A996,1636103459499660,1.4971652489763858,-48.0
A996,1636103459511144,1.5278448647340985,-48.0
A996,1636103459516748,1.533980787885641,-48.0
A996,1636103459526429,1.5707963267948966,-48.0
A996,1636103459536198,1.5401167110371838,-48.0
A996,1636103459545140,1.5585244804918115,-48.0
A996,1636103459554866,1.564660403643354,-48.0
A996,1636103459564259,1.5892040962495242,-48.0
A996,1636103459574429,1.552388557340269,-48.0
A996,1636103459579849,1.564660403643354,-48.0
A996,1636103459587643,1.576932249946439,-48.0
A996,1636103459600112,1.5953400194010667,-48.0
A996,1636103459610313,1.607611865704152,-48.0
A996,1636103459618404,1.6137477888556946,-47.5
A996,1636103459624819,1.6137477888556946,-48.0
A996,1636103459635305,1.6444274046134073,-47.5
A996,1636103459644001,1.6321555583103222,-47.5
A996,1636103459654880,1.6566992509164924,-47.5
A996,1636103459662118,1.6935147898257479,-47.5
A996,1636103459669934,1.6935147898257479,-47.5
A996,1636103459679474,1.6873788666742053,-47.5
A996,1636103459686857,1.718058482431918,-47.5
A996,1636103459695747,1.705786636128833,-47.5
A996,1636103459708186,1.736466251886546,-47.5
A996,1636103459717705,1.736466251886546,-47.5
A996,1636103459724648,1.7548740213411735,-47.0
A996,1636103459734043,1.7548740213411735,-47.0
A996,1636103459743276,1.7794177139473437,-47.0
A996,1636103459750149,1.7916895602504288,-47.5
A996,1636103459759839,1.7916895602504288,-47.0
A996,1636103459769819,1.8285050991596843,-47.0
A996,1636103459779615,1.859184714917397,-47.0
A996,1636103459787045,1.859184714917397,-47.0
A996,1636103459796943,1.8837284075235674,-47.0
A996,1636103459805787,1.8960002538266525,-47.0
A996,1636103459815841,1.9266798695843652,-47.0
A996,1636103459820712,1.9205439464328227,-46.5
A996,1636103459832627,1.9512235621905356,-47.0
A996,1636103459841549,1.9634954084936207,-47.0
A996,1636103459847350,1.9573594853420782,-47.0
A996,1636103459860843,1.9819031779482483,-47.0
A996,1636103459870399,2.018718716857504,-47.0
A996,1636103459877838,2.0064468705544187,-47.0
A996,1636103459887037,2.024854640009046,-47.0
A996,1636103459896296,2.043262409463674,-47.0
A996,1636103459905104,2.073942025221387,-47.0
A996,1636103459914876,2.086213871524472,-46.5
A996,1636103459924482,2.1230294104337273,-47.0
A996,1636103459929692,2.1230294104337273,-47.0
A996,1636103459941084,2.1537090261914402,-47.0
A996,1636103459950351,2.184388641949153,-47.0
A996,1636103459958440,2.1598449493429825,-47.0
A996,1636103459966264,2.184388641949153,-47.0
A996,1636103459977919,2.1782527187976104,-47.0
A996,1636103459984138,2.1905245651006955,-47.0
A996,1636103459993101,2.2027964114037806,-47.0
A996,1636103460004900,2.2150682577068657,-47.0
A996,1636103460013226,2.2027964114037806,-47.0
A996,1636103460022144,2.1905245651006955,-47.0
A996,1636103460031482,2.2150682577068657,-47.0
A996,1636103460037350,2.2396119503130363,-47.0
A996,1636103460048950,2.2212041808584084,-47.0
A996,1636103460058119,2.2150682577068657,-47.0
A996,1636103460074781,2.2518837966161214,-47.0
A996,1636103460081475,2.2212041808584084,-47.0
A996,1636103460093669,2.227340104009951,-47.0
A996,1636103460099777,2.2027964114037806,-47.0
A996,1636103460110690,2.184388641949153,-47.0
A996,1636103460118488,2.2150682577068657,-47.0
A996,1636103460127899,2.2150682577068657,-47.0
A996,1636103460135179,2.2212041808584084,-47.0
A996,1636103460147386,2.1966604882522383,-47.0
A996,1636103460155617,2.1537090261914402,-47.0
A996,1636103460163688,2.184388641949153,-47.0
A996,1636103460172892,2.1598449493429825,-47.0
A996,1636103460182691,2.1598449493429825,-47.0
A996,1636103460189114,2.1598449493429825,-47.0
A996,1636103460199945,2.1598449493429825,-47.0
A996,1636103460210054,2.1475731030398975,-47.0
A996,1636103460214609,2.141437179888355,-47.0
A996,1636103460227498,2.1353012567368124,-47.0
A996,1636103460233443,2.116893487282185,-47.0
A996,1636103460241061,2.1537090261914402,-47.0
A996,1636103460252024,2.1475731030398975,-47.0
A996,1636103460262573,2.141437179888355,-47.0
A996,1636103460269675,2.141437179888355,-47.0
A996,1636103460278829,2.141437179888355,-47.0
A996,1636103460290804,2.0923497946760143,-47.0
A996,1636103460298235,2.110757564130642,-47.5
A996,1636103460305872,2.0923497946760143,-47.5
A996,1636103460313685,2.0800779483729293,-47.0
A996,1636103460324295,2.0923497946760143,-47.5
A996,1636103460332359,2.061670178918302,-47.0
A996,1636103460342737,2.055534255766759,-47.5
A996,1636103460348259,2.073942025221387,-47.5
A996,1636103460360786,2.055534255766759,-47.5
A996,1636103460366779,2.030990563160589,-47.5
A996,1636103460377503,2.055534255766759,-47.5
A996,1636103460388421,2.0493983326152168,-47.5
A996,1636103460396567,2.067806102069844,-47.5
A996,1636103460405249,2.067806102069844,-47.5
A996,1636103460414462,2.086213871524472,-47.5
A996,1636103460422049,2.116893487282185,-47.5
A996,1636103460433043,2.1046216409791,-47.0
A996,1636103460438214,2.116893487282185,-47.5
A996,1636103460451443,2.1353012567368124,-47.5
A996,1636103460459263,2.1598449493429825,-47.5
A996,1636103460468339,2.1782527187976104,-47.5
A996,1636103460478809,2.1966604882522383,-47.5
A996,1636103460485319,2.2212041808584084,-47.5
A996,1636103460496069,2.2457478734645786,-47.5
A996,1636103460504743,2.2518837966161214,-47.5
A996,1636103460512518,2.282563412373834,-47.5
A996,1636103460523219,2.3071071049800045,-47.5
A996,1636103460529880,2.3009711818284617,-47.5
A996,1636103460539825,2.3746022596469727,-47.5
A996,1636103460546612,2.3623304133438876,-47.5
A996,1636103460558768,2.3930100291016,-47.5
A996,1636103460566576,2.442097414313941,-47.5
A996,1636103460574124,2.442097414313941,-47.0
A996,1636103460584971,2.478912953223196,-47.5
A996,1636103460592332,2.5157284921324514,-47.0
A996,1636103460604134,2.5402721847386216,-47.0
A996,1636103460610962,2.5770877236478773,-47.0
A996,1636103460619791,2.5893595699509624,-47.0
A996,1636103460626730,2.6323110320117604,-47.0
A996,1636103460639596,2.6445828783148455,-47.0
A996,1636103460648469,2.6875343403756435,-47.0
A996,1636103460658278,2.6998061866787286,-47.0
A996,1636103460667243,2.6998061866787286,-47.0
A996,1636103460673928,2.730485802436441,-47.0
A996,1636103460683327,2.767301341345697,-47.0
A996,1636103460693587,2.7979809571034093,-46.5
A996,1636103460701881,2.816388726558037,-47.0
A996,1636103460709061,2.8532042654672924,-47.0
A996,1636103460721857,2.9084275738311756,-47.0
A996,1636103460726612,2.9022916506796332,-47.0
A996,1636103460736923,2.945243112740431,-47.0
A996,1636103460747197,2.9820586516496865,-46.5
A996,1636103460755859,3.018874190558942,-47.0
A996,1636103460763427,3.0372819600135696,-47.0
A996,1636103460773427,3.043417883165112,-47.0
A996,1636103460782374,3.055689729468197,-47.0
A996,1636103460791551,3.104777114680538,-47.0
A996,1636103460800182,3.1231848841351653,-47.0
A996,1636103460806670,3.1231848841351653,-47.0
A996,1636103460818845,3.153864499892878,-47.0
A996,1636103460828547,3.1968159619536762,-47.0
A996,1636103460837693,3.2213596545598464,-47.0
A996,1636103460845568,3.2336315008629315,-46.5
A996,1636103460855378,3.2704470397721868,-47.0
A996,1636103460864847,3.3011266555298997,-46.5
A996,1636103460872641,3.3011266555298997,-46.5
A996,1636103460879671,3.32567034813607,-46.5
A996,1636103460889715,3.3379421944391554,-46.5
A996,1636103460899532,3.368621810196868,-46.5
A996,1636103460909157,3.393165502803038,-46.5
A996,1636103460916483,3.380893656499953,-46.0
A996,1636103460924018,3.399301425954581,-46.5
A996,1636103460932438,3.4054373491061236,-46.5
A996,1636103460946162,3.411573272257666,-46.5
A996,1636103460950222,3.4054373491061236,-46.5
A996,1636103460963177,3.436116964863836,-46.5
A996,1636103460969715,3.466796580621549,-46.5
A996,1636103460979997,3.454524734318464,-46.5
A996,1636103460990518,3.4606606574700063,-46.5
A996,1636103460998553,3.485204350076177,-46.5
A996,1636103461008411,3.479068426924634,-46.5
A996,1636103461015098,3.509748042682347,-46.5
A996,1636103461027100,3.5036121195308043,-46.5
A996,1636103461033685,3.5342917352885173,-46.5
A996,1636103461041633,3.5588354278946874,-46.5
A996,1636103461052439,3.56497135104623,-46.5
A996,1636103461058487,3.5465635815916023,-46.5
A996,1636103461069495,3.5895150436524004,-46.5
A996,1636103461078948,3.5895150436524004,-46.5
A996,1636103461089523,3.6017868899554855,-46.5
A996,1636103461097203,3.6017868899554855,-46.5
A996,1636103461106688,3.6263305825616556,-46.5
A996,1636103461116556,3.6570101983193686,-46.5
A996,1636103461123609,3.6570101983193686,-46.5
A996,1636103461132688,3.6692820446224537,-46.5
A996,1636103461142740,3.693825737228624,-46.5
A996,1636103461152030,3.6754179677739964,-46.5
A996,1636103461161232,3.6999616603801666,-46.5
A996,1636103461168958,3.706097583531709,-46.5
A996,1636103461179048,3.730641276137879,-46.5
A996,1636103461188708,3.724505352986337,-46.5
A996,1636103461197298,3.7429131224409646,-46.5
A996,1636103461202924,3.7551849687440497,-46.5
A996,1636103461216797,3.773592738198677,-47.0
A996,1636103461220976,3.761320891895592,-47.0
A996,1636103461234250,3.77972866135022,-47.0
A996,1636103461240441,3.773592738198677,-47.0
A996,1636103461250274,3.761320891895592,-46.5
A996,1636103461258051,3.761320891895592,-47.0
A996,1636103461268611,3.761320891895592,-47.0
A996,1636103461279167,3.749049045592507,-47.0
A996,1636103461287803,3.761320891895592,-47.0
A996,1636103461296752,3.761320891895592,-47.0
A996,1636103461306804,3.77972866135022,-47.0
A996,1636103461313795,3.792000507653305,-47.0
A996,1636103461322177,3.816544200259475,-47.0
A996,1636103461331826,3.785864584501762,-47.0
A996,1636103461342168,3.8410878928656453,-47.0
A996,1636103461349149,3.8533597391687304,-47.5
A996,1636103461358807,3.8963112012295285,-47.5
A996,1636103461369201,3.9269908169872414,-47.5
A996,1636103461374809,3.933126740138784,-47.0
A996,1636103461386682,3.9515345095934116,-47.0
A996,1636103461395604,3.9760782021995817,-47.0
A996,1636103461405985,4.000621894805752,-47.0
A996,1636103461414502,4.025165587411922,-47.0
A996,1636103461423790,4.037437433715008,-47.0
A996,1636103461432949,4.0558452031696355,-47.0
A996,1636103461441705,4.080388895775806,-47.0
A996,1636103461448865,4.09266074207889,-47.0
A996,1636103461458899,4.123340357836604,-47.0
A996,1636103461469473,4.1601558967458585,-46.5
A996,1636103461476044,4.172427743048944,-46.5
A996,1636103461485522,4.196971435655114,-46.5
A996,1636103461492282,4.221515128261284,-46.5
A996,1636103461501999,4.239922897715912,-46.5
A996,1636103461513671,4.276738436625168,-46.5
A996,1636103461521241,4.295146206079795,-46.5
A996,1636103461529547,4.3074180523828804,-46.5
A996,1636103461539556,4.381049130201391,-46.5
A996,1636103461548251,4.362641360746763,-46.5
A996,1636103461557451,4.399456899656019,-46.5
A996,1636103461566621,4.387185053352934,-46.5
A996,1636103461576344,4.424000592262189,-46.5
A996,1636103461584728,4.460816131171445,-46.5
A996,1636103461592536,4.485359823777615,-46.5
A996,1636103461600267,4.503767593232243,-47.0
A996,1636103461609505,4.522175362686871,-46.5
A996,1636103461618456,4.583534594202296,-47.0
A996,1636103461627332,4.595806440505381,-47.0
A996,1636103461638748,4.657165672020807,-47.0
A996,1636103461645710,4.681709364626977,-47.0
A996,1636103461654450,4.71238898038469,-47.0
A996,1636103461666211,4.718524903536232,-47.0
A996,1636103461675787,4.755340442445488,-47.0
A996,1636103461684134,4.767612288748572,-47.0
A996,1636103461693195,4.773748211900116,-47.0
A996,1636103461702361,4.7860200582032,-47.0
A996,1636103461708272,4.81056375080937,-47.0
A996,1636103461717621,4.81056375080937,-47.0
A996,1636103461729347,4.822835597112456,-47.0
A996,1636103461735457,4.841243366567084,-47.0
A996,1636103461747930,4.853515212870168,-47.0
A996,1636103461756273,4.853515212870168,-47.0
A996,1636103461762021,4.847379289718626,-47.0
A996,1636103461774073,4.878058905476339,-47.0
A996,1636103461784253,4.890330751779424,-47.0
A996,1636103461789222,4.890330751779424,-47.0
A996,1636103461801419,4.908738521234052,-47.0
A996,1636103461807310,4.933282213840222,-47.0
A996,1636103461818623,4.921010367537137,-47.0
A996,1636103461827060,4.945554060143307,-47.0
A996,1636103461833616,4.970097752749477,-47.0
A996,1636103461844323,4.963961829597935,-47.0
A996,1636103461855009,4.994641445355648,-47.0
A996,1636103461861722,5.00077736850719,-47.0
A996,1636103461871760,5.013049214810275,-47.0
A996,1636103461881629,5.013049214810275,-47.0
A996,1636103461890476,5.013049214810275,-47.0
A996,1636103461899136,5.0253210611133605,-47.0
A996,1636103461907472,5.0253210611133605,-47.0
A996,1636103461915848,5.043728830567988,-47.0
A996,1636103461923673,5.062136600022616,-47.0
A996,1636103461935872,5.056000676871073,-47.0
A996,1636103461943934,5.037592907416445,-47.0
A996,1636103461954497,5.086680292628786,-47.0
A996,1636103461962676,5.105088062083414,-47.0
A996,1636103461975121,5.086680292628786,-47.0
A996,1636103461987776,5.105088062083414,-47.0
A996,1636103461996297,5.086680292628786,-47.0
A996,1636103462002334,5.098952138931871,-47.0
A996,1636103462015403,5.123495831538041,-47.0
A996,1636103462021734,5.111223985234957,-47.0
A996,1636103462030890,5.117359908386499,-47.0
A996,1636103462041520,5.105088062083414,-47.0
A996,1636103462049540,5.123495831538041,-47.0
A996,1636103462058985,5.135767677841127,-47.0
A996,1636103462064563,5.117359908386499,-47.0
A996,1636103462075525,5.141903600992669,-47.0
A996,1636103462084216,5.148039524144211,-47.0
A996,1636103462094529,5.166447293598839,-47.0
A996,1636103462103402,5.1725832167503825,-47.0
A996,1636103462113261,5.160311370447297,-47.0
A996,1636103462121532,5.184855063053467,-47.0
A996,1636103462130437,5.203262832508095,-47.0
A996,1636103462140797,5.197126909356553,-47.0
A996,1636103462148865,5.203262832508095,-47.5
A996,1636103462155876,5.21553467881118,-47.0
A996,1636103462165319,5.240078371417351,-47.0
A996,1636103462175057,5.209398755659637,-47.0
A996,1636103462185703,5.227806525114265,-47.0
A996,1636103462190683,5.240078371417351,-47.5
A996,1636103462201564,5.246214294568893,-47.5
A996,1636103462209150,5.270757987175063,-47.0
A996,1636103462219103,5.264622064023521,-47.5
A996,1636103462229696,5.283029833478148,-47.0
A996,1636103462235418,5.2768939103266055,-47.5
A996,1636103462248189,5.2768939103266055,-47.5
A996,1636103462256042,5.270757987175063,-47.5
A996,1636103462264957,5.2768939103266055,-47.5
A996,1636103462275229,5.301437602932776,-47.5
A996,1636103462283236,5.307573526084319,-47.5
A996,1636103462292780,5.332117218690489,-47.5
A996,1636103462303025,5.307573526084319,-47.5
A996,1636103462309240,5.313709449235861,-47.5
A996,1636103462316087,5.338253141842031,-47.5
A996,1636103462327048,5.344389064993574,-47.5
A996,1636103462336747,5.3198453723874035,-47.5
A996,1636103462344116,5.325981295538946,-47.5
A996,1636103462351425,5.350524988145116,-47.5
A996,1636103462361199,5.350524988145116,-47.5
A996,1636103462372784,5.356660911296659,-47.5
A996,1636103462379337,5.350524988145116,-47.5
A996,1636103462388470,5.405748296509,-47.5
A996,1636103462397986,5.368932757599744,-47.5
A996,1636103462409918,5.411884219660542,-47.5
A996,1636103462415168,5.43029198911517,-48.0
A996,1636103462426810,5.405748296509,-47.5
A996,1636103462436333,5.448699758569798,-48.0
A996,1636103462443284,5.45483568172134,-48.0
A996,1636103462453806,5.4671075280244255,-48.0
A996,1636103462461213,5.45483568172134,-48.0
A996,1636103462469650,5.47937937432751,-48.0
A996,1636103462480406,5.497787143782138,-48.0
A996,1636103462488412,5.5284667595398505,-48.0
A996,1636103462499288,5.5284667595398505,-48.0
A996,1636103462504915,5.559146375297564,-48.0
A996,1636103462514726,5.553010452146021,-48.0
A996,1636103462522137,5.559146375297564,-47.5
A996,1636103462533939,5.595961914206819,-47.5
A996,1636103462543163,5.595961914206819,-47.5
A996,1636103462552090,5.620505606812989,-47.5
A996,1636103462561672,5.602097837358362,-47.5
A996,1636103462567756,5.595961914206819,-47.5
A996,1636103462575983,5.608233760509904,-47.5
A996,1636103462589537,5.638913376267617,-47.5
A996,1636103462595189,5.64504929941916,-47.5
A996,1636103462607083,5.632777453116074,-47.5
A996,1636103462612045,5.626641529964532,-47.5
A996,1636103462623622,5.626641529964532,-47.5
A996,1636103462632998,5.6573211457222445,-47.5
A996,1636103462641881,5.681864838328415,-47.5
A996,1636103462648375,5.681864838328415,-47.5
A996,1636103462661407,5.6941366846315,-47.5
A996,1636103462665948,5.681864838328415,-47.5
A996,1636103462677021,5.712544454086128,-47.5
A996,1636103462683075,5.712544454086128,-47.5
A996,1636103462696438,5.724816300389213,-47.5
A996,1636103462704493,5.755495916146925,-47.5
A996,1636103462712590,5.749359992995383,-47.0
A996,1636103462720675,5.767767762450011,-47.0
A996,1636103462728483,5.749359992995383,-47.5
A996,1636103462740128,5.798447378207723,-47.0
A996,1636103462749002,5.8045833013592665,-47.0
A996,1636103462758187,5.816855147662351,-47.0
A996,1636103462767716,5.835262917116979,-47.0
A996,1636103462775460,5.8659425328746915,-47.0
A996,1636103462785198,5.896622148632405,-47.0
A996,1636103462790752,5.93343768754166,-47.0
A996,1636103462803068,5.915029918087033,-47.0
A996,1636103462811219,5.921165841238575,-47.0
A996,1636103462820782,5.957981380147831,-47.0
A996,1636103462830792,5.982525072754001,-47.0
A996,1636103462839355,5.988660995905543,-47.0
A996,1636103462846951,6.000932842208628,-47.0
A996,1636103462856934,6.056156150572511,-47.0
A996,1636103462864533,6.056156150572511,-47.0
A996,1636103462871830,6.025476534814799,-47.0
A996,1636103462884047,6.050020227420969,-47.0
A996,1636103462893721,6.105243535784852,-47.0
A996,1636103462902894,6.092971689481767,-47.0
A996,1636103462912023,6.0991076126333095,-47.0
A996,1636103462921396,6.1420590746941075,-47.0
A996,1636103462929152,6.154330920997192,-47.0
A996,1636103462939419,6.178874613603362,-47.0
A996,1636103462944809,6.191146459906448,-47.0
A996,1636103462953089,6.215690152512618,-47.0
A996,1636103462967046,6.240233845118788,-47.0
A996,1636103462975354,6.258641614573416,-47.0
A996,1636103462983617,6.264777537724958,-47.5
A996,1636103462994103,6.270913460876501,-47.5
A996,1636103462999473,6.277049384028044,-47.0
A996,1636103463010237,0.018407769454627694,-47.0
A996,1636103463018961,0.030679615757712823,-47.0
A996,1636103463027851,0.03681553890925539,-47.0
A996,1636103463036113,0.06135923151542565,-47.0
A996,1636103463046090,0.06135923151542565,-47.0
A996,1636103463053445,0.0859029241215959,-47.0
A996,1636103463062094,0.0859029241215959,-47.0
A996,1636103463071553,0.1043106935762236,-47.0
A996,1636103463081076,0.11044661672776616,-47.0
A996,1636103463090214,0.11044661672776616,-47.0
A996,1636103463099624,0.12885438618239387,-46.5
A996,1636103463109382,0.14726215563702155,-46.5
A996,1636103463115847,0.1718058482431918,-46.5
A996,1636103463127204,0.18407769454627693,-46.5
A996,1636103463135308,0.20248546400090464,-46.5
A996,1636103463143958,0.21475731030398976,-46.5
A996,1636103463154010,0.21475731030398976,-46.5
A996,1636103463162077,0.2086213871524472,-46.5
A996,1636103463170409,0.23930100291016002,-46.5
A996,1636103463180985,0.23316507975861744,-46.5
A996,1636103463189283,0.25157284921324513,-46.5
A996,1636103463198664,0.23930100291016002,-46.5
A996,1636103463204202,0.2454369260617026,-46.5
A996,1636103463213314,0.23316507975861744,-46.0
A996,1636103463226878,0.2270291566070749,-46.5
A996,1636103463232499,0.21475731030398976,-46.5
A996,1636103463241696,0.22089323345553233,-46.5
A996,1636103463250580,0.2270291566070749,-46.5
A996,1636103463257921,0.2270291566070749,-46.5
A996,1636103463269986,0.22089323345553233,-46.5
A996,1636103463279514,0.23316507975861744,-46.5
A996,1636103463285620,0.22089323345553233,-46.5
A996,1636103463295641,0.2086213871524472,-46.5
A996,1636103463305435,0.21475731030398976,-46.5
A996,1636103463314109,0.20248546400090464,-46.5
A996,1636103463323226,0.20248546400090464,-46.5
A996,1636103463330945,0.20248546400090464,-46.5
A996,1636103463337974,0.1902136176978195,-46.5
A996,1636103463348527,0.1718058482431918,-46.5
A996,1636103463356020,0.16566992509164924,-46.5
A996,1636103463368688,0.15339807878856412,-47.0
A996,1636103463377461,0.1349903093339364,-47.0
A996,1636103463385290,0.14726215563702155,-46.5
A996,1636103463393641,0.14112623248547898,-46.5
A996,1636103463403925,0.1349903093339364,-47.0
A996,1636103463411221,0.14726215563702155,-47.0
A996,1636103463421487,0.12885438618239387,-46.5
A996,1636103463431516,0.12885438618239387,-46.5
A996,1636103463439630,0.15339807878856412,-47.0
A996,1636103463448773,0.12885438618239387,-46.5
A996,1636103463458568,0.11658253987930872,-47.0
A996,1636103463464615,0.14112623248547898,-47.0
A996,1636103463475179,0.12885438618239387,-47.0
A996,1636103463486282,0.1349903093339364,-46.5
A996,1636103463492670,0.11044661672776616,-47.0
A996,1636103463503138,0.1227184630308513,-47.0
A996,1636103463511476,0.11658253987930872,-47.0
A996,1636103463521199,0.11658253987930872,-47.0
A996,1636103463530591,0.11044661672776616,-47.0
A996,1636103463537294,0.09817477042468103,-47.0
A996,1636103463544638,0.09817477042468103,-47.0
A996,1636103463554950,0.1043106935762236,-47.0
A996,1636103463563345,0.11044661672776616,-46.5
A996,1636103463571960,0.09817477042468103,-47.0
A996,1636103463584985,0.09817477042468103,-47.0
A996,1636103463592736,0.09817477042468103,-47.0
A996,1636103463602877,0.09203884727313846,-47.0
A996,1636103463611208,0.0859029241215959,-47.0
A996,1636103463618232,0.09203884727313846,-47.0
A996,1636103463629332,0.09817477042468103,-47.0
A996,1636103463637677,0.07976700097005335,-47.0
A996,1636103463646581,0.07363107781851078,-47.0
A996,1636103463654645,0.07976700097005335,-47.0
A996,1636103463666115,0.07363107781851078,-47.0
A996,1636103463674492,0.0859029241215959,-47.0
A996,1636103463684096,0.0674951546669682,-47.0
A996,1636103463690757,0.09203884727313846,-47.0
A996,1636103463700782,0.0859029241215959,-47.0
A996,1636103463708618,0.1043106935762236,-47.0
A996,1636103463718310,0.09817477042468103,-47.0
A996,1636103463725420,0.09203884727313846,-47.0
A996,1636103463737625,0.0859029241215959,-47.0
A996,1636103463743235,0.09817477042468103,-47.0
A996,1636103463751252,0.09817477042468103,-47.0
A996,1636103463759672,0.1043106935762236,-47.0
A996,1636103463770434,0.1043106935762236,-47.0
A996,1636103463779363,0.11658253987930872,-47.0
A996,1636103463790182,0.11044661672776616,-46.5
A996,1636103463796341,0.11044661672776616,-46.5
A996,1636103463808536,0.09817477042468103,-46.5
A996,1636103463814179,0.11044661672776616,-47.0
A996,1636103463826816,0.11044661672776616,-47.0
A996,1636103463833530,0.1227184630308513,-47.0
A996,1636103463843975,0.1349903093339364,-46.5
A996,1636103463852905,0.1349903093339364,-46.5
A996,1636103463859731,0.1349903093339364,-46.5
A996,1636103463876806,0.12885438618239387,-46.5
A996,1636103463886536,0.14112623248547898,-46.5
A996,1636103463893970,0.15339807878856412,-46.5
A996,1636103463906210,0.1718058482431918,-46.5
A996,1636103463911868,0.18407769454627693,-46.5
A996,1636103463921969,0.15339807878856412,-46.5
A996,1636103463931611,0.1902136176978195,-46.5
A996,1636103463939764,0.16566992509164924,-46.5
A996,1636103463947628,0.1718058482431918,-46.5
A996,1636103463957608,0.16566992509164924,-46.5
A996,1636103463967236,0.1718058482431918,-46.5
A996,1636103463976137,0.1595340019401067,-46.5
A996,1636103463984002,0.15339807878856412,-46.5
A996,1636103463991341,0.15339807878856412,-46.5
A996,1636103464003808,0.1595340019401067,-46.5
A996,1636103464008650,0.14112623248547898,-46.5
A996,1636103464018948,0.16566992509164924,-46.5
A996,1636103464027176,0.1595340019401067,-46.5
A996,1636103464039106,0.1595340019401067,-46.5
A996,1636103464048721,0.16566992509164924,-46.5
A996,1636103464057493,0.18407769454627693,-46.5
A996,1636103464064429,0.18407769454627693,-46.5
A996,1636103464076016,0.17794177139473438,-46.5
A996,1636103464084088,0.17794177139473438,-46.5
A996,1636103464091489,0.1718058482431918,-46.5
A996,1636103464098571,0.14112623248547898,-46.5
A996,1636103464109633,0.1595340019401067,-46.5
A996,1636103464118801,0.1349903093339364,-46.5
A996,1636103464130308,0.14726215563702155,-46.5
A996,1636103464138635,0.14112623248547898,-46.5
A996,1636103464146144,0.11044661672776616,-46.5
A996,1636103464154065,0.11658253987930872,-46.5
A996,1636103464163690,0.1227184630308513,-46.5
A996,1636103464175191,0.09817477042468103,-46.5
A996,1636103464181328,0.07363107781851078,-47.0
A996,1636103464192406,0.04908738521234052,-47.0
A996,1636103464200931,0.04295146206079795,-47.0
A996,1636103464208244,0.04908738521234052,-47.0
A996,1636103464219370,0.02454369260617026,-47.0
A996,1636103464226814,0.0,-47.0
A996,1636103464236324,0.006135923151542565,-47.0
A996,1636103464242086,6.252505691421874,-47.0
A996,1636103464256119,6.240233845118788,-47.0
A996,1636103464261962,6.22182607566416,-47.0
A996,1636103464272929,6.19728238305799,-47.0
A996,1636103464280601,6.1850105367549055,-47.0
A996,1636103464289304,6.178874613603362,-47.0
A996,1636103464299898,6.154330920997192,-47.0
A996,1636103464305879,6.117515382087937,-47.0
A996,1636103464314986,6.111379458936394,-47.0
A996,1636103464326060,6.062292073724054,-47.0
A996,1636103464335428,6.025476534814799,-47.0
A996,1636103464343338,6.031612457966341,-46.5
A996,1636103464353094,5.982525072754001,-47.0
A996,1636103464358866,5.988660995905543,-47.0
A996,1636103464368461,5.970253226450915,-47.0
A996,1636103464380099,5.93343768754166,-47.0
A996,1636103464389421,5.890486225480862,-47.0
A996,1636103464396433,5.878214379177777,-47.0
A996,1636103464404029,5.8475347634200645,-47.0
A996,1636103464416738,5.816855147662351,-47.0
A996,1636103464425010,5.767767762450011,-47.0
A996,1636103464434612,5.767767762450011,-47.0
A996,1636103464444690,5.7616318392984684,-47.0
A996,1636103464450355,5.681864838328415,-47.0
A996,1636103464461084,5.66959299202533,-47.5
A996,1636103464471497,5.64504929941916,-47.5
A996,1636103464477344,5.620505606812989,-47.5
A996,1636103464487861,5.6143696836614465,-47.5
A996,1636103464496977,5.595961914206819,-47.5
A996,1636103464503250,5.577554144752192,-47.5
A996,1636103464515144,5.540738605842936,-47.5
A996,1636103464522644,5.5714182216006485,-47.5
A996,1636103464532361,5.559146375297564,-48.0
A996,1636103464542613,5.522330836388308,-48.0
A996,1636103464548461,5.497787143782138,-47.5
A996,1636103464561086,5.47937937432751,-47.5
A996,1636103464569408,5.485515297479052,-47.5
A996,1636103464578625,5.4671075280244255,-48.0
A996,1636103464583764,5.45483568172134,-47.5
A996,1636103464595322,5.473243451175968,-48.0
A996,1636103464604209,5.448699758569798,-47.5
A996,1636103464614768,5.424156065963627,-47.5
A996,1636103464622736,5.399612373357457,-47.5
A996,1636103464633351,5.411884219660542,-47.5
A996,1636103464640082,5.393476450205914,-47.5
A996,1636103464646054,5.43029198911517,-47.5
A996,1636103464658089,5.393476450205914,-47.5
A996,1636103464668998,5.424156065963627,-47.5
A996,1636103464675057,5.418020142812084,-47.5
A996,1636103464683219,5.424156065963627,-47.5
A996,1636103464693962,5.424156065963627,-47.5
A996,1636103464699720,5.45483568172134,-47.5
A996,1636103464711755,5.436427912266712,-47.5
A996,1636103464717266,5.436427912266712,-47.5
A996,1636103464729555,5.43029198911517,-47.5
A996,1636103464738474,5.448699758569798,-47.5
A996,1636103464745768,5.418020142812084,-47.5
A996,1636103464756046,5.411884219660542,-47.5
A996,1636103464764719,5.411884219660542,-47.5
A996,1636103464771234,5.411884219660542,-47.5
A996,1636103464784459,5.424156065963627,-47.5
A996,1636103464791073,5.411884219660542,-47.5
A996,1636103464801675,5.356660911296659,-47.5
A996,1636103464810265,5.399612373357457,-47.5
A996,1636103464818422,5.411884219660542,-47.0
A996,1636103464827824,5.411884219660542,-47.5
A996,1636103464836947,5.350524988145116,-47.5
A996,1636103464843166,5.344389064993574,-47.5
A996,1636103464852922,5.325981295538946,-47.5
A996,1636103464861623,5.375068680751287,-47.5
A996,1636103464870873,5.3198453723874035,-47.0
A996,1636103464881611,5.313709449235861,-47.0
A996,1636103464891332,5.295301679781233,-47.0
A996,1636103464897020,5.313709449235861,-47.5
A996,1636103464909308,5.283029833478148,-47.0
A996,1636103464918452,5.283029833478148,-47.0
A996,1636103464927321,5.270757987175063,-47.0
A996,1636103464934073,5.295301679781233,-47.0
A996,1636103464943725,5.258486140871978,-47.0
A996,1636103464952626,5.240078371417351,-47.0
A996,1636103464963214,5.270757987175063,-47.0
A996,1636103464968416,5.270757987175063,-47.0
A996,1636103464980673,5.227806525114265,-47.0
A996,1636103464989850,5.221670601962723,-47.0
A996,1636103464998253,5.203262832508095,-47.0
A996,1636103465008488,5.197126909356553,-47.0
A996,1636103465017595,5.1725832167503825,-47.0
A996,1636103465026514,5.148039524144211,-47.0
A996,1636103465033442,5.135767677841127,-47.0
A996,1636103465043422,5.105088062083414,-47.0
A996,1636103465052634,5.086680292628786,-47.0
A996,1636103465062182,5.056000676871073,-47.0
A996,1636103465071514,5.037592907416445,-47.0
A996,1636103465079864,5.031456984264903,-47.0
A996,1636103465085829,5.013049214810275,-47.0
A996,1636103465096836,4.97623367590102,-47.0
A996,1636103465106798,4.970097752749477,-47.0
A996,1636103465116346,4.95168998329485,-47.0
A996,1636103465124595,4.933282213840222,-47.0
A996,1636103465132459,4.9394181369917645,-47.0
A996,1636103465141161,4.902602598082509,-47.0
A996,1636103465150345,4.896466674930966,-47.0
A996,1636103465158519,4.865787059173254,-47.0
A996,1636103465169085,4.865787059173254,-47.0
A996,1636103465178917,4.841243366567084,-47.0
A996,1636103465186168,4.822835597112456,-47.0
A996,1636103465197264,4.828971520263998,-47.0
A996,1636103465204281,4.822835597112456,-47.0
A996,1636103465213675,4.841243366567084,-47.0
A996,1636103465223696,4.841243366567084,-46.5
A996,1636103465232408,4.853515212870168,-47.0
A996,1636103465238432,4.871922982324796,-47.0
A996,1636103465248654,4.865787059173254,-46.5
A996,1636103465259980,4.871922982324796,-46.5
A996,1636103465265333,4.853515212870168,-46.5
A996,1636103465276720,4.865787059173254,-46.5
A996,1636103465287193,4.871922982324796,-46.5
A996,1636103465295901,4.859651136021712,-46.5
A996,1636103465301057,4.853515212870168,-46.5
A996,1636103465313623,4.828971520263998,-46.5
A996,1636103465322429,4.822835597112456,-46.5
A996,1636103465330105,4.828971520263998,-46.5
A996,1636103465341178,4.81056375080937,-47.0
A996,1636103465349278,4.798291904506286,-46.5
A996,1636103465357089,4.792155981354743,-46.5
A996,1636103465368829,4.773748211900116,-47.0
A996,1636103465375415,4.779884135051658,-46.5
A996,1636103465386070,4.767612288748572,-46.5
A996,1636103465393245,4.76147636559703,-47.0
A996,1636103465401426,4.773748211900116,-47.0
A996,1636103465410516,4.755340442445488,-47.0
A996,1636103465420597,4.76147636559703,-47.0
A996,1636103465426847,4.773748211900116,-47.0
A996,1636103465436761,4.76147636559703,-47.0
A996,1636103465448094,4.749204519293945,-47.0
A996,1636103465455469,4.7307967498393175,-47.0
A996,1636103465465565,4.7307967498393175,-47.0
A996,1636103465474297,4.724660826687775,-47.0
A996,1636103465484285,4.706253057233147,-47.0
A996,1636103465491785,4.693981210930062,-47.0
A996,1636103465502340,4.6878452877785195,-47.0
A996,1636103465509798,4.657165672020807,-47.0
A996,1636103465520681,4.681709364626977,-47.0
A996,1636103465529246,4.608078286808466,-47.0
A996,1636103465536838,4.632621979414636,-47.0
A996,1636103465544707,4.595806440505381,-47.0
A996,1636103465557498,4.552854978444583,-47.0
A996,1636103465564529,4.571262747899211,-47.0
A996,1636103465571865,4.540583132141498,-46.5
A996,1636103465580871,4.558990901596125,-47.0
A996,1636103465591360,4.534447208989955,-47.0
A996,1636103465600293,4.516039439535327,-46.5
A996,1636103465608514,4.4976316700806995,-47.0
A996,1636103465617756,4.479223900626073,-46.5
A996,1636103465624246,4.485359823777615,-46.5
A996,1636103465635570,4.454680208019902,-47.0
A996,1636103465646034,4.454680208019902,-46.5
A996,1636103465655813,4.4362724385652745,-46.5
A996,1636103465663835,4.430136515413731,-46.5
A996,1636103465673223,4.411728745959104,-46.5
A996,1636103465680413,4.3933209765044765,-46.5
A996,1636103465690823,4.362641360746763,-46.5
A996,1636103465698890,4.338097668140593,-46.5
A996,1636103465708558,4.325825821837508,-46.5
A996,1636103465715924,4.28287435977671,-46.5
A996,1636103465727860,4.23378697456437,-46.5
A996,1636103465735279,4.239922897715912,-47.0
A996,1636103465743154,4.215379205109742,-46.5
A996,1636103465753994,4.184699589352029,-47.0
A996,1636103465760486,4.184699589352029,-47.0
A996,1636103465778221,4.1601558967458585,-47.0
A996,1636103465786796,4.129476280988146,-46.5
A996,1636103465794847,4.129476280988146,-47.0
A996,1636103465802888,4.09266074207889,-47.0
A996,1636103465814439,4.0558452031696355,-47.0
A996,1636103465820362,4.04357335686655,-47.0
A996,1636103465830579,4.037437433715008,-47.0
A996,1636103465838832,3.9822141253511245,-47.5
A996,1636103465850411,3.9515345095934116,-47.5
A996,1636103465860504,3.9208548938356986,-47.5
A996,1636103465869434,3.902447124381071,-47.5
A996,1636103465873471,3.890175278077986,-47.5
A996,1636103465882187,3.877903431774901,-47.5
A996,1636103465895339,3.792000507653305,-47.5
A996,1636103465903402,3.773592738198677,-47.5
A996,1636103465914363,3.749049045592507,-47.0
A996,1636103465922742,3.7429131224409646,-47.0
A996,1636103465927501,3.730641276137879,-47.0
A996,1636103465938181,3.693825737228624,-46.5
A996,1636103465948214,3.693825737228624,-47.0
A996,1636103465958412,3.663146121470911,-47.0
A996,1636103465966215,3.6386024288647407,-47.0
A996,1636103465974011,3.6324665057131984,-47.0
A996,1636103465986198,3.5833791205008576,-47.0
A996,1636103465992515,3.5772431973493153,-47.0
A996,1636103466003468,3.5711072741977725,-47.0
A996,1636103466011743,3.56497135104623,-47.0
A996,1636103466020704,3.5588354278946874,-47.0
A996,1636103466031065,3.5281558121369745,-47.0
A996,1636103466037441,3.5158839658338894,-47.0
A996,1636103466048939,3.4913402732277192,-47.0
A996,1636103466057254,3.485204350076177,-47.0
A996,1636103466062383,3.479068426924634,-47.0
A996,1636103466073160,3.448388811166921,-47.0
A996,1636103466082686,3.448388811166921,-47.0
A996,1636103466091869,3.448388811166921,-47.0
A996,1636103466101013,3.429981041712294,-47.0
A996,1636103466110835,3.423845118560751,-47.0
A996,1636103466119361,3.411573272257666,-47.0
A996,1636103466124672,3.411573272257666,-47.0
A996,1636103466135960,3.399301425954581,-47.5
A996,1636103466146903,3.3870295796514958,-47.5
A996,1636103466154344,3.3624858870453256,-47.5
A996,1636103466165238,3.3747577333484107,-47.5
A996,1636103466174938,3.356349963893783,-47.0
A996,1636103466181693,3.368621810196868,-47.5
A996,1636103466189314,3.356349963893783,-47.5
A996,1636103466199174,3.3379421944391554,-47.0
A996,1636103466209507,3.3440781175906977,-47.5
A996,1636103466219907,3.32567034813607,-47.5
A996,1636103466225977,3.3379421944391554,-47.5
A996,1636103466233592,3.3318062712876126,-47.5
A996,1636103466243614,3.32567034813607,-47.5
A996,1636103466253675,3.3195344249845276,-47.5
A996,1636103466263386,3.3318062712876126,-47.5
A996,1636103466269554,3.3072625786814425,-47.5
A996,1636103466279359,3.2765829629237295,-47.5
A996,1636103466288382,3.2643111166206444,-47.5
A996,1636103466299988,3.2459033471660166,-47.5
A996,1636103466307948,3.2336315008629315,-47.5
A996,1636103466314801,3.227495577711389,-47.5
A996,1636103466325025,3.2090878082567613,-47.5
A996,1636103466335124,3.227495577711389,-48.0
A996,1636103466345460,3.2090878082567613,-48.0
A996,1636103466353372,3.2090878082567613,-47.5
A996,1636103466362683,3.2090878082567613,-48.0
A996,1636103466369466,3.215223731408304,-48.0
A996,1636103466382403,3.1968159619536762,-48.0
A996,1636103466390292,3.2090878082567613,-48.0
A996,1636103466396739,3.1968159619536762,-48.0
A996,1636103466407835,3.1661363461959633,-48.0
A996,1636103466413691,3.172272269347506,-48.0
A996,1636103466424587,3.153864499892878,-48.0
A996,1636103466434497,3.098641191528995,-48.0
A996,1636103466443142,3.08636934522591,-48.0
A996,1636103466454107,3.0495538063166547,-48.0
A996,1636103466460015,3.000466421104314,-48.0
A996,1636103466468404,2.9575149590435164,-48.0
A996,1636103466479148,2.9329712664373457,-48.0
A996,1636103466486249,2.890019804376548,-47.5
A996,1636103466499389,2.834796496012665,-48.0
A996,1636103466507206,2.8409324191642074,-47.5
A996,1636103466515467,2.767301341345697,-48.0
A996,1636103466525237,2.724349879284899,-48.0
A996,1636103466534973,2.6875343403756435,-48.0
A996,1636103466544411,2.6568547246179306,-48.0
A996,1636103466553101,2.6200391857086753,-48.0
A996,1636103466562498,2.5954954931025047,-48.0
A996,1636103466567654,2.564815877344792,-48.0
A996,1636103466577899,2.552544031041707,-48.0
A996,1636103466586416,2.5280003384355365,-48.0
A996,1636103466595919,2.5464081078901644,-48.0
A996,1636103466606450,2.478912953223196,-48.0
A996,1636103466615413,2.4727770300716534,-48.5
A996,1636103466622467,2.442097414313941,-48.5
A996,1636103466633222,2.4175537217077703,-48.5
A996,1636103466640763,2.442097414313941,-48.5
A996,1636103466650831,2.386874105950058,-48.5
A996,1636103466661043,2.3623304133438876,-49.0
A996,1636103466667780,2.350058567040802,-49.0
A996,1636103466676938,2.337786720737717,-49.0
A996,1636103466686126,2.356194490192345,-49.0
A996,1636103466696961,2.3071071049800045,-49.0
A996,1636103466703468,2.3071071049800045,-49.0
A996,1636103466711504,2.3071071049800045,-49.0
A996,1636103466721760,2.282563412373834,-49.0
A996,1636103466733232,2.3009711818284617,-49.0
A996,1636103466740955,2.2764274892222915,-49.0
A996,1636103466747786,2.2764274892222915,-49.0
A996,1636103466759313,2.270291566070749,-49.0
A996,1636103466765160,2.2580197197676637,-49.0
A996,1636103466775193,2.2886993355253766,-49.0
A996,1636103466785412,2.313243028131547,-49.0
A996,1636103466793479,2.3193789512830896,-49.0
A996,1636103466804321,2.313243028131547,-49.0
A996,1636103466811991,2.3316507975861747,-49.0
A996,1636103466823069,2.337786720737717,-49.0
A996,1636103466831419,2.350058567040802,-49.0
A996,1636103466836278,2.380738182798515,-49.0
A996,1636103466845234,2.356194490192345,-49.0
A996,1636103466857060,2.3746022596469727,-49.0
A996,1636103466864086,2.356194490192345,-49.0
A996,1636103466872985,2.36846633649543,-49.0
A996,1636103466884148,2.36846633649543,-49.0
A996,1636103466893848,2.380738182798515,-49.0
A996,1636103466898826,2.350058567040802,-49.0
A996,1636103466911075,2.3746022596469727,-49.0
A996,1636103466920603,2.386874105950058,-49.0
A996,1636103466926986,2.3623304133438876,-49.0
A996,1636103466937335,2.423689644859313,-49.0
A996,1636103466948172,2.429825568010856,-49.0
A996,1636103466957309,2.435961491162398,-49.0
A996,1636103466966200,2.448233337465483,-49.0
A996,1636103466975412,2.435961491162398,-49.0
A996,1636103466981011,2.4605051837685683,-49.0
A996,1636103466989451,2.4727770300716534,-49.0
A996,1636103467001744,2.5034566458293663,-48.5
A996,1636103467010150,2.509592568980909,-49.0
A996,1636103467019321,2.5280003384355365,-49.0
A996,1636103467029101,2.5464081078901644,-48.5
A996,1636103467034511,2.564815877344792,-49.0
A996,1636103467046934,2.5832236467994196,-48.5
A996,1636103467055673,2.5893595699509624,-48.5
A996,1636103467062581,2.60776733940559,-48.5
A996,1636103467071977,2.6139032625571326,-48.5
A996,1636103467083188,2.6384469551633027,-49.0
A996,1636103467089644,2.6445828783148455,-48.5
A996,1636103467100650,2.6323110320117604,-49.0
A996,1636103467106622,2.6445828783148455,-49.0
A996,1636103467115583,2.6568547246179306,-49.0
A996,1636103467128225,2.6813984172241008,-49.0
A996,1636103467136599,2.6998061866787286,-49.0
A996,1636103467142127,2.7120780329818137,-49.0
A996,1636103467155108,2.748893571891069,-48.5
A996,1636103467165073,2.748893571891069,-49.0
A996,1636103467173811,2.761165418194154,-49.0
A996,1636103467182340,2.7857091108003242,-49.0
A996,1636103467187745,2.8102528034064944,-49.0
A996,1636103467197981,2.8102528034064944,-49.0
A996,1636103467207800,2.834796496012665,-49.0
A996,1636103467216926,2.8532042654672924,-49.0
A996,1636103467223675,2.859340188618835,-49.0
A996,1636103467235601,2.890019804376548,-49.0
A996,1636103467244973,2.8838838812250054,-49.0
A996,1636103467253196,2.890019804376548,-49.5
A996,1636103467262368,2.8777479580734626,-49.5
A996,1636103467270037,2.8838838812250054,-49.5
A996,1636103467280391,2.9022916506796332,-49.5
A996,1636103467290193,2.9084275738311756,-49.5
A996,1636103467299727,2.9145634969827183,-49.5
A996,1636103467308659,2.9329712664373457,-49.5
A996,1636103467313452,2.9268353432858034,-49.5
A996,1636103467325263,2.9513790358919736,-49.5
A996,1636103467331759,2.9206994201342606,-49.5
A996,1636103467343953,2.9575149590435164,-49.5
A996,1636103467350230,2.9206994201342606,-49.5
A996,1636103467360073,2.945243112740431,-49.5
A996,1636103467369885,2.9206994201342606,-49.5
A996,1636103467379850,2.9084275738311756,-49.5
A996,1636103467384764,2.9329712664373457,-49.5
A996,1636103467395212,2.9206994201342606,-49.5
A996,1636103467403895,2.9268353432858034,-49.5
A996,1636103467411479,2.9206994201342606,-49.5
A996,1636103467422225,2.9084275738311756,-49.5
A996,1636103467432737,2.9268353432858034,-49.5
A996,1636103467440106,2.9329712664373457,-50.0
A996,1636103467451196,2.9268353432858034,-49.5
A996,1636103467459053,2.9206994201342606,-49.5
A996,1636103467467602,2.9206994201342606,-49.5
A996,1636103467476877,2.9084275738311756,-50.0
A996,1636103467483735,2.9391071895888885,-50.0
A996,1636103467493974,2.9391071895888885,-50.0
A996,1636103467503452,2.9697868053466014,-50.0
A996,1636103467510683,2.9575149590435164,-50.0
A996,1636103467518999,2.9636508821950587,-50.0
A996,1636103467530337,2.988194574801229,-50.0
A996,1636103467540289,2.9820586516496865,-50.0
A996,1636103467548343,3.018874190558942,-50.5
A996,1636103467556342,3.0066023442558567,-50.0
A996,1636103467563664,3.0127382674073995,-50.0
A996,1636103467574808,3.055689729468197,-50.5
A996,1636103467581812,3.074097498922825,-50.5
A996,1636103467593137,3.08636934522591,-50.5
A996,1636103467603793,3.117048960983623,-50.5
A996,1636103467609613,3.1354567304382504,-50.5
A996,1636103467616980,3.160000423044421,-50.5
A996,1636103467630286,3.215223731408304,-50.5
A996,1636103467635386,3.215223731408304,-50.0
A996,1636103467647339,3.2581751934691017,-50.5
A996,1636103467655680,3.2827188860752723,-50.5
A996,1636103467663981,3.313398501832985,-50.5
A996,1636103467678450,3.32567034813607,-50.5
A996,1636103467690840,3.3624858870453256,-50.5
A996,1636103467698327,3.3502140407422405,-50.0
A996,1636103467707235,3.380893656499953,-50.0
A996,1636103467712502,3.380893656499953,-50.5
A996,1636103467722063,3.4054373491061236,-50.0
A996,1636103467731445,3.423845118560751,-50.5
A996,1636103467741467,3.454524734318464,-50.0
A996,1636103467751472,3.466796580621549,-50.0
A996,1636103467760357,3.5158839658338894,-50.0
A996,1636103467770389,3.5036121195308043,-50.0
A996,1636103467778441,3.5342917352885173,-50.0
A996,1636103467789006,3.5342917352885173,-50.0
A996,1636103467793038,3.5342917352885173,-50.0
A996,1636103467803278,3.522019888985432,-50.0
A996,1636103467814621,3.5281558121369745,-50.0
A996,1636103467824892,3.509748042682347,-50.0
A996,1636103467830272,3.5158839658338894,-50.0
A996,1636103467840513,3.5281558121369745,-50.0
A996,1636103467849908,3.5342917352885173,-50.0
A996,1636103467858334,3.5465635815916023,-50.0
A996,1636103467868315,3.54042765844006,-50.0
A996,1636103467877717,3.5158839658338894,-50.5
A996,1636103467886556,3.5342917352885173,-50.0
A996,1636103467894842,3.509748042682347,-50.0
A996,1636103467904566,3.5342917352885173,-50.5
A996,1636103467910184,3.5281558121369745,-50.0
A996,1636103467921722,3.522019888985432,-50.0
A996,1636103467927470,3.5342917352885173,-50.0
A996,1636103467940697,3.5465635815916023,-50.0
A996,1636103467947913,3.5465635815916023,-50.0
A996,1636103467957900,3.552699504743145,-50.0
A996,1636103467965752,3.5342917352885173,-50.0
A996,1636103467974867,3.522019888985432,-50.0
A996,1636103467984933,3.5342917352885173,-50.0
A996,1636103467993879,3.522019888985432,-50.0
A996,1636103468001271,3.509748042682347,-50.0
A996,1636103468012585,3.5036121195308043,-50.0
A996,1636103468019122,3.5281558121369745,-50.0
A996,1636103468028728,3.522019888985432,-50.0
A996,1636103468039974,3.497476196379262,-50.0
A996,1636103468044997,3.5342917352885173,-50.0
A996,1636103468053191,3.5342917352885173,-50.0
A996,1636103468065201,3.5281558121369745,-49.5
A996,1636103468074173,3.5342917352885173,-50.0
A996,1636103468083048,3.552699504743145,-49.5
A996,1636103468091145,3.5895150436524004,-50.0
A996,1636103468097736,3.5956509668039427,-49.5
A996,1636103468110715,3.5956509668039427,-50.0
A996,1636103468117180,3.5956509668039427,-49.5
A996,1636103468129066,3.6324665057131984,-49.5
A996,1636103468134740,3.6263305825616556,-49.5
A996,1636103468143634,3.6263305825616556,-49.5
A996,1636103468152295,3.663146121470911,-50.0
A996,1636103468160990,3.693825737228624,-50.0
A996,1636103468170945,3.693825737228624,-49.5
A996,1636103468182335,3.6876898140770815,-49.5
A996,1636103468192501,3.706097583531709,-49.5
A996,1636103468199536,3.730641276137879,-49.5
A996,1636103468208895,3.7551849687440497,-49.5
A996,1636103468216036,3.767456815047135,-49.5
A996,1636103468223622,3.816544200259475,-49.5
A996,1636103468234158,3.80427235395639,-49.5
A996,1636103468244637,3.8533597391687304,-49.5
A996,1636103468253963,3.8840393549264434,-49.5
A996,1636103468261233,3.902447124381071,-49.5
A996,1636103468272126,3.9576704327449543,-49.5
A996,1636103468282289,3.988350048502667,-49.5
A996,1636103468286858,3.9944859716542096,-49.0
A996,1636103468297309,4.061981126321178,-49.0
A996,1636103468307311,4.074252972624263,-49.0
A996,1636103468315410,4.129476280988146,-49.0
A996,1636103468323845,4.1601558967458585,-48.5
A996,1636103468332944,4.221515128261284,-48.5
A996,1636103468339575,4.215379205109742,-48.5
A996,1636103468350505,4.276738436625168,-48.0
A996,1636103468358091,4.3074180523828804,-48.5
A996,1636103468369465,4.362641360746763,-48.0
A996,1636103468375517,4.362641360746763,-48.0
A996,1636103468387807,4.424000592262189,-48.0
A996,1636103468397966,4.448544284868359,-48.0
A996,1636103468403843,4.466952054322987,-48.0
A996,1636103468412788,4.522175362686871,-47.5
A996,1636103468424363,4.571262747899211,-47.5
A996,1636103468432828,4.577398671050753,-47.5
A996,1636103468440997,4.614214209960009,-47.5
A996,1636103468451229,4.620350133111551,-47.5
A996,1636103468456812,4.601942363656923,-47.5
A996,1636103468468411,4.614214209960009,-47.0
A996,1636103468474364,4.669437518323892,-47.0
A996,1636103468486222,4.669437518323892,-47.0
A996,1636103468494685,4.669437518323892,-47.0
A996,1636103468502281,4.669437518323892,-46.5
A996,1636103468509592,4.669437518323892,-46.5
A996,1636103468520606,4.6448938257177215,-46.5
A996,1636103468530051,4.608078286808466,-46.0
A996,1636103468536952,4.608078286808466,-46.0
A996,1636103468547687,4.577398671050753,-46.0
A996,1636103468556617,4.522175362686871,-46.0
A996,1636103468566604,4.4976316700806995,-45.5
A996,1636103468576626,4.4976316700806995,-45.5
A996,1636103468584690,4.473087977474529,-45.5
A996,1636103468590429,4.448544284868359,-45.5
A996,1636103468602870,4.4362724385652745,-45.0
A996,1636103468611291,4.3933209765044765,-45.0
A996,1636103468617749,4.399456899656019,-45.5
A996,1636103468630416,4.368777283898306,-45.0
A996,1636103468638043,4.362641360746763,-45.5
A996,1636103468648102,4.374913207049849,-45.0
A996,1636103468653991,4.368777283898306,-45.0
A996,1636103468667036,4.381049130201391,-45.0
A996,1636103468672033,4.424000592262189,-45.0
A996,1636103468680752,4.417864669110647,-45.0
A996,1636103468692993,4.424000592262189,-45.0
A996,1636103468701618,4.430136515413731,-45.0
A996,1636103468709680,4.466952054322987,-45.0
A996,1636103468718405,4.473087977474529,-45.0
A996,1636103468728607,4.503767593232243,-45.0
A996,1636103468736213,4.522175362686871,-45.0
A996,1636103468744621,4.516039439535327,-45.0
A996,1636103468753324,4.571262747899211,-45.5
A996,1636103468762226,4.589670517353839,-45.5
A996,1636103468774659,4.595806440505381,-45.0
A996,1636103468780521,4.632621979414636,-45.5
A996,1636103468787391,4.638757902566179,-45.0
A996,1636103468800688,4.608078286808466,-45.5
A996,1636103468809391,4.614214209960009,-45.5
A996,1636103468819636,4.595806440505381,-45.5
A996,1636103468826639,4.626486056263094,-45.5
A996,1636103468835709,4.589670517353839,-45.0
A996,1636103468844370,4.589670517353839,-45.5
A996,1636103468853237,4.571262747899211,-45.5
A996,1636103468862204,4.565126824747668,-45.5
A996,1636103468873059,4.528311285838413,-45.5
A996,1636103468878727,4.485359823777615,-45.5
A996,1636103468890122,4.460816131171445,-45.5
A996,1636103468897617,4.430136515413731,-45.5
A996,1636103468905827,4.411728745959104,-45.5
A996,1636103468915465,4.362641360746763,-46.0
A996,1636103468925424,4.295146206079795,-46.0
A996,1636103468934099,4.25833066717054,-46.0
A996,1636103468940624,4.221515128261284,-46.0
A996,1636103468948680,4.147884050442774,-46.5
A996,1636103468958321,4.104932588381976,-46.5
A996,1636103468971571,3.9392626632903265,-47.0
A996,1636103468976941,3.8963112012295285,-47.5
A996,1636103468986355,3.761320891895592,-47.0
A996,1636103468996562,3.6386024288647407,-47.0
A996,1636103469005022,3.5772431973493153,-47.0
A996,1636103469013971,3.4606606574700063,-47.5
A996,1636103469025117,3.3379421944391554,-47.5
A996,1636103469032189,3.2827188860752723,-47.5
A996,1636103469041158,3.1661363461959633,-48.0
A996,1636103469050001,3.0802334220743677,-48.0
A996,1636103469059455,3.000466421104314,-48.0
A996,1636103469069804,2.8838838812250054,-48.0
A996,1636103469077252,2.7979809571034093,-48.0
A996,1636103469086737,2.736621725587984,-48.0
A996,1636103469093814,2.6568547246179306,-48.0
A996,1636103469102282,2.6016314162540475,-48.0
A996,1636103469114159,2.521864415283994,-48.0
A996,1636103469121424,2.454369260617026,-48.5
A996,1636103469129341,2.386874105950058,-48.5
A996,1636103469140719,2.325514874434632,-48.5
A996,1636103469146656,2.2641556429192065,-48.5
A996,1636103469157089,2.2150682577068657,-48.5
A996,1636103469163723,2.1782527187976104,-48.5
A996,1636103469172904,2.141437179888355,-48.5
A996,1636103469184131,2.0923497946760143,-48.5
A996,1636103469192505,2.067806102069844,-48.5
A996,1636103469201945,2.061670178918302,-48.5
A996,1636103469212760,2.030990563160589,-48.5
A996,1636103469222350,1.9941750242513334,-48.0
A996,1636103469229277,2.0064468705544187,-48.0
A996,1636103469238241,1.9941750242513334,-48.5
A996,1636103469248668,1.9880391010997909,-48.5
A996,1636103469257643,1.9634954084936207,-48.5
A996,1636103469262563,1.9757672547967058,-48.5
A996,1636103469275953,1.9880391010997909,-48.5
A996,1636103469284221,1.9819031779482483,-48.5
A996,1636103469294970,1.9696313316451632,-48.5
A996,1636103469303707,1.9757672547967058,-48.0
A996,1636103469311376,1.9757672547967058,-48.5
A996,1636103469319998,1.9573594853420782,-48.5
A996,1636103469330875,1.9819031779482483,-48.5
A996,1636103469338091,1.9696313316451632,-48.5
A996,1636103469349252,1.9696313316451632,-48.0
A996,1636103469357760,1.9634954084936207,-48.5
A996,1636103469365601,1.945087639038993,-48.0
A996,1636103469376271,1.945087639038993,-48.5
A996,1636103469383526,1.9634954084936207,-48.5
A996,1636103469391724,1.945087639038993,-48.5
A996,1636103469403995,1.932815792735908,-48.5
A996,1636103469412548,1.9696313316451632,-48.5
A996,1636103469421727,1.9696313316451632,-48.0
A996,1636103469429542,1.9512235621905356,-48.5
A996,1636103469436536,1.9880391010997909,-48.0
A996,1636103469446013,1.9941750242513334,-48.5
A996,1636103469455642,2.018718716857504,-48.5
A996,1636103469464074,2.0493983326152168,-48.5
A996,1636103469474981,2.073942025221387,-48.5
A996,1636103469484395,2.098485717827557,-48.5
A996,1636103469494160,2.141437179888355,-48.5
A996,1636103469501573,2.1475731030398975,-48.5
A996,1636103469510472,2.184388641949153,-48.5
A996,1636103469517976,2.184388641949153,-48.5
A996,1636103469526469,2.2089323345553233,-48.5
A996,1636103469534505,2.2212041808584084,-48.5
A996,1636103469545255,2.2641556429192065,-48.5
A996,1636103469554145,2.282563412373834,-48.5
A996,1636103469563449,2.3193789512830896,-48.5
A996,1636103469577834,2.337786720737717,-48.5
A996,1636103469587731,2.350058567040802,-48.5
A996,1636103469597257,2.399145952253143,-48.5
A996,1636103469604820,2.405281875404685,-48.5
A996,1636103469617040,2.442097414313941,-48.0
A996,1636103469620924,2.4605051837685683,-48.5
A996,1636103469632918,2.4911847995262812,-48.5
A996,1636103469642703,2.509592568980909,-48.0
A996,1636103469649600,2.521864415283994,-48.0
A996,1636103469660757,2.564815877344792,-48.0
A996,1636103469668170,2.5832236467994196,-48.0
A996,1636103469675530,2.5954954931025047,-48.0
A996,1636103469684676,2.6016314162540475,-48.0
A996,1636103469692659,2.6323110320117604,-48.0
A996,1636103469704096,2.650718801466388,-48.0
A996,1636103469714463,2.662990647769473,-48.0
A996,1636103469723014,2.6691265709210157,-48.0
A996,1636103469732888,2.693670263527186,-48.0
A996,1636103469738029,2.6998061866787286,-48.0
A996,1636103469749257,2.705942109830271,-48.0
A996,1636103469758453,2.7120780329818137,-47.5
A996,1636103469764958,2.718213956133356,-47.5
A996,1636103469773856,2.730485802436441,-48.0
A996,1636103469783028,2.748893571891069,-48.0
A996,1636103469793049,2.804116880254952,-48.0
A996,1636103469801974,2.779573187648782,-47.5
A996,1636103469809643,2.82252464970958,-47.5
A996,1636103469821472,2.84706834231575,-47.5
A996,1636103469828999,2.8532042654672924,-48.0
A996,1636103469839520,2.9268353432858034,-47.5
A996,1636103469845084,2.9145634969827183,-47.5
A996,1636103469856894,2.9697868053466014,-48.0
A996,1636103469866867,2.9943304979527716,-48.0
A996,1636103469876680,3.0372819600135696,-48.0
A996,1636103469883887,3.074097498922825,-48.0
A996,1636103469892384,3.074097498922825,-48.0
A996,1636103469903896,3.11091303783208,-48.0
A996,1636103469913437,3.129320807286708,-48.0
A996,1636103469923208,3.160000423044421,-48.0
A996,1636103469927492,3.1906800388021335,-48.0
A996,1636103469937698,3.2213596545598464,-48.0
A996,1636103469949136,3.2336315008629315,-48.0
A996,1636103469957089,3.2520392703175593,-47.5
A996,1636103469968205,3.2949907323783574,-47.5
A996,1636103469973845,3.2888548092268146,-47.5
A996,1636103469983487,3.3318062712876126,-47.5
A996,1636103469990835,3.3318062712876126,-47.5
A996,1636103470001711,3.3870295796514958,-47.0
A996,1636103470011697,3.3870295796514958,-47.0
A996,1636103470021118,3.429981041712294,-47.0
A996,1636103470029998,3.448388811166921,-47.0
A996,1636103470038595,3.448388811166921,-47.0
A996,1636103470045655,3.472932503773092,-47.5
A996,1636103470057924,3.472932503773092,-47.0
A996,1636103470062902,3.4913402732277192,-47.0
A996,1636103470075962,3.485204350076177,-47.0
A996,1636103470083206,3.479068426924634,-47.0
A996,1636103470092993,3.497476196379262,-47.0
A996,1636103470102113,3.509748042682347,-47.0
A996,1636103470109200,3.479068426924634,-47.0
A996,1636103470119419,3.497476196379262,-47.0
A996,1636103470127309,3.5036121195308043,-47.0
A996,1636103470136213,3.5036121195308043,-47.0
A996,1636103470143317,3.509748042682347,-47.0
A996,1636103470155969,3.509748042682347,-47.0
A996,1636103470166004,3.522019888985432,-47.0
A996,1636103470173417,3.497476196379262,-47.0
A996,1636103470181622,3.5342917352885173,-47.0
A996,1636103470188781,3.509748042682347,-47.0
A996,1636103470198525,3.5281558121369745,-47.0
A996,1636103470208523,3.4913402732277192,-47.0
A996,1636103470216374,3.509748042682347,-47.0
A996,1636103470226325,3.485204350076177,-47.0
A996,1636103470234372,3.497476196379262,-47.0
A996,1636103470243354,3.485204350076177,-47.0
A996,1636103470250247,3.485204350076177,-47.0
A996,1636103470258933,3.479068426924634,-47.0
A996,1636103470269067,3.472932503773092,-47.0
A996,1636103470280165,3.4606606574700063,-47.0
A996,1636103470290199,3.448388811166921,-47.0
A996,1636103470296694,3.454524734318464,-47.0
A996,1636103470308354,3.448388811166921,-47.0
A996,1636103470316429,3.429981041712294,-47.0
A996,1636103470324272,3.399301425954581,-47.5
A996,1636103470334085,3.4054373491061236,-47.5
A996,1636103470340787,3.399301425954581,-47.0
A996,1636103470351877,3.368621810196868,-47.5
A996,1636103470361029,3.3747577333484107,-47.5
A996,1636103470368804,3.356349963893783,-47.5
A996,1636103470377499,3.356349963893783,-47.5
A996,1636103470387590,3.313398501832985,-47.5
A996,1636103470397947,3.3072625786814425,-47.5
A996,1636103470406208,3.2827188860752723,-47.5
A996,1636103470416630,3.2643111166206444,-47.5
A996,1636103470424916,3.2397674240144743,-47.5
A996,1636103470431892,3.227495577711389,-48.0
A996,1636103470442692,3.2336315008629315,-48.0
A996,1636103470451857,3.2029518851052186,-47.5
A996,1636103470460239,3.2029518851052186,-48.0
A996,1636103470466609,3.2029518851052186,-48.0
A996,1636103470475523,3.1784081924990484,-48.0
A996,1636103470484469,3.1661363461959633,-47.5
A996,1636103470495417,3.1784081924990484,-48.0
A996,1636103470502019,3.1354567304382504,-48.0
A996,1636103470512439,3.1354567304382504,-48.0
A996,1636103470521839,3.1231848841351653,-48.0
A996,1636103470532105,3.129320807286708,-48.0
A996,1636103470540510,3.129320807286708,-48.0
A996,1636103470551325,3.147728576741336,-48.0
A996,1636103470560517,3.160000423044421,-48.0
A996,1636103470567924,3.153864499892878,-48.0
A996,1636103470573266,3.172272269347506,-48.0
A996,1636103470582364,3.1968159619536762,-48.0
A996,1636103470594212,3.2213596545598464,-48.0
A996,1636103470600151,3.2459033471660166,-48.0
A996,1636103470611472,3.2643111166206444,-48.0
A996,1636103470621924,3.2827188860752723,-47.5
A996,1636103470630496,3.2949907323783574,-47.5
A996,1636103470640065,3.3318062712876126,-47.5
A996,1636103470645937,3.3502140407422405,-47.5
A996,1636103470655372,3.356349963893783,-47.5
A996,1636103470666054,3.368621810196868,-47.0
A996,1636103470671975,3.3870295796514958,-47.5
A996,1636103470681412,3.399301425954581,-47.5
A996,1636103470691495,3.4054373491061236,-47.5
